"Lead_Author","Year","Journal","Vol.","Pages","Title","Web_Link","Published_Sample_ID","Country_State","Region","Continent","Major_Geographic_Geologic_Description","Formation","Locality","Latitude","Longitude","Depos. Age (纪)","Depos. Age (世)","Max. Depos. Age (Ma)","Est. Depos. Age (Ma)","Min. Depos. Age (Ma)","Mineral","Mass Spectrometer","Spectrometer Location","Institution","Spectrometer Model","Class-1 Rock Type","Class-2 Rock Type","Class-3 Rock Type","U-Pb Record Count","Sample&Grain","Spot","Spot diam. (μm)","206Pb/238U  isotope ratio","206Pb/238U uncertainty (±1σ)","207Pb/235U  isotope ratio","207Pb/235U uncertainty (±1σ)","207Pb/206Pb  isotope ratio","207Pb/206Pb uncertainty (±1σ)","Published 206Pb/238U age (Ma)","Published 206Pb/238U 1σ uncert.","Published 207Pb/235U age (Ma)","Published 207Pb/235U 1σ uncert.","Published 207Pb/206Pb age (Ma)","Published 207Pb/206Pb 1σ uncert.","Best Age","Best_Age_uncertainty_1sigma","Discord ratio","U(ppm)","Th（ppm）","Pb（ppm）","Th/U","Mass_Spectrometer","Class_2_Rock_Type","U_Pb_Record_Count","Sample_Grain","Sedimentary profile","Depos. Age (期)","Minor_Geologic_Geographic_Unit","208Pb/232Th  isotope ratio","208Pb/232Th uncertainty (±1σ)","Comment","Published 206Pb/238U 2σ uncert.","Published 207Pb/235U 2σ uncert.","U/Th","Published 207Pb/206Pb 2σ uncert.","Ref_No.","Unique_Sample_No.","Group","Member","Database_Record_Count","Best_Age_uncertainty_2sigma","Pb204_divide_Pb206","Ref_Sample_Key","Pb206_divide_Pb204"
"Zhang, X et al.","2014","Journal of Asian Earth Sciences","85","0","Provenance analysis of the Miocene accretionary prism of the Hengchun Peninsula, southern Taiwan, and regional geological significance","10.1016/j.jseaes.2014.01.021","ZKX3-22","China","Eastern Asia","Asia","Taiwan Island","Lilungshan Formation","Hengchun Peninsula","22.1477","120.7196","Neogene","Miocene","23.03","14.18","5.33","zircon","LA_ICP_MS","Guangzhou","Key Laboratory of Isotope Geochronology and Geochemistry, Guangzhou Institute of Geochemistry, Chinese Academy of Sciences","Agilent 7500a","detrital","siliciclastic","sandstone","88","ZKX3-22-001","rim","32","0.119373","0.001642","1.041766","0.042291","0.062542","0.002566","726.956576","9.455325","724.795774","21.034759","694.455","88.88","726.956576","9.455325","0.297239","129.054263","119.594648","20.270832","0.9267","LA_ICP_MS","siliciclastic","88","ZKX3-22-001",,,,,,,,,,,,,,,,,,,
"Zhang, X et al.","2014","Journal of Asian Earth Sciences","85","0","Provenance analysis of the Miocene accretionary prism of the Hengchun Peninsula, southern Taiwan, and regional geological significance","10.1016/j.jseaes.2014.01.021","ZKX3-22","China","Eastern Asia","Asia","Taiwan Island","Lilungshan Formation","Hengchun Peninsula","22.1477","120.7196","Neogene","Miocene","23.03","14.18","5.33","zircon","LA_ICP_MS","Guangzhou","Key Laboratory of Isotope Geochronology and Geochemistry, Guangzhou Institute of Geochemistry, Chinese Academy of Sciences","Agilent 7500a","detrital","siliciclastic","sandstone","88","ZKX3-22-003","rim","32","0.312391","0.002986","4.947717","0.11976","0.113589","0.002736","1752.463089","14.665774","1810.435515","20.44796","1857.72","44.29","1857.72","44.29","5.665919","204.866366","89.194543","77.888928","0.435379","LA_ICP_MS","siliciclastic","88","ZKX3-22-003",,,,,,,,,,,,,,,,,,,
"Zhang, X et al.","2014","Journal of Asian Earth Sciences","85","0","Provenance analysis of the Miocene accretionary prism of the Hengchun Peninsula, southern Taiwan, and regional geological significance","10.1016/j.jseaes.2014.01.021","ZKX3-22","China","Eastern Asia","Asia","Taiwan Island","Lilungshan Formation","Hengchun Peninsula","22.1477","120.7196","Neogene","Miocene","23.03","14.18","5.33","zircon","LA_ICP_MS","Guangzhou","Key Laboratory of Isotope Geochronology and Geochemistry, Guangzhou Institute of Geochemistry, Chinese Academy of Sciences","Agilent 7500a","detrital","siliciclastic","sandstone","88","ZKX3-22-004","rim","32","0.135516","0.001782","1.325715","0.048148","0.070886","0.002636","819.254381","10.116077","857.011065","21.023934","953.7","75.925","819.254381","10.116077","4.608664","101.571501","26.619938","15.382114","0.262081","LA_ICP_MS","siliciclastic","88","ZKX3-22-004",,,,,,,,,,,,,,,,,,,
"Zhang, X et al.","2014","Journal of Asian Earth Sciences","85","0","Provenance analysis of the Miocene accretionary prism of the Hengchun Peninsula, southern Taiwan, and regional geological significance","10.1016/j.jseaes.2014.01.021","ZKX3-22","China","Eastern Asia","Asia","Taiwan Island","Lilungshan Formation","Hengchun Peninsula","22.1477","120.7196","Neogene","Miocene","23.03","14.18","5.33","zircon","LA_ICP_MS","Guangzhou","Key Laboratory of Isotope Geochronology and Geochemistry, Guangzhou Institute of Geochemistry, Chinese Academy of Sciences","Agilent 7500a","detrital","siliciclastic","sandstone","88","ZKX3-22-005","rim","32","0.440705","0.004008","10.192586","0.224938","0.166393","0.003552","2353.798046","17.933883","2452.405562","20.40895","2521.91","35.0325","2521.91","35.0325","6.666057","761.484822","1171.430226","522.939352","1.53835","LA_ICP_MS","siliciclastic","88","ZKX3-22-005",,,,,,,,,,,,,,,,,,,
"Zhang, X et al.","2014","Journal of Asian Earth Sciences","85","0","Provenance analysis of the Miocene accretionary prism of the Hengchun Peninsula, southern Taiwan, and regional geological significance","10.1016/j.jseaes.2014.01.021","ZKX3-22","China","Eastern Asia","Asia","Taiwan Island","Lilungshan Formation","Hengchun Peninsula","22.1477","120.7196","Neogene","Miocene","23.03","14.18","5.33","zircon","LA_ICP_MS","Guangzhou","Key Laboratory of Isotope Geochronology and Geochemistry, Guangzhou Institute of Geochemistry, Chinese Academy of Sciences","Agilent 7500a","detrital","siliciclastic","sandstone","88","ZKX3-22-006","rim","32","0.054213","0.000654","0.405348","0.01715","0.054329","0.002328","340.332916","3.999945","345.519505","12.391604","383.385","96.285","340.332916","3.999945","1.523975","222.837073","112.186664","14.31866","0.503447","LA_ICP_MS","siliciclastic","88","ZKX3-22-006",,,,,,,,,,,,,,,,,,,
"Zhang, X et al.","2014","Journal of Asian Earth Sciences","85","0","Provenance analysis of the Miocene accretionary prism of the Hengchun Peninsula, southern Taiwan, and regional geological significance","10.1016/j.jseaes.2014.01.021","ZKX3-22","China","Eastern Asia","Asia","Taiwan Island","Lilungshan Formation","Hengchun Peninsula","22.1477","120.7196","Neogene","Miocene","23.03","14.18","5.33","zircon","LA_ICP_MS","Guangzhou","Key Laboratory of Isotope Geochronology and Geochemistry, Guangzhou Institute of Geochemistry, Chinese Academy of Sciences","Agilent 7500a","detrital","siliciclastic","sandstone","88","ZKX3-22-008","rim","32","0.313716","0.003491","5.023978","0.10905","0.115381","0.002341","1758.968119","17.129527","1823.371987","18.383187","1887.04","35.9525","1887.04","35.9525","6.786919","1323.684572","149.577711","462.334264","0.113001","LA_ICP_MS","siliciclastic","88","ZKX3-22-008",,,,,,,,,,,,,,,,,,,
"Zhang, X et al.","2014","Journal of Asian Earth Sciences","85","0","Provenance analysis of the Miocene accretionary prism of the Hengchun Peninsula, southern Taiwan, and regional geological significance","10.1016/j.jseaes.2014.01.021","ZKX3-22","China","Eastern Asia","Asia","Taiwan Island","Lilungshan Formation","Hengchun Peninsula","22.1477","120.7196","Neogene","Miocene","23.03","14.18","5.33","zircon","LA_ICP_MS","Guangzhou","Key Laboratory of Isotope Geochronology and Geochemistry, Guangzhou Institute of Geochemistry, Chinese Academy of Sciences","Agilent 7500a","detrital","siliciclastic","sandstone","88","ZKX3-22-009","rim","32","0.333851","0.00367","5.311141","0.1288","0.11464","0.002724","1857.01976","17.7378","1870.656872","20.725116","1875.93","42.435","1875.93","42.435","1.008046","398.900664","113.332099","154.307001","0.284111","LA_ICP_MS","siliciclastic","88","ZKX3-22-009",,,,,,,,,,,,,,,,,,,
"Zhang, X et al.","2014","Journal of Asian Earth Sciences","85","0","Provenance analysis of the Miocene accretionary prism of the Hengchun Peninsula, southern Taiwan, and regional geological significance","10.1016/j.jseaes.2014.01.021","ZKX3-22","China","Eastern Asia","Asia","Taiwan Island","Lilungshan Formation","Hengchun Peninsula","22.1477","120.7196","Neogene","Miocene","23.03","14.18","5.33","zircon","LA_ICP_MS","Guangzhou","Key Laboratory of Isotope Geochronology and Geochemistry, Guangzhou Institute of Geochemistry, Chinese Academy of Sciences","Agilent 7500a","detrital","siliciclastic","sandstone","88","ZKX3-22-010","rim","32","0.456614","0.006053","10.090631","0.311038","0.158602","0.004538","2424.588503","26.786298","2443.113886","28.483959","2442.59","48.4575","2442.59","48.4575","0.736984","122.704027","106.500506","75.714989","0.867946","LA_ICP_MS","siliciclastic","88","ZKX3-22-010",,,,,,,,,,,,,,,,,,,
"Zhang, X et al.","2014","Journal of Asian Earth Sciences","85","0","Provenance analysis of the Miocene accretionary prism of the Hengchun Peninsula, southern Taiwan, and regional geological significance","10.1016/j.jseaes.2014.01.021","ZKX3-22","China","Eastern Asia","Asia","Taiwan Island","Lilungshan Formation","Hengchun Peninsula","22.1477","120.7196","Neogene","Miocene","23.03","14.18","5.33","zircon","LA_ICP_MS","Guangzhou","Key Laboratory of Isotope Geochronology and Geochemistry, Guangzhou Institute of Geochemistry, Chinese Academy of Sciences","Agilent 7500a","detrital","siliciclastic","sandstone","88","ZKX3-22-011","rim","32","0.035947","0.000521","0.248127","0.01536","0.049955","0.002994","227.66076","3.242867","225.0537","12.496566","194.525","136.0925","227.66076","3.242867","1.145151","157.45653","152.484032","7.401055","0.96842","LA_ICP_MS","siliciclastic","88","ZKX3-22-011",,,,,,,,,,,,,,,,,,,
"Zhang, X et al.","2014","Journal of Asian Earth Sciences","85","0","Provenance analysis of the Miocene accretionary prism of the Hengchun Peninsula, southern Taiwan, and regional geological significance","10.1016/j.jseaes.2014.01.021","ZKX3-22","China","Eastern Asia","Asia","Taiwan Island","Lilungshan Formation","Hengchun Peninsula","22.1477","120.7196","Neogene","Miocene","23.03","14.18","5.33","zircon","LA_ICP_MS","Guangzhou","Key Laboratory of Isotope Geochronology and Geochemistry, Guangzhou Institute of Geochemistry, Chinese Academy of Sciences","Agilent 7500a","detrital","siliciclastic","sandstone","88","ZKX3-22-012","rim","32","0.027912","0.000334","0.184494","0.006852","0.047711","0.001763","177.464161","2.093871","171.919893","5.874031","83.425","85.175","177.464161","2.093871","3.124162","667.943966","160.723093","20.431085","0.240624","LA_ICP_MS","siliciclastic","88","ZKX3-22-012",,,,,,,,,,,,,,,,,,,
"Zhang, X et al.","2014","Journal of Asian Earth Sciences","85","0","Provenance analysis of the Miocene accretionary prism of the Hengchun Peninsula, southern Taiwan, and regional geological significance","10.1016/j.jseaes.2014.01.021","ZKX3-22","China","Eastern Asia","Asia","Taiwan Island","Lilungshan Formation","Hengchun Peninsula","22.1477","120.7196","Neogene","Miocene","23.03","14.18","5.33","zircon","LA_ICP_MS","Guangzhou","Key Laboratory of Isotope Geochronology and Geochemistry, Guangzhou Institute of Geochemistry, Chinese Academy of Sciences","Agilent 7500a","detrital","siliciclastic","sandstone","88","ZKX3-22-013","rim","32","0.465687","0.004833","10.30496","0.236338","0.159777","0.003496","2464.618378","21.255534","2462.549217","21.23037","2453.39","41.6675","2453.39","41.6675","0.457668","287.216399","329.18116","192.304506","1.146109","LA_ICP_MS","siliciclastic","88","ZKX3-22-013",,,,,,,,,,,,,,,,,,,
"Zhang, X et al.","2014","Journal of Asian Earth Sciences","85","0","Provenance analysis of the Miocene accretionary prism of the Hengchun Peninsula, southern Taiwan, and regional geological significance","10.1016/j.jseaes.2014.01.021","ZKX3-22","China","Eastern Asia","Asia","Taiwan Island","Lilungshan Formation","Hengchun Peninsula","22.1477","120.7196","Neogene","Miocene","23.03","14.18","5.33","zircon","LA_ICP_MS","Guangzhou","Key Laboratory of Isotope Geochronology and Geochemistry, Guangzhou Institute of Geochemistry, Chinese Academy of Sciences","Agilent 7500a","detrital","siliciclastic","sandstone","88","ZKX3-22-014","rim","32","0.325642","0.003561","5.216114","0.134184","0.11542","0.002698","1817.225891","17.317274","1855.252008","21.921896","1887.04","42.285","1887.04","42.285","3.699662","384.91506","71.485187","145.108114","0.185717","LA_ICP_MS","siliciclastic","88","ZKX3-22-014",,,,,,,,,,,,,,,,,,,
"Zhang, X et al.","2014","Journal of Asian Earth Sciences","85","0","Provenance analysis of the Miocene accretionary prism of the Hengchun Peninsula, southern Taiwan, and regional geological significance","10.1016/j.jseaes.2014.01.021","ZKX3-22","China","Eastern Asia","Asia","Taiwan Island","Lilungshan Formation","Hengchun Peninsula","22.1477","120.7196","Neogene","Miocene","23.03","14.18","5.33","zircon","LA_ICP_MS","Guangzhou","Key Laboratory of Isotope Geochronology and Geochemistry, Guangzhou Institute of Geochemistry, Chinese Academy of Sciences","Agilent 7500a","detrital","siliciclastic","sandstone","88","ZKX3-22-015","rim","32","0.328943","0.003684","4.992753","0.135144","0.109682","0.002797","1833.256902","17.869329","1818.09513","22.901993","1794.445","46.3","1794.445","46.3","2.162892","314.455903","47.468709","116.88876","0.150955","LA_ICP_MS","siliciclastic","88","ZKX3-22-015",,,,,,,,,,,,,,,,,,,
"Zhang, X et al.","2014","Journal of Asian Earth Sciences","85","0","Provenance analysis of the Miocene accretionary prism of the Hengchun Peninsula, southern Taiwan, and regional geological significance","10.1016/j.jseaes.2014.01.021","ZKX3-22","China","Eastern Asia","Asia","Taiwan Island","Lilungshan Formation","Hengchun Peninsula","22.1477","120.7196","Neogene","Miocene","23.03","14.18","5.33","zircon","LA_ICP_MS","Guangzhou","Key Laboratory of Isotope Geochronology and Geochemistry, Guangzhou Institute of Geochemistry, Chinese Academy of Sciences","Agilent 7500a","detrital","siliciclastic","sandstone","88","ZKX3-22-017","rim","32","0.454942","0.00563","9.734197","0.265434","0.153302","0.004102","2417.18539","24.94373","2409.945292","25.113433","2383.03","45.6775","2383.03","45.6775","1.433276","68.712801","115.070279","50.373423","1.674656","LA_ICP_MS","siliciclastic","88","ZKX3-22-017",,,,,,,,,,,,,,,,,,,
"Zhang, X et al.","2014","Journal of Asian Earth Sciences","85","0","Provenance analysis of the Miocene accretionary prism of the Hengchun Peninsula, southern Taiwan, and regional geological significance","10.1016/j.jseaes.2014.01.021","ZKX3-22","China","Eastern Asia","Asia","Taiwan Island","Lilungshan Formation","Hengchun Peninsula","22.1477","120.7196","Neogene","Miocene","23.03","14.18","5.33","zircon","LA_ICP_MS","Guangzhou","Key Laboratory of Isotope Geochronology and Geochemistry, Guangzhou Institute of Geochemistry, Chinese Academy of Sciences","Agilent 7500a","detrital","siliciclastic","sandstone","88","ZKX3-22-018","rim","32","0.323315","0.002984","4.781976","0.120394","0.10514","0.002748","1805.897491","14.536808","1781.738776","21.145657","1716.97","43.5175","1716.97","43.5175","5.179327","496.067761","97.215455","184.003197","0.195972","LA_ICP_MS","siliciclastic","88","ZKX3-22-018",,,,,,,,,,,,,,,,,,,
"Zhang, X et al.","2014","Journal of Asian Earth Sciences","85","0","Provenance analysis of the Miocene accretionary prism of the Hengchun Peninsula, southern Taiwan, and regional geological significance","10.1016/j.jseaes.2014.01.021","ZKX3-22","China","Eastern Asia","Asia","Taiwan Island","Lilungshan Formation","Hengchun Peninsula","22.1477","120.7196","Neogene","Miocene","23.03","14.18","5.33","zircon","LA_ICP_MS","Guangzhou","Key Laboratory of Isotope Geochronology and Geochemistry, Guangzhou Institute of Geochemistry, Chinese Academy of Sciences","Agilent 7500a","detrital","siliciclastic","sandstone","88","ZKX3-22-019","rim","32","0.027934","0.000347","0.187026","0.009775","0.047733","0.002597","177.60611","2.173937","174.088638","8.361372","87.13","122.2","177.60611","2.173937","1.98049","315.421741","178.870199","10.299063","0.567083","LA_ICP_MS","siliciclastic","88","ZKX3-22-019",,,,,,,,,,,,,,,,,,,
"Zhang, X et al.","2014","Journal of Asian Earth Sciences","85","0","Provenance analysis of the Miocene accretionary prism of the Hengchun Peninsula, southern Taiwan, and regional geological significance","10.1016/j.jseaes.2014.01.021","ZKX3-22","China","Eastern Asia","Asia","Taiwan Island","Lilungshan Formation","Hengchun Peninsula","22.1477","120.7196","Neogene","Miocene","23.03","14.18","5.33","zircon","LA_ICP_MS","Guangzhou","Key Laboratory of Isotope Geochronology and Geochemistry, Guangzhou Institute of Geochemistry, Chinese Academy of Sciences","Agilent 7500a","detrital","siliciclastic","sandstone","88","ZKX3-22-020","rim","32","0.163135","0.002131","1.463946","0.051088","0.063084","0.00238","974.173359","11.808209","915.63615","21.056095","710.81","81.4725","974.173359","11.808209","6.008911","489.86113","200.173938","92.20308","0.408634","LA_ICP_MS","siliciclastic","88","ZKX3-22-020",,,,,,,,,,,,,,,,,,,
"Zhang, X et al.","2014","Journal of Asian Earth Sciences","85","0","Provenance analysis of the Miocene accretionary prism of the Hengchun Peninsula, southern Taiwan, and regional geological significance","10.1016/j.jseaes.2014.01.021","ZKX3-22","China","Eastern Asia","Asia","Taiwan Island","Lilungshan Formation","Hengchun Peninsula","22.1477","120.7196","Neogene","Miocene","23.03","14.18","5.33","zircon","LA_ICP_MS","Guangzhou","Key Laboratory of Isotope Geochronology and Geochemistry, Guangzhou Institute of Geochemistry, Chinese Academy of Sciences","Agilent 7500a","detrital","siliciclastic","sandstone","88","ZKX3-22-021","rim","32","0.47312","0.005438","10.408218","0.315954","0.155468","0.004985","2497.230506","23.797065","2471.781431","28.128492","2407.1","54.315","2407.1","54.315","3.744361","54.80531","47.262491","35.391956","0.862371","LA_ICP_MS","siliciclastic","88","ZKX3-22-021",,,,,,,,,,,,,,,,,,,
"Zhang, X et al.","2014","Journal of Asian Earth Sciences","85","0","Provenance analysis of the Miocene accretionary prism of the Hengchun Peninsula, southern Taiwan, and regional geological significance","10.1016/j.jseaes.2014.01.021","ZKX3-22","China","Eastern Asia","Asia","Taiwan Island","Lilungshan Formation","Hengchun Peninsula","22.1477","120.7196","Neogene","Miocene","23.03","14.18","5.33","zircon","LA_ICP_MS","Guangzhou","Key Laboratory of Isotope Geochronology and Geochemistry, Guangzhou Institute of Geochemistry, Chinese Academy of Sciences","Agilent 7500a","detrital","siliciclastic","sandstone","88","ZKX3-22-022","rim","32","0.394389","0.004295","7.045416","0.188956","0.126668","0.003551","2143.152273","19.855827","2117.177712","23.851802","2053.7","49.845","2053.7","49.845","4.355664","150.177333","68.941244","72.36094","0.459066","LA_ICP_MS","siliciclastic","88","ZKX3-22-022",,,,,,,,,,,,,,,,,,,
"Zhang, X et al.","2014","Journal of Asian Earth Sciences","85","0","Provenance analysis of the Miocene accretionary prism of the Hengchun Peninsula, southern Taiwan, and regional geological significance","10.1016/j.jseaes.2014.01.021","ZKX3-22","China","Eastern Asia","Asia","Taiwan Island","Lilungshan Formation","Hengchun Peninsula","22.1477","120.7196","Neogene","Miocene","23.03","14.18","5.33","zircon","LA_ICP_MS","Guangzhou","Key Laboratory of Isotope Geochronology and Geochemistry, Guangzhou Institute of Geochemistry, Chinese Academy of Sciences","Agilent 7500a","detrital","siliciclastic","sandstone","88","ZKX3-22-023","rim","32","0.476","0.005505","10.439341","0.292739","0.156384","0.004539","2509.820066","24.042975","2474.547748","25.989901","2416.97","48.3","2416.97","48.3","3.84159","55.432266","38.367308","34.416628","0.692148","LA_ICP_MS","siliciclastic","88","ZKX3-22-023",,,,,,,,,,,,,,,,,,,
"Zhang, X et al.","2014","Journal of Asian Earth Sciences","85","0","Provenance analysis of the Miocene accretionary prism of the Hengchun Peninsula, southern Taiwan, and regional geological significance","10.1016/j.jseaes.2014.01.021","ZKX3-22","China","Eastern Asia","Asia","Taiwan Island","Lilungshan Formation","Hengchun Peninsula","22.1477","120.7196","Neogene","Miocene","23.03","14.18","5.33","zircon","LA_ICP_MS","Guangzhou","Key Laboratory of Isotope Geochronology and Geochemistry, Guangzhou Institute of Geochemistry, Chinese Academy of Sciences","Agilent 7500a","detrital","siliciclastic","sandstone","88","ZKX3-22-024","rim","32","0.019652","0.000345","0.145244","0.01053","0.054376","0.003916","125.457449","2.183852","137.70426","9.336595","387.09","161.0925","125.457449","2.183852","9.761725","175.754807","108.481673","4.121698","0.617233","LA_ICP_MS","siliciclastic","88","ZKX3-22-024",,,,,,,,,,,,,,,,,,,
"Zhang, X et al.","2014","Journal of Asian Earth Sciences","85","0","Provenance analysis of the Miocene accretionary prism of the Hengchun Peninsula, southern Taiwan, and regional geological significance","10.1016/j.jseaes.2014.01.021","ZKX3-22","China","Eastern Asia","Asia","Taiwan Island","Lilungshan Formation","Hengchun Peninsula","22.1477","120.7196","Neogene","Miocene","23.03","14.18","5.33","zircon","LA_ICP_MS","Guangzhou","Key Laboratory of Isotope Geochronology and Geochemistry, Guangzhou Institute of Geochemistry, Chinese Academy of Sciences","Agilent 7500a","detrital","siliciclastic","sandstone","88","ZKX3-22-025","rim","32","0.026083","0.000311","0.180337","0.007125","0.049782","0.002048","165.983948","1.956705","168.350378","6.129662","183.415","96.28","165.983948","1.956705","1.425698","698.525803","124.306604","19.60442","0.177956","LA_ICP_MS","siliciclastic","88","ZKX3-22-025",,,,,,,,,,,,,,,,,,,
"Zhang, X et al.","2014","Journal of Asian Earth Sciences","85","0","Provenance analysis of the Miocene accretionary prism of the Hengchun Peninsula, southern Taiwan, and regional geological significance","10.1016/j.jseaes.2014.01.021","ZKX3-22","China","Eastern Asia","Asia","Taiwan Island","Lilungshan Formation","Hengchun Peninsula","22.1477","120.7196","Neogene","Miocene","23.03","14.18","5.33","zircon","LA_ICP_MS","Guangzhou","Key Laboratory of Isotope Geochronology and Geochemistry, Guangzhou Institute of Geochemistry, Chinese Academy of Sciences","Agilent 7500a","detrital","siliciclastic","sandstone","88","ZKX3-22-026","rim","32","0.423308","0.008396","8.974615","0.309358","0.151265","0.004214","2275.479197","38.027368","2335.425097","31.501748","2361.115","42.4375","2361.115","42.4375","3.626922","215.442039","80.851094","102.584014","0.37528","LA_ICP_MS","siliciclastic","88","ZKX3-22-026",,,,,,,,,,,,,,,,,,,
"Zhang, X et al.","2014","Journal of Asian Earth Sciences","85","0","Provenance analysis of the Miocene accretionary prism of the Hengchun Peninsula, southern Taiwan, and regional geological significance","10.1016/j.jseaes.2014.01.021","ZKX3-22","China","Eastern Asia","Asia","Taiwan Island","Lilungshan Formation","Hengchun Peninsula","22.1477","120.7196","Neogene","Miocene","23.03","14.18","5.33","zircon","LA_ICP_MS","Guangzhou","Key Laboratory of Isotope Geochronology and Geochemistry, Guangzhou Institute of Geochemistry, Chinese Academy of Sciences","Agilent 7500a","detrital","siliciclastic","sandstone","88","ZKX3-22-028","rim","32","0.028795","0.000393","0.203782","0.011493","0.05158","0.003065","183.002325","2.464747","188.321052","9.694462","333.39","137.02","183.002325","2.464747","2.906371","226.320141","107.085051","7.730892","0.473157","LA_ICP_MS","siliciclastic","88","ZKX3-22-028",,,,,,,,,,,,,,,,,,,
"Zhang, X et al.","2014","Journal of Asian Earth Sciences","85","0","Provenance analysis of the Miocene accretionary prism of the Hengchun Peninsula, southern Taiwan, and regional geological significance","10.1016/j.jseaes.2014.01.021","ZKX3-22","China","Eastern Asia","Asia","Taiwan Island","Lilungshan Formation","Hengchun Peninsula","22.1477","120.7196","Neogene","Miocene","23.03","14.18","5.33","zircon","LA_ICP_MS","Guangzhou","Key Laboratory of Isotope Geochronology and Geochemistry, Guangzhou Institute of Geochemistry, Chinese Academy of Sciences","Agilent 7500a","detrital","siliciclastic","sandstone","88","ZKX3-22-029","rim","32","0.029038","0.000382","0.20474","0.010362","0.051046","0.002662","184.525131","2.392821","189.128809","8.733717","242.66","124.9825","184.525131","2.392821","2.494879","256.427089","99.465155","8.730474","0.387889","LA_ICP_MS","siliciclastic","88","ZKX3-22-029",,,,,,,,,,,,,,,,,,,
"Zhang, X et al.","2014","Journal of Asian Earth Sciences","85","0","Provenance analysis of the Miocene accretionary prism of the Hengchun Peninsula, southern Taiwan, and regional geological significance","10.1016/j.jseaes.2014.01.021","ZKX3-22","China","Eastern Asia","Asia","Taiwan Island","Lilungshan Formation","Hengchun Peninsula","22.1477","120.7196","Neogene","Miocene","23.03","14.18","5.33","zircon","LA_ICP_MS","Guangzhou","Key Laboratory of Isotope Geochronology and Geochemistry, Guangzhou Institute of Geochemistry, Chinese Academy of Sciences","Agilent 7500a","detrital","siliciclastic","sandstone","88","ZKX3-22-030","rim","32","0.369605","0.004247","6.147385","0.184565","0.11976","0.00367","2027.54266","19.991362","1997.001114","26.225864","1953.71","54.165","1953.71","54.165","3.7791","745.321592","257.656159","333.729488","0.345698","LA_ICP_MS","siliciclastic","88","ZKX3-22-030",,,,,,,,,,,,,,,,,,,
"Zhang, X et al.","2014","Journal of Asian Earth Sciences","85","0","Provenance analysis of the Miocene accretionary prism of the Hengchun Peninsula, southern Taiwan, and regional geological significance","10.1016/j.jseaes.2014.01.021","ZKX3-22","China","Eastern Asia","Asia","Taiwan Island","Lilungshan Formation","Hengchun Peninsula","22.1477","120.7196","Neogene","Miocene","23.03","14.18","5.33","zircon","LA_ICP_MS","Guangzhou","Key Laboratory of Isotope Geochronology and Geochemistry, Guangzhou Institute of Geochemistry, Chinese Academy of Sciences","Agilent 7500a","detrital","siliciclastic","sandstone","88","ZKX3-22-031","rim","32","0.120584","0.001522","1.079759","0.045942","0.064699","0.00267","733.922631","8.753145","743.516077","22.433498","764.82","87.0275","733.922631","8.753145","1.307147","126.005707","334.227126","27.595209","2.652476","LA_ICP_MS","siliciclastic","88","ZKX3-22-031",,,,,,,,,,,,,,,,,,,
"Zhang, X et al.","2014","Journal of Asian Earth Sciences","85","0","Provenance analysis of the Miocene accretionary prism of the Hengchun Peninsula, southern Taiwan, and regional geological significance","10.1016/j.jseaes.2014.01.021","ZKX3-22","China","Eastern Asia","Asia","Taiwan Island","Lilungshan Formation","Hengchun Peninsula","22.1477","120.7196","Neogene","Miocene","23.03","14.18","5.33","zircon","LA_ICP_MS","Guangzhou","Key Laboratory of Isotope Geochronology and Geochemistry, Guangzhou Institute of Geochemistry, Chinese Academy of Sciences","Agilent 7500a","detrital","siliciclastic","sandstone","88","ZKX3-22-032","rim","32","0.333647","0.003539","5.441129","0.132211","0.118019","0.002701","1856.03427","17.106607","1891.357961","20.844735","1927.785","41.82","1927.785","41.82","3.721926","387.437531","58.5769","145.165134","0.151191","LA_ICP_MS","siliciclastic","88","ZKX3-22-032",,,,,,,,,,,,,,,,,,,
"Zhang, X et al.","2014","Journal of Asian Earth Sciences","85","0","Provenance analysis of the Miocene accretionary prism of the Hengchun Peninsula, southern Taiwan, and regional geological significance","10.1016/j.jseaes.2014.01.021","ZKX3-22","China","Eastern Asia","Asia","Taiwan Island","Lilungshan Formation","Hengchun Peninsula","22.1477","120.7196","Neogene","Miocene","23.03","14.18","5.33","zircon","LA_ICP_MS","Guangzhou","Key Laboratory of Isotope Geochronology and Geochemistry, Guangzhou Institute of Geochemistry, Chinese Academy of Sciences","Agilent 7500a","detrital","siliciclastic","sandstone","88","ZKX3-22-033","rim","32","0.034829","0.00035","0.24946","0.007772","0.051901","0.00157","220.70045","2.180169","226.13771","6.315978","279.69","70.3625","220.70045","2.180169","2.463638","892.067959","409.142457","36.292329","0.458645","LA_ICP_MS","siliciclastic","88","ZKX3-22-033",,,,,,,,,,,,,,,,,,,
"Zhang, X et al.","2014","Journal of Asian Earth Sciences","85","0","Provenance analysis of the Miocene accretionary prism of the Hengchun Peninsula, southern Taiwan, and regional geological significance","10.1016/j.jseaes.2014.01.021","ZKX3-22","China","Eastern Asia","Asia","Taiwan Island","Lilungshan Formation","Hengchun Peninsula","22.1477","120.7196","Neogene","Miocene","23.03","14.18","5.33","zircon","LA_ICP_MS","Guangzhou","Key Laboratory of Isotope Geochronology and Geochemistry, Guangzhou Institute of Geochemistry, Chinese Academy of Sciences","Agilent 7500a","detrital","siliciclastic","sandstone","88","ZKX3-22-034","rim","32","0.32082","0.003116","5.057748","0.135015","0.114417","0.002932","1793.731055","15.206036","1829.048193","22.634554","1872.225","41.665","1872.225","41.665","4.192549","121.447487","51.419892","47.148701","0.423392","LA_ICP_MS","siliciclastic","88","ZKX3-22-034",,,,,,,,,,,,,,,,,,,
"Zhang, X et al.","2014","Journal of Asian Earth Sciences","85","0","Provenance analysis of the Miocene accretionary prism of the Hengchun Peninsula, southern Taiwan, and regional geological significance","10.1016/j.jseaes.2014.01.021","ZKX3-22","China","Eastern Asia","Asia","Taiwan Island","Lilungshan Formation","Hengchun Peninsula","22.1477","120.7196","Neogene","Miocene","23.03","14.18","5.33","zircon","LA_ICP_MS","Guangzhou","Key Laboratory of Isotope Geochronology and Geochemistry, Guangzhou Institute of Geochemistry, Chinese Academy of Sciences","Agilent 7500a","detrital","siliciclastic","sandstone","88","ZKX3-22-035","rim","32","0.026206","0.000509","0.194628","0.013634","0.054189","0.003604","166.756761","3.197187","180.570571","11.588586","388.94","149.985","166.756761","3.197187","8.283808","125.29329","70.333959","3.965821","0.561355","LA_ICP_MS","siliciclastic","88","ZKX3-22-035",,,,,,,,,,,,,,,,,,,
"Zhang, X et al.","2014","Journal of Asian Earth Sciences","85","0","Provenance analysis of the Miocene accretionary prism of the Hengchun Peninsula, southern Taiwan, and regional geological significance","10.1016/j.jseaes.2014.01.021","ZKX3-22","China","Eastern Asia","Asia","Taiwan Island","Lilungshan Formation","Hengchun Peninsula","22.1477","120.7196","Neogene","Miocene","23.03","14.18","5.33","zircon","LA_ICP_MS","Guangzhou","Key Laboratory of Isotope Geochronology and Geochemistry, Guangzhou Institute of Geochemistry, Chinese Academy of Sciences","Agilent 7500a","detrital","siliciclastic","sandstone","88","ZKX3-22-036","rim","32","0.463902","0.004666","10.323653","0.273333","0.161167","0.003998","2456.765596","20.546711","2464.226753","24.514311","2468.2","41.67","2468.2","41.67","0.463269","169.876596","85.974148","100.104258","0.506098","LA_ICP_MS","siliciclastic","88","ZKX3-22-036",,,,,,,,,,,,,,,,,,,
"Zhang, X et al.","2014","Journal of Asian Earth Sciences","85","0","Provenance analysis of the Miocene accretionary prism of the Hengchun Peninsula, southern Taiwan, and regional geological significance","10.1016/j.jseaes.2014.01.021","ZKX3-22","China","Eastern Asia","Asia","Taiwan Island","Lilungshan Formation","Hengchun Peninsula","22.1477","120.7196","Neogene","Miocene","23.03","14.18","5.33","zircon","LA_ICP_MS","Guangzhou","Key Laboratory of Isotope Geochronology and Geochemistry, Guangzhou Institute of Geochemistry, Chinese Academy of Sciences","Agilent 7500a","detrital","siliciclastic","sandstone","88","ZKX3-22-037","rim","32","0.131013","0.001271","1.19149","0.034608","0.065717","0.001853","793.639576","7.242133","796.650956","16.036375","798.15","58.1725","793.639576","7.242133","0.379439","326.439325","54.390282","46.576453","0.166617","LA_ICP_MS","siliciclastic","88","ZKX3-22-037",,,,,,,,,,,,,,,,,,,
"Zhang, X et al.","2014","Journal of Asian Earth Sciences","85","0","Provenance analysis of the Miocene accretionary prism of the Hengchun Peninsula, southern Taiwan, and regional geological significance","10.1016/j.jseaes.2014.01.021","ZKX3-22","China","Eastern Asia","Asia","Taiwan Island","Lilungshan Formation","Hengchun Peninsula","22.1477","120.7196","Neogene","Miocene","23.03","14.18","5.33","zircon","LA_ICP_MS","Guangzhou","Key Laboratory of Isotope Geochronology and Geochemistry, Guangzhou Institute of Geochemistry, Chinese Academy of Sciences","Agilent 7500a","detrital","siliciclastic","sandstone","88","ZKX3-22-038","rim","32","0.164236","0.001768","1.646303","0.052199","0.072292","0.002242","980.275368","9.788298","988.133743","20.0312","994.445","62.965","980.275368","9.788298","0.80165","202.702508","116.678616","40.244164","0.575615","LA_ICP_MS","siliciclastic","88","ZKX3-22-038",,,,,,,,,,,,,,,,,,,
"Zhang, X et al.","2014","Journal of Asian Earth Sciences","85","0","Provenance analysis of the Miocene accretionary prism of the Hengchun Peninsula, southern Taiwan, and regional geological significance","10.1016/j.jseaes.2014.01.021","ZKX3-22","China","Eastern Asia","Asia","Taiwan Island","Lilungshan Formation","Hengchun Peninsula","22.1477","120.7196","Neogene","Miocene","23.03","14.18","5.33","zircon","LA_ICP_MS","Guangzhou","Key Laboratory of Isotope Geochronology and Geochemistry, Guangzhou Institute of Geochemistry, Chinese Academy of Sciences","Agilent 7500a","detrital","siliciclastic","sandstone","88","ZKX3-22-039","rim","32","0.309203","0.002717","5.530522","0.151424","0.128442","0.003506","1736.783943","13.378542","1905.352902","23.548107","2076.845","47.8375","2076.845","47.8375","16.373926","714.356049","84.340109","253.431858","0.118065","LA_ICP_MS","siliciclastic","88","ZKX3-22-039",,,,,,,,,,,,,,,,,,,
"Zhang, X et al.","2014","Journal of Asian Earth Sciences","85","0","Provenance analysis of the Miocene accretionary prism of the Hengchun Peninsula, southern Taiwan, and regional geological significance","10.1016/j.jseaes.2014.01.021","ZKX3-22","China","Eastern Asia","Asia","Taiwan Island","Lilungshan Formation","Hengchun Peninsula","22.1477","120.7196","Neogene","Miocene","23.03","14.18","5.33","zircon","LA_ICP_MS","Guangzhou","Key Laboratory of Isotope Geochronology and Geochemistry, Guangzhou Institute of Geochemistry, Chinese Academy of Sciences","Agilent 7500a","detrital","siliciclastic","sandstone","88","ZKX3-22-040","rim","32","0.130856","0.001664","1.253289","0.044577","0.068574","0.00238","792.745234","9.486709","824.888137","20.090133","887.035","76.8525","792.745234","9.486709","4.054632","304.943685","148.333022","47.271494","0.486428","LA_ICP_MS","siliciclastic","88","ZKX3-22-040",,,,,,,,,,,,,,,,,,,
"Zhang, X et al.","2014","Journal of Asian Earth Sciences","85","0","Provenance analysis of the Miocene accretionary prism of the Hengchun Peninsula, southern Taiwan, and regional geological significance","10.1016/j.jseaes.2014.01.021","ZKX3-22","China","Eastern Asia","Asia","Taiwan Island","Lilungshan Formation","Hengchun Peninsula","22.1477","120.7196","Neogene","Miocene","23.03","14.18","5.33","zircon","LA_ICP_MS","Guangzhou","Key Laboratory of Isotope Geochronology and Geochemistry, Guangzhou Institute of Geochemistry, Chinese Academy of Sciences","Agilent 7500a","detrital","siliciclastic","sandstone","88","ZKX3-22-041","rim","32","0.038708","0.000581","0.287683","0.012362","0.053517","0.002349","244.819489","3.604802","256.73406","9.748456","350.055","99.99","244.819489","3.604802","4.866676","305.602482","177.137608","14.137689","0.579634","LA_ICP_MS","siliciclastic","88","ZKX3-22-041",,,,,,,,,,,,,,,,,,,
"Zhang, X et al.","2014","Journal of Asian Earth Sciences","85","0","Provenance analysis of the Miocene accretionary prism of the Hengchun Peninsula, southern Taiwan, and regional geological significance","10.1016/j.jseaes.2014.01.021","ZKX3-22","China","Eastern Asia","Asia","Taiwan Island","Lilungshan Formation","Hengchun Peninsula","22.1477","120.7196","Neogene","Miocene","23.03","14.18","5.33","zircon","LA_ICP_MS","Guangzhou","Key Laboratory of Isotope Geochronology and Geochemistry, Guangzhou Institute of Geochemistry, Chinese Academy of Sciences","Agilent 7500a","detrital","siliciclastic","sandstone","88","ZKX3-22-042","rim","32","0.33209","0.003478","5.299964","0.14016","0.113669","0.003012","1848.501606","16.831124","1868.857129","22.59376","1858.95","47.84","1858.95","47.84","0.562059","731.273859","298.42639","290.500319","0.408091","LA_ICP_MS","siliciclastic","88","ZKX3-22-042",,,,,,,,,,,,,,,,,,,
"Zhang, X et al.","2014","Journal of Asian Earth Sciences","85","0","Provenance analysis of the Miocene accretionary prism of the Hengchun Peninsula, southern Taiwan, and regional geological significance","10.1016/j.jseaes.2014.01.021","ZKX3-22","China","Eastern Asia","Asia","Taiwan Island","Lilungshan Formation","Hengchun Peninsula","22.1477","120.7196","Neogene","Miocene","23.03","14.18","5.33","zircon","LA_ICP_MS","Guangzhou","Key Laboratory of Isotope Geochronology and Geochemistry, Guangzhou Institute of Geochemistry, Chinese Academy of Sciences","Agilent 7500a","detrital","siliciclastic","sandstone","88","ZKX3-22-043","rim","32","0.327783","0.003185","5.30058","0.143137","0.115106","0.003188","1827.625208","15.462679","1868.956337","23.071499","1883.335","50.0025","1883.335","50.0025","2.958039","223.262961","94.299311","87.298057","0.422369","LA_ICP_MS","siliciclastic","88","ZKX3-22-043",,,,,,,,,,,,,,,,,,,
"Zhang, X et al.","2014","Journal of Asian Earth Sciences","85","0","Provenance analysis of the Miocene accretionary prism of the Hengchun Peninsula, southern Taiwan, and regional geological significance","10.1016/j.jseaes.2014.01.021","ZKX3-22","China","Eastern Asia","Asia","Taiwan Island","Lilungshan Formation","Hengchun Peninsula","22.1477","120.7196","Neogene","Miocene","23.03","14.18","5.33","zircon","LA_ICP_MS","Guangzhou","Key Laboratory of Isotope Geochronology and Geochemistry, Guangzhou Institute of Geochemistry, Chinese Academy of Sciences","Agilent 7500a","detrital","siliciclastic","sandstone","88","ZKX3-22-044","rim","32","0.128387","0.001516","1.201462","0.045136","0.066631","0.002521","778.655625","8.659109","801.260807","20.821116","827.775","78.545","778.655625","8.659109","2.903104","160.216373","64.756703","23.676367","0.404183","LA_ICP_MS","siliciclastic","88","ZKX3-22-044",,,,,,,,,,,,,,,,,,,
"Zhang, X et al.","2014","Journal of Asian Earth Sciences","85","0","Provenance analysis of the Miocene accretionary prism of the Hengchun Peninsula, southern Taiwan, and regional geological significance","10.1016/j.jseaes.2014.01.021","ZKX3-22","China","Eastern Asia","Asia","Taiwan Island","Lilungshan Formation","Hengchun Peninsula","22.1477","120.7196","Neogene","Miocene","23.03","14.18","5.33","zircon","LA_ICP_MS","Guangzhou","Key Laboratory of Isotope Geochronology and Geochemistry, Guangzhou Institute of Geochemistry, Chinese Academy of Sciences","Agilent 7500a","detrital","siliciclastic","sandstone","88","ZKX3-22-045","rim","32","0.037506","0.000467","0.279191","0.013167","0.053132","0.002567","237.354339","2.903785","250.015707","10.451689","344.5","109.2475","237.354339","2.903785","5.334374","358.865617","33.957096","14.242251","0.094623","LA_ICP_MS","siliciclastic","88","ZKX3-22-045",,,,,,,,,,,,,,,,,,,
"Zhang, X et al.","2014","Journal of Asian Earth Sciences","85","0","Provenance analysis of the Miocene accretionary prism of the Hengchun Peninsula, southern Taiwan, and regional geological significance","10.1016/j.jseaes.2014.01.021","ZKX3-22","China","Eastern Asia","Asia","Taiwan Island","Lilungshan Formation","Hengchun Peninsula","22.1477","120.7196","Neogene","Miocene","23.03","14.18","5.33","zircon","LA_ICP_MS","Guangzhou","Key Laboratory of Isotope Geochronology and Geochemistry, Guangzhou Institute of Geochemistry, Chinese Academy of Sciences","Agilent 7500a","detrital","siliciclastic","sandstone","88","ZKX3-22-049","rim","32","0.342434","0.003916","5.627074","0.153979","0.117596","0.003316","1898.368863","18.805013","1920.255272","23.596487","1920.37","50.3075","1920.37","50.3075","1.145672","88.48456","74.7075","40.447426","0.8443","LA_ICP_MS","siliciclastic","88","ZKX3-22-049",,,,,,,,,,,,,,,,,,,
"Zhang, X et al.","2014","Journal of Asian Earth Sciences","85","0","Provenance analysis of the Miocene accretionary prism of the Hengchun Peninsula, southern Taiwan, and regional geological significance","10.1016/j.jseaes.2014.01.021","ZKX3-22","China","Eastern Asia","Asia","Taiwan Island","Lilungshan Formation","Hengchun Peninsula","22.1477","120.7196","Neogene","Miocene","23.03","14.18","5.33","zircon","LA_ICP_MS","Guangzhou","Key Laboratory of Isotope Geochronology and Geochemistry, Guangzhou Institute of Geochemistry, Chinese Academy of Sciences","Agilent 7500a","detrital","siliciclastic","sandstone","88","ZKX3-22-052","rim","32","0.038537","0.000512","0.303105","0.013227","0.057074","0.002603","243.757422","3.177534","268.822415","10.30713","494.485","99.99","243.757422","3.177534","10.282761","339.687848","134.127828","15.24427","0.394856","LA_ICP_MS","siliciclastic","88","ZKX3-22-052",,,,,,,,,,,,,,,,,,,
"Zhang, X et al.","2014","Journal of Asian Earth Sciences","85","0","Provenance analysis of the Miocene accretionary prism of the Hengchun Peninsula, southern Taiwan, and regional geological significance","10.1016/j.jseaes.2014.01.021","ZKX3-22","China","Eastern Asia","Asia","Taiwan Island","Lilungshan Formation","Hengchun Peninsula","22.1477","120.7196","Neogene","Miocene","23.03","14.18","5.33","zircon","LA_ICP_MS","Guangzhou","Key Laboratory of Isotope Geochronology and Geochemistry, Guangzhou Institute of Geochemistry, Chinese Academy of Sciences","Agilent 7500a","detrital","siliciclastic","sandstone","88","ZKX3-22-053","rim","32","0.033765","0.000346","0.234118","0.009975","0.050033","0.002146","214.0717","2.159619","213.592739","8.207324","198.23","99.985","214.0717","2.159619","0.223738","466.169571","165.909361","18.289173","0.355899","LA_ICP_MS","siliciclastic","88","ZKX3-22-053",,,,,,,,,,,,,,,,,,,
"Zhang, X et al.","2014","Journal of Asian Earth Sciences","85","0","Provenance analysis of the Miocene accretionary prism of the Hengchun Peninsula, southern Taiwan, and regional geological significance","10.1016/j.jseaes.2014.01.021","ZKX3-22","China","Eastern Asia","Asia","Taiwan Island","Lilungshan Formation","Hengchun Peninsula","22.1477","120.7196","Neogene","Miocene","23.03","14.18","5.33","zircon","LA_ICP_MS","Guangzhou","Key Laboratory of Isotope Geochronology and Geochemistry, Guangzhou Institute of Geochemistry, Chinese Academy of Sciences","Agilent 7500a","detrital","siliciclastic","sandstone","88","ZKX3-22-055","rim","32","0.026478","0.000409","0.199218","0.010269","0.054654","0.002867","168.464436","2.569106","184.463905","8.695093","398.2","123.135","168.464436","2.569106","9.497239","277.546365","76.170241","8.377975","0.274442","LA_ICP_MS","siliciclastic","88","ZKX3-22-055",,,,,,,,,,,,,,,,,,,
"Zhang, X et al.","2014","Journal of Asian Earth Sciences","85","0","Provenance analysis of the Miocene accretionary prism of the Hengchun Peninsula, southern Taiwan, and regional geological significance","10.1016/j.jseaes.2014.01.021","ZKX3-22","China","Eastern Asia","Asia","Taiwan Island","Lilungshan Formation","Hengchun Peninsula","22.1477","120.7196","Neogene","Miocene","23.03","14.18","5.33","zircon","LA_ICP_MS","Guangzhou","Key Laboratory of Isotope Geochronology and Geochemistry, Guangzhou Institute of Geochemistry, Chinese Academy of Sciences","Agilent 7500a","detrital","siliciclastic","sandstone","88","ZKX3-22-057","rim","32","0.038633","0.000432","0.269605","0.010866","0.049998","0.001934","244.355974","2.682702","242.378208","8.690081","194.525","90.7275","244.355974","2.682702","0.809379","574.255953","135.386778","24.625698","0.23576","LA_ICP_MS","siliciclastic","88","ZKX3-22-057",,,,,,,,,,,,,,,,,,,
"Zhang, X et al.","2014","Journal of Asian Earth Sciences","85","0","Provenance analysis of the Miocene accretionary prism of the Hengchun Peninsula, southern Taiwan, and regional geological significance","10.1016/j.jseaes.2014.01.021","ZKX3-22","China","Eastern Asia","Asia","Taiwan Island","Lilungshan Formation","Hengchun Peninsula","22.1477","120.7196","Neogene","Miocene","23.03","14.18","5.33","zircon","LA_ICP_MS","Guangzhou","Key Laboratory of Isotope Geochronology and Geochemistry, Guangzhou Institute of Geochemistry, Chinese Academy of Sciences","Agilent 7500a","detrital","siliciclastic","sandstone","88","ZKX3-22-058","rim","32","0.356423","0.004102","5.92444","0.142863","0.119186","0.002791","1965.198383","19.49704","1964.824327","20.95206","1944.14","42.75","1944.14","42.75","1.083172","544.476777","181.383137","232.707602","0.333133","LA_ICP_MS","siliciclastic","88","ZKX3-22-058",,,,,,,,,,,,,,,,,,,
"Zhang, X et al.","2014","Journal of Asian Earth Sciences","85","0","Provenance analysis of the Miocene accretionary prism of the Hengchun Peninsula, southern Taiwan, and regional geological significance","10.1016/j.jseaes.2014.01.021","ZKX3-22","China","Eastern Asia","Asia","Taiwan Island","Lilungshan Formation","Hengchun Peninsula","22.1477","120.7196","Neogene","Miocene","23.03","14.18","5.33","zircon","LA_ICP_MS","Guangzhou","Key Laboratory of Isotope Geochronology and Geochemistry, Guangzhou Institute of Geochemistry, Chinese Academy of Sciences","Agilent 7500a","detrital","siliciclastic","sandstone","88","ZKX3-22-059","rim","32","0.316588","0.003761","5.041277","0.153774","0.114357","0.003526","1773.04388","18.41391","1826.283652","25.851","1870.06","55.5575","1870.06","55.5575","5.187861","93.284384","116.10288","43.588932","1.244612","LA_ICP_MS","siliciclastic","88","ZKX3-22-059",,,,,,,,,,,,,,,,,,,
"Zhang, X et al.","2014","Journal of Asian Earth Sciences","85","0","Provenance analysis of the Miocene accretionary prism of the Hengchun Peninsula, southern Taiwan, and regional geological significance","10.1016/j.jseaes.2014.01.021","ZKX3-22","China","Eastern Asia","Asia","Taiwan Island","Lilungshan Formation","Hengchun Peninsula","22.1477","120.7196","Neogene","Miocene","23.03","14.18","5.33","zircon","LA_ICP_MS","Guangzhou","Key Laboratory of Isotope Geochronology and Geochemistry, Guangzhou Institute of Geochemistry, Chinese Academy of Sciences","Agilent 7500a","detrital","siliciclastic","sandstone","88","ZKX3-22-060","rim","32","0.033827","0.000425","0.221987","0.010209","0.047208","0.002218","214.453662","2.652113","203.562476","8.482841","61.205","107.395","214.453662","2.652113","5.078573","371.604685","223.221053","15.424469","0.600695","LA_ICP_MS","siliciclastic","88","ZKX3-22-060",,,,,,,,,,,,,,,,,,,
"Zhang, X et al.","2014","Journal of Asian Earth Sciences","85","0","Provenance analysis of the Miocene accretionary prism of the Hengchun Peninsula, southern Taiwan, and regional geological significance","10.1016/j.jseaes.2014.01.021","ZKX3-22","China","Eastern Asia","Asia","Taiwan Island","Lilungshan Formation","Hengchun Peninsula","22.1477","120.7196","Neogene","Miocene","23.03","14.18","5.33","zircon","LA_ICP_MS","Guangzhou","Key Laboratory of Isotope Geochronology and Geochemistry, Guangzhou Institute of Geochemistry, Chinese Academy of Sciences","Agilent 7500a","detrital","siliciclastic","sandstone","88","ZKX3-22-061","rim","32","0.033757","0.00046","0.219621","0.009546","0.047147","0.002051","214.017324","2.866929","201.594409","7.94745","57.5","109.25","214.017324","2.866929","5.804631","547.862506","148.726692","20.415868","0.271467","LA_ICP_MS","siliciclastic","88","ZKX3-22-061",,,,,,,,,,,,,,,,,,,
"Zhang, X et al.","2014","Journal of Asian Earth Sciences","85","0","Provenance analysis of the Miocene accretionary prism of the Hengchun Peninsula, southern Taiwan, and regional geological significance","10.1016/j.jseaes.2014.01.021","ZKX3-22","China","Eastern Asia","Asia","Taiwan Island","Lilungshan Formation","Hengchun Peninsula","22.1477","120.7196","Neogene","Miocene","23.03","14.18","5.33","zircon","LA_ICP_MS","Guangzhou","Key Laboratory of Isotope Geochronology and Geochemistry, Guangzhou Institute of Geochemistry, Chinese Academy of Sciences","Agilent 7500a","detrital","siliciclastic","sandstone","88","ZKX3-22-062","rim","32","0.045744","0.000608","0.30348","0.014185","0.048312","0.002308","288.337313","3.749907","269.114606","11.050315","122.31","111.09","288.337313","3.749907","6.666743","190.184896","200.085064","11.751355","1.052055","LA_ICP_MS","siliciclastic","88","ZKX3-22-062",,,,,,,,,,,,,,,,,,,
"Zhang, X et al.","2014","Journal of Asian Earth Sciences","85","0","Provenance analysis of the Miocene accretionary prism of the Hengchun Peninsula, southern Taiwan, and regional geological significance","10.1016/j.jseaes.2014.01.021","ZKX3-22","China","Eastern Asia","Asia","Taiwan Island","Lilungshan Formation","Hengchun Peninsula","22.1477","120.7196","Neogene","Miocene","23.03","14.18","5.33","zircon","LA_ICP_MS","Guangzhou","Key Laboratory of Isotope Geochronology and Geochemistry, Guangzhou Institute of Geochemistry, Chinese Academy of Sciences","Agilent 7500a","detrital","siliciclastic","sandstone","88","ZKX3-22-063","rim","32","0.026094","0.00026","0.168051","0.006605","0.046538","0.00187","166.058051","1.631331","157.72651","5.741966","33.43","87.03","166.058051","1.631331","5.017246","657.931408","368.174488","20.777866","0.559594","LA_ICP_MS","siliciclastic","88","ZKX3-22-063",,,,,,,,,,,,,,,,,,,
"Zhang, X et al.","2014","Journal of Asian Earth Sciences","85","0","Provenance analysis of the Miocene accretionary prism of the Hengchun Peninsula, southern Taiwan, and regional geological significance","10.1016/j.jseaes.2014.01.021","ZKX3-22","China","Eastern Asia","Asia","Taiwan Island","Lilungshan Formation","Hengchun Peninsula","22.1477","120.7196","Neogene","Miocene","23.03","14.18","5.33","zircon","LA_ICP_MS","Guangzhou","Key Laboratory of Isotope Geochronology and Geochemistry, Guangzhou Institute of Geochemistry, Chinese Academy of Sciences","Agilent 7500a","detrital","siliciclastic","sandstone","88","ZKX3-22-065","rim","32","0.301041","0.003411","4.615712","0.11376","0.110203","0.002597","1696.467439","16.902491","1752.112922","20.571862","1802.775","47.225","1802.775","47.225","5.896885","407.319576","134.492905","144.778533","0.33019","LA_ICP_MS","siliciclastic","88","ZKX3-22-065",,,,,,,,,,,,,,,,,,,
"Zhang, X et al.","2014","Journal of Asian Earth Sciences","85","0","Provenance analysis of the Miocene accretionary prism of the Hengchun Peninsula, southern Taiwan, and regional geological significance","10.1016/j.jseaes.2014.01.021","ZKX3-22","China","Eastern Asia","Asia","Taiwan Island","Lilungshan Formation","Hengchun Peninsula","22.1477","120.7196","Neogene","Miocene","23.03","14.18","5.33","zircon","LA_ICP_MS","Guangzhou","Key Laboratory of Isotope Geochronology and Geochemistry, Guangzhou Institute of Geochemistry, Chinese Academy of Sciences","Agilent 7500a","detrital","siliciclastic","sandstone","88","ZKX3-22-069","rim","32","0.2581","0.002209","3.986235","0.099407","0.111446","0.002741","1480.11615","11.319875","1631.396797","20.245732","1833.335","72.2225","1833.335","72.2225","19.266465","488.789963","86.21884","146.496606","0.176392","LA_ICP_MS","siliciclastic","88","ZKX3-22-069",,,,,,,,,,,,,,,,,,,
"Zhang, X et al.","2014","Journal of Asian Earth Sciences","85","0","Provenance analysis of the Miocene accretionary prism of the Hengchun Peninsula, southern Taiwan, and regional geological significance","10.1016/j.jseaes.2014.01.021","ZKX3-22","China","Eastern Asia","Asia","Taiwan Island","Lilungshan Formation","Hengchun Peninsula","22.1477","120.7196","Neogene","Miocene","23.03","14.18","5.33","zircon","LA_ICP_MS","Guangzhou","Key Laboratory of Isotope Geochronology and Geochemistry, Guangzhou Institute of Geochemistry, Chinese Academy of Sciences","Agilent 7500a","detrital","siliciclastic","sandstone","88","ZKX3-22-070","rim","32","0.298334","0.003567","4.813031","0.150855","0.116437","0.003451","1683.044369","17.712319","1787.177888","26.356225","1902.16","53.3975","1902.16","53.3975","11.519306","236.844288","141.98839","90.808708","0.599501","LA_ICP_MS","siliciclastic","88","ZKX3-22-070",,,,,,,,,,,,,,,,,,,
"Zhang, X et al.","2014","Journal of Asian Earth Sciences","85","0","Provenance analysis of the Miocene accretionary prism of the Hengchun Peninsula, southern Taiwan, and regional geological significance","10.1016/j.jseaes.2014.01.021","ZKX3-22","China","Eastern Asia","Asia","Taiwan Island","Lilungshan Formation","Hengchun Peninsula","22.1477","120.7196","Neogene","Miocene","23.03","14.18","5.33","zircon","LA_ICP_MS","Guangzhou","Key Laboratory of Isotope Geochronology and Geochemistry, Guangzhou Institute of Geochemistry, Chinese Academy of Sciences","Agilent 7500a","detrital","siliciclastic","sandstone","88","ZKX3-22-071","rim","32","0.384456","0.003949","7.092293","0.185218","0.132768","0.003461","2097.064313","18.386073","2123.076736","23.244397","2134.87","45.68","2134.87","45.68","1.770866","199.153681","95.191377","97.507667","0.477979","LA_ICP_MS","siliciclastic","88","ZKX3-22-071",,,,,,,,,,,,,,,,,,,
"Zhang, X et al.","2014","Journal of Asian Earth Sciences","85","0","Provenance analysis of the Miocene accretionary prism of the Hengchun Peninsula, southern Taiwan, and regional geological significance","10.1016/j.jseaes.2014.01.021","ZKX3-22","China","Eastern Asia","Asia","Taiwan Island","Lilungshan Formation","Hengchun Peninsula","22.1477","120.7196","Neogene","Miocene","23.03","14.18","5.33","zircon","LA_ICP_MS","Guangzhou","Key Laboratory of Isotope Geochronology and Geochemistry, Guangzhou Institute of Geochemistry, Chinese Academy of Sciences","Agilent 7500a","detrital","siliciclastic","sandstone","88","ZKX3-22-072","rim","32","0.257217","0.00275","3.655743","0.108398","0.102245","0.003066","1475.585205","14.09907","1561.762275","23.645109","1665.12","55.555","1665.12","55.555","11.382651","119.348099","58.348545","38.870705","0.488894","LA_ICP_MS","siliciclastic","88","ZKX3-22-072",,,,,,,,,,,,,,,,,,,
"Zhang, X et al.","2014","Journal of Asian Earth Sciences","85","0","Provenance analysis of the Miocene accretionary prism of the Hengchun Peninsula, southern Taiwan, and regional geological significance","10.1016/j.jseaes.2014.01.021","ZKX3-22","China","Eastern Asia","Asia","Taiwan Island","Lilungshan Formation","Hengchun Peninsula","22.1477","120.7196","Neogene","Miocene","23.03","14.18","5.33","zircon","LA_ICP_MS","Guangzhou","Key Laboratory of Isotope Geochronology and Geochemistry, Guangzhou Institute of Geochemistry, Chinese Academy of Sciences","Agilent 7500a","detrital","siliciclastic","sandstone","88","ZKX3-22-073","rim","32","0.451786","0.008861","10.288915","0.432902","0.166191","0.007148","2403.189398","39.345438","2461.10704","38.956502","2519.445","72.5325","2519.445","72.5325","4.614334","11.919297","5.482157","6.881118","0.45994","LA_ICP_MS","siliciclastic","88","ZKX3-22-073",,,,,,,,,,,,,,,,,,,
"Zhang, X et al.","2014","Journal of Asian Earth Sciences","85","0","Provenance analysis of the Miocene accretionary prism of the Hengchun Peninsula, southern Taiwan, and regional geological significance","10.1016/j.jseaes.2014.01.021","ZKX3-22","China","Eastern Asia","Asia","Taiwan Island","Lilungshan Formation","Hengchun Peninsula","22.1477","120.7196","Neogene","Miocene","23.03","14.18","5.33","zircon","LA_ICP_MS","Guangzhou","Key Laboratory of Isotope Geochronology and Geochemistry, Guangzhou Institute of Geochemistry, Chinese Academy of Sciences","Agilent 7500a","detrital","siliciclastic","sandstone","88","ZKX3-22-075","rim","32","0.300596","0.00419","4.219279","0.14665","0.100248","0.003548","1694.265276","20.767778","1677.777581","28.537546","1628.7","66.51","1628.7","66.51","4.02562","119.667778","78.34445","46.164662","0.654683","LA_ICP_MS","siliciclastic","88","ZKX3-22-075",,,,,,,,,,,,,,,,,,,
"Zhang, X et al.","2014","Journal of Asian Earth Sciences","85","0","Provenance analysis of the Miocene accretionary prism of the Hengchun Peninsula, southern Taiwan, and regional geological significance","10.1016/j.jseaes.2014.01.021","ZKX3-22","China","Eastern Asia","Asia","Taiwan Island","Lilungshan Formation","Hengchun Peninsula","22.1477","120.7196","Neogene","Miocene","23.03","14.18","5.33","zircon","LA_ICP_MS","Guangzhou","Key Laboratory of Isotope Geochronology and Geochemistry, Guangzhou Institute of Geochemistry, Chinese Academy of Sciences","Agilent 7500a","detrital","siliciclastic","sandstone","88","ZKX3-22-076","rim","32","0.355705","0.004026","6.641767","0.203406","0.132824","0.004203","1961.781639","19.141424","2064.912291","27.033487","2135.49","55.7125","2135.49","55.7125","8.134356","633.895175","83.180707","266.524408","0.131222","LA_ICP_MS","siliciclastic","88","ZKX3-22-076",,,,,,,,,,,,,,,,,,,
"Zhang, X et al.","2014","Journal of Asian Earth Sciences","85","0","Provenance analysis of the Miocene accretionary prism of the Hengchun Peninsula, southern Taiwan, and regional geological significance","10.1016/j.jseaes.2014.01.021","ZKX3-22","China","Eastern Asia","Asia","Taiwan Island","Lilungshan Formation","Hengchun Peninsula","22.1477","120.7196","Neogene","Miocene","23.03","14.18","5.33","zircon","LA_ICP_MS","Guangzhou","Key Laboratory of Isotope Geochronology and Geochemistry, Guangzhou Institute of Geochemistry, Chinese Academy of Sciences","Agilent 7500a","detrital","siliciclastic","sandstone","88","ZKX3-22-077","rim","32","0.081301","0.002072","0.632555","0.033107","0.055848","0.002691","503.884778","12.351234","497.686273","20.593902","455.6","102.7675","503.884778","12.351234","1.230143","122.08375","62.500797","11.416729","0.51195","LA_ICP_MS","siliciclastic","88","ZKX3-22-077",,,,,,,,,,,,,,,,,,,
"Zhang, X et al.","2014","Journal of Asian Earth Sciences","85","0","Provenance analysis of the Miocene accretionary prism of the Hengchun Peninsula, southern Taiwan, and regional geological significance","10.1016/j.jseaes.2014.01.021","ZKX3-22","China","Eastern Asia","Asia","Taiwan Island","Lilungshan Formation","Hengchun Peninsula","22.1477","120.7196","Neogene","Miocene","23.03","14.18","5.33","zircon","LA_ICP_MS","Guangzhou","Key Laboratory of Isotope Geochronology and Geochemistry, Guangzhou Institute of Geochemistry, Chinese Academy of Sciences","Agilent 7500a","detrital","siliciclastic","sandstone","88","ZKX3-22-078","rim","32","0.508817","0.00731","12.547353","0.386126","0.176236","0.005353","2651.578623","31.2324","2646.282359","28.94827","2617.59","83.4925","2617.59","83.4925","1.29847","32.410239","12.102281","20.891747","0.373409","LA_ICP_MS","siliciclastic","88","ZKX3-22-078",,,,,,,,,,,,,,,,,,,
"Zhang, X et al.","2014","Journal of Asian Earth Sciences","85","0","Provenance analysis of the Miocene accretionary prism of the Hengchun Peninsula, southern Taiwan, and regional geological significance","10.1016/j.jseaes.2014.01.021","ZKX3-22","China","Eastern Asia","Asia","Taiwan Island","Lilungshan Formation","Hengchun Peninsula","22.1477","120.7196","Neogene","Miocene","23.03","14.18","5.33","zircon","LA_ICP_MS","Guangzhou","Key Laboratory of Isotope Geochronology and Geochemistry, Guangzhou Institute of Geochemistry, Chinese Academy of Sciences","Agilent 7500a","detrital","siliciclastic","sandstone","88","ZKX3-22-079","rim","32","0.321524","0.003437","4.890149","0.134485","0.1085","0.00305","1797.166529","16.764551","1800.559706","23.18748","1775.93","51.5425","1775.93","51.5425","1.195798","450.650916","90.607955","165.390563","0.20106","LA_ICP_MS","siliciclastic","88","ZKX3-22-079",,,,,,,,,,,,,,,,,,,
"Zhang, X et al.","2014","Journal of Asian Earth Sciences","85","0","Provenance analysis of the Miocene accretionary prism of the Hengchun Peninsula, southern Taiwan, and regional geological significance","10.1016/j.jseaes.2014.01.021","ZKX3-22","China","Eastern Asia","Asia","Taiwan Island","Lilungshan Formation","Hengchun Peninsula","22.1477","120.7196","Neogene","Miocene","23.03","14.18","5.33","zircon","LA_ICP_MS","Guangzhou","Key Laboratory of Isotope Geochronology and Geochemistry, Guangzhou Institute of Geochemistry, Chinese Academy of Sciences","Agilent 7500a","detrital","siliciclastic","sandstone","88","ZKX3-22-080","rim","32","0.349218","0.00468","5.080764","0.16703","0.103894","0.003425","1930.863954","22.362117","1832.898776","27.898077","1694.75","60.8025","1694.75","60.8025","13.932082","159.31248","11.638276","60.213241","0.073053","LA_ICP_MS","siliciclastic","88","ZKX3-22-080",,,,,,,,,,,,,,,,,,,
"Zhang, X et al.","2014","Journal of Asian Earth Sciences","85","0","Provenance analysis of the Miocene accretionary prism of the Hengchun Peninsula, southern Taiwan, and regional geological significance","10.1016/j.jseaes.2014.01.021","ZKX3-22","China","Eastern Asia","Asia","Taiwan Island","Lilungshan Formation","Hengchun Peninsula","22.1477","120.7196","Neogene","Miocene","23.03","14.18","5.33","zircon","LA_ICP_MS","Guangzhou","Key Laboratory of Isotope Geochronology and Geochemistry, Guangzhou Institute of Geochemistry, Chinese Academy of Sciences","Agilent 7500a","detrital","siliciclastic","sandstone","88","ZKX3-22-081","rim","32","0.351335","0.004113","5.796927","0.166315","0.117314","0.003372","1940.969998","19.619835","1945.951697","24.850547","1916.665","50.77","1916.665","50.77","1.268088","308.103027","43.392988","122.525414","0.140839","LA_ICP_MS","siliciclastic","88","ZKX3-22-081",,,,,,,,,,,,,,,,,,,
"Zhang, X et al.","2014","Journal of Asian Earth Sciences","85","0","Provenance analysis of the Miocene accretionary prism of the Hengchun Peninsula, southern Taiwan, and regional geological significance","10.1016/j.jseaes.2014.01.021","ZKX3-22","China","Eastern Asia","Asia","Taiwan Island","Lilungshan Formation","Hengchun Peninsula","22.1477","120.7196","Neogene","Miocene","23.03","14.18","5.33","zircon","LA_ICP_MS","Guangzhou","Key Laboratory of Isotope Geochronology and Geochemistry, Guangzhou Institute of Geochemistry, Chinese Academy of Sciences","Agilent 7500a","detrital","siliciclastic","sandstone","88","ZKX3-22-082","rim","32","0.408857","0.005167","7.885287","0.253178","0.137191","0.004423","2209.692888","23.642189","2217.999404","28.940227","2192.28","56.1775","2192.28","56.1775","0.794282","46.632739","21.480265","23.604612","0.460626","LA_ICP_MS","siliciclastic","88","ZKX3-22-082",,,,,,,,,,,,,,,,,,,
"Zhang, X et al.","2014","Journal of Asian Earth Sciences","85","0","Provenance analysis of the Miocene accretionary prism of the Hengchun Peninsula, southern Taiwan, and regional geological significance","10.1016/j.jseaes.2014.01.021","ZKX3-22","China","Eastern Asia","Asia","Taiwan Island","Lilungshan Formation","Hengchun Peninsula","22.1477","120.7196","Neogene","Miocene","23.03","14.18","5.33","zircon","LA_ICP_MS","Guangzhou","Key Laboratory of Isotope Geochronology and Geochemistry, Guangzhou Institute of Geochemistry, Chinese Academy of Sciences","Agilent 7500a","detrital","siliciclastic","sandstone","88","ZKX3-22-084","rim","32","0.32145","0.004408","4.552753","0.144803","0.100275","0.003181","1796.806172","21.501971","1740.664854","26.484767","1629.32","58.95","1629.30001","58.96999","10.279514","716.367758","91.102216","253.230864","0.127172","LA_ICP_MS","siliciclastic","88","ZKX3-22-084",,,,,,,,,,,,,,,,,,,
"Zhang, X et al.","2014","Journal of Asian Earth Sciences","85","0","Provenance analysis of the Miocene accretionary prism of the Hengchun Peninsula, southern Taiwan, and regional geological significance","10.1016/j.jseaes.2014.01.021","ZKX3-22","China","Eastern Asia","Asia","Taiwan Island","Lilungshan Formation","Hengchun Peninsula","22.1477","120.7196","Neogene","Miocene","23.03","14.18","5.33","zircon","LA_ICP_MS","Guangzhou","Key Laboratory of Isotope Geochronology and Geochemistry, Guangzhou Institute of Geochemistry, Chinese Academy of Sciences","Agilent 7500a","detrital","siliciclastic","sandstone","88","ZKX3-22-085","rim","32","0.069391","0.00118","0.482153","0.029349","0.049541","0.002986","432.48848","7.114247","399.549264","20.108614","172.305","137.945","432.48848","7.114247","7.616206","97.707577","69.321989","8.23279","0.709484","LA_ICP_MS","siliciclastic","88","ZKX3-22-085",,,,,,,,,,,,,,,,,,,
"Zhang, X et al.","2014","Journal of Asian Earth Sciences","85","0","Provenance analysis of the Miocene accretionary prism of the Hengchun Peninsula, southern Taiwan, and regional geological significance","10.1016/j.jseaes.2014.01.021","ZKX3-22","China","Eastern Asia","Asia","Taiwan Island","Lilungshan Formation","Hengchun Peninsula","22.1477","120.7196","Neogene","Miocene","23.03","14.18","5.33","zircon","LA_ICP_MS","Guangzhou","Key Laboratory of Isotope Geochronology and Geochemistry, Guangzhou Institute of Geochemistry, Chinese Academy of Sciences","Agilent 7500a","detrital","siliciclastic","sandstone","88","ZKX3-22-086","rim","32","0.068335","0.001236","0.481899","0.027471","0.050389","0.002852","426.115026","7.458564","399.375043","18.825033","213.035","131.4625","426.115026","7.458564","6.275297","142.851437","65.326472","11.229432","0.457304","LA_ICP_MS","siliciclastic","88","ZKX3-22-086",,,,,,,,,,,,,,,,,,,
"Zhang, X et al.","2014","Journal of Asian Earth Sciences","85","0","Provenance analysis of the Miocene accretionary prism of the Hengchun Peninsula, southern Taiwan, and regional geological significance","10.1016/j.jseaes.2014.01.021","ZKX3-22","China","Eastern Asia","Asia","Taiwan Island","Lilungshan Formation","Hengchun Peninsula","22.1477","120.7196","Neogene","Miocene","23.03","14.18","5.33","zircon","LA_ICP_MS","Guangzhou","Key Laboratory of Isotope Geochronology and Geochemistry, Guangzhou Institute of Geochemistry, Chinese Academy of Sciences","Agilent 7500a","detrital","siliciclastic","sandstone","88","ZKX3-22-087","rim","32","0.281538","0.004314","3.661793","0.134036","0.0938","0.003642","1599.104212","21.698085","1563.080827","29.202324","1505.555","73.615","1505.555","73.615","6.213603","41.677564","18.928063","14.009214","0.454155","LA_ICP_MS","siliciclastic","88","ZKX3-22-087",,,,,,,,,,,,,,,,,,,
"Zhang, X et al.","2014","Journal of Asian Earth Sciences","85","0","Provenance analysis of the Miocene accretionary prism of the Hengchun Peninsula, southern Taiwan, and regional geological significance","10.1016/j.jseaes.2014.01.021","ZKX3-22","China","Eastern Asia","Asia","Taiwan Island","Lilungshan Formation","Hengchun Peninsula","22.1477","120.7196","Neogene","Miocene","23.03","14.18","5.33","zircon","LA_ICP_MS","Guangzhou","Key Laboratory of Isotope Geochronology and Geochemistry, Guangzhou Institute of Geochemistry, Chinese Academy of Sciences","Agilent 7500a","detrital","siliciclastic","sandstone","88","ZKX3-22-088","rim","32","0.541861","0.005864","13.575259","0.345715","0.178881","0.004568","2791.235785","24.517555","2720.541683","24.088681","2642.29","42.285","2642.29","42.285","5.636996","384.79805","224.448808","268.749514","0.58329","LA_ICP_MS","siliciclastic","88","ZKX3-22-088",,,,,,,,,,,,,,,,,,,
"Zhang, X et al.","2014","Journal of Asian Earth Sciences","85","0","Provenance analysis of the Miocene accretionary prism of the Hengchun Peninsula, southern Taiwan, and regional geological significance","10.1016/j.jseaes.2014.01.021","ZKX3-22","China","Eastern Asia","Asia","Taiwan Island","Lilungshan Formation","Hengchun Peninsula","22.1477","120.7196","Neogene","Miocene","23.03","14.18","5.33","zircon","LA_ICP_MS","Guangzhou","Key Laboratory of Isotope Geochronology and Geochemistry, Guangzhou Institute of Geochemistry, Chinese Academy of Sciences","Agilent 7500a","detrital","siliciclastic","sandstone","88","ZKX3-22-089","rim","32","0.028763","0.000394","0.191496","0.007097","0.047759","0.00175","182.800495","2.46801","177.904754","6.047725","87.13","85.175","182.800495","2.46801","2.678188","808.353074","483.208775","27.731999","0.597769","LA_ICP_MS","siliciclastic","88","ZKX3-22-089",,,,,,,,,,,,,,,,,,,
"Zhang, X et al.","2014","Journal of Asian Earth Sciences","85","0","Provenance analysis of the Miocene accretionary prism of the Hengchun Peninsula, southern Taiwan, and regional geological significance","10.1016/j.jseaes.2014.01.021","ZKX3-22","China","Eastern Asia","Asia","Taiwan Island","Lilungshan Formation","Hengchun Peninsula","22.1477","120.7196","Neogene","Miocene","23.03","14.18","5.33","zircon","LA_ICP_MS","Guangzhou","Key Laboratory of Isotope Geochronology and Geochemistry, Guangzhou Institute of Geochemistry, Chinese Academy of Sciences","Agilent 7500a","detrital","siliciclastic","sandstone","88","ZKX3-22-090","rim","32","0.068868","0.000718","0.509704","0.015757","0.05323","0.001686","429.332629","4.330044","418.250061","10.598248","338.945","72.215","429.332629","4.330044","2.581348","671.133769","511.842033","57.498968","0.762653","LA_ICP_MS","siliciclastic","88","ZKX3-22-090",,,,,,,,,,,,,,,,,,,
"Zhang, X et al.","2014","Journal of Asian Earth Sciences","85","0","Provenance analysis of the Miocene accretionary prism of the Hengchun Peninsula, southern Taiwan, and regional geological significance","10.1016/j.jseaes.2014.01.021","ZKX3-22","China","Eastern Asia","Asia","Taiwan Island","Lilungshan Formation","Hengchun Peninsula","22.1477","120.7196","Neogene","Miocene","23.03","14.18","5.33","zircon","LA_ICP_MS","Guangzhou","Key Laboratory of Isotope Geochronology and Geochemistry, Guangzhou Institute of Geochemistry, Chinese Academy of Sciences","Agilent 7500a","detrital","siliciclastic","sandstone","88","ZKX3-22-091","rim","32","0.32072","0.003095","5.241894","0.123594","0.11732","0.002691","1793.243939","15.104661","1859.454445","20.107928","1916.665","46.45","1916.665","46.45","6.439365","311.295241","96.910357","117.221019","0.311313","LA_ICP_MS","siliciclastic","88","ZKX3-22-091",,,,,,,,,,,,,,,,,,,
"Zhang, X et al.","2014","Journal of Asian Earth Sciences","85","0","Provenance analysis of the Miocene accretionary prism of the Hengchun Peninsula, southern Taiwan, and regional geological significance","10.1016/j.jseaes.2014.01.021","ZKX3-22","China","Eastern Asia","Asia","Taiwan Island","Lilungshan Formation","Hengchun Peninsula","22.1477","120.7196","Neogene","Miocene","23.03","14.18","5.33","zircon","LA_ICP_MS","Guangzhou","Key Laboratory of Isotope Geochronology and Geochemistry, Guangzhou Institute of Geochemistry, Chinese Academy of Sciences","Agilent 7500a","detrital","siliciclastic","sandstone","88","ZKX3-22-092","rim","32","0.06663","0.000715","0.56293","0.019032","0.060997","0.002079","415.820383","4.318273","453.431784","12.365118","638.905","72.98","415.820383","4.318273","9.045108","264.471006","124.79839","20.914907","0.471879","LA_ICP_MS","siliciclastic","88","ZKX3-22-092",,,,,,,,,,,,,,,,,,,
"Zhang, X et al.","2014","Journal of Asian Earth Sciences","85","0","Provenance analysis of the Miocene accretionary prism of the Hengchun Peninsula, southern Taiwan, and regional geological significance","10.1016/j.jseaes.2014.01.021","ZKX3-22","China","Eastern Asia","Asia","Taiwan Island","Lilungshan Formation","Hengchun Peninsula","22.1477","120.7196","Neogene","Miocene","23.03","14.18","5.33","zircon","LA_ICP_MS","Guangzhou","Key Laboratory of Isotope Geochronology and Geochemistry, Guangzhou Institute of Geochemistry, Chinese Academy of Sciences","Agilent 7500a","detrital","siliciclastic","sandstone","88","ZKX3-22-093","rim","32","0.02581","0.000285","0.188426","0.006345","0.052756","0.001848","164.271435","1.788854","175.285519","5.420938","316.725","79.6225","164.271435","1.788854","6.704808","778.904292","644.945499","25.848669","0.828016","LA_ICP_MS","siliciclastic","88","ZKX3-22-093",,,,,,,,,,,,,,,,,,,
"Zhang, X et al.","2014","Journal of Asian Earth Sciences","85","0","Provenance analysis of the Miocene accretionary prism of the Hengchun Peninsula, southern Taiwan, and regional geological significance","10.1016/j.jseaes.2014.01.021","ZKX3-22","China","Eastern Asia","Asia","Taiwan Island","Lilungshan Formation","Hengchun Peninsula","22.1477","120.7196","Neogene","Miocene","23.03","14.18","5.33","zircon","LA_ICP_MS","Guangzhou","Key Laboratory of Isotope Geochronology and Geochemistry, Guangzhou Institute of Geochemistry, Chinese Academy of Sciences","Agilent 7500a","detrital","siliciclastic","sandstone","88","ZKX3-22-094","rim","32","0.246756","0.002279","3.241381","0.070252","0.094264","0.002059","1421.725465","11.783168","1467.115628","16.819712","1513.27","40.8975","1513.27","40.8975","6.049452","634.061352","434.70256","198.532109","0.685584","LA_ICP_MS","siliciclastic","88","ZKX3-22-094",,,,,,,,,,,,,,,,,,,
"Zhang, X et al.","2014","Journal of Asian Earth Sciences","85","0","Provenance analysis of the Miocene accretionary prism of the Hengchun Peninsula, southern Taiwan, and regional geological significance","10.1016/j.jseaes.2014.01.021","ZKX3-22","China","Eastern Asia","Asia","Taiwan Island","Lilungshan Formation","Hengchun Peninsula","22.1477","120.7196","Neogene","Miocene","23.03","14.18","5.33","zircon","LA_ICP_MS","Guangzhou","Key Laboratory of Isotope Geochronology and Geochemistry, Guangzhou Institute of Geochemistry, Chinese Academy of Sciences","Agilent 7500a","detrital","siliciclastic","sandstone","88","ZKX3-22-096","rim","32","0.157296","0.001728","1.570998","0.042729","0.071693","0.001931","941.732911","9.626485","958.820268","16.876701","977.47","55.5575","941.732911","9.626485","1.814459","336.636154","238.899318","65.890237","0.709666","LA_ICP_MS","siliciclastic","88","ZKX3-22-096",,,,,,,,,,,,,,,,,,,
"Zhang, X et al.","2014","Journal of Asian Earth Sciences","85","0","Provenance analysis of the Miocene accretionary prism of the Hengchun Peninsula, southern Taiwan, and regional geological significance","10.1016/j.jseaes.2014.01.021","ZKX3-22","China","Eastern Asia","Asia","Taiwan Island","Lilungshan Formation","Hengchun Peninsula","22.1477","120.7196","Neogene","Miocene","23.03","14.18","5.33","zircon","LA_ICP_MS","Guangzhou","Key Laboratory of Isotope Geochronology and Geochemistry, Guangzhou Institute of Geochemistry, Chinese Academy of Sciences","Agilent 7500a","detrital","siliciclastic","sandstone","88","ZKX3-22-097","rim","32","0.316026","0.004495","4.792159","0.17329","0.109742","0.004022","1770.29183","22.016891","1783.525469","30.387254","1795.37","66.67","1795.37","66.67","1.396825","29.935348","45.848125","14.199007","1.531571","LA_ICP_MS","siliciclastic","88","ZKX3-22-097",,,,,,,,,,,,,,,,,,,
"Zhang, X et al.","2014","Journal of Asian Earth Sciences","85","0","Provenance analysis of the Miocene accretionary prism of the Hengchun Peninsula, southern Taiwan, and regional geological significance","10.1016/j.jseaes.2014.01.021","ZKX3-22","China","Eastern Asia","Asia","Taiwan Island","Lilungshan Formation","Hengchun Peninsula","22.1477","120.7196","Neogene","Miocene","23.03","14.18","5.33","zircon","LA_ICP_MS","Guangzhou","Key Laboratory of Isotope Geochronology and Geochemistry, Guangzhou Institute of Geochemistry, Chinese Academy of Sciences","Agilent 7500a","detrital","siliciclastic","sandstone","88","ZKX3-22-098","rim","32","0.070738","0.00078","0.535345","0.018914","0.054636","0.001946","440.60034","4.693805","435.350502","12.509343","398.2","79.6225","440.60034","4.693805","1.191519","361.49834","289.468751","32.157793","0.800747","LA_ICP_MS","siliciclastic","88","ZKX3-22-098",,,,,,,,,,,,,,,,,,,
"Zhang, X et al.","2014","Journal of Asian Earth Sciences","85","0","Provenance analysis of the Miocene accretionary prism of the Hengchun Peninsula, southern Taiwan, and regional geological significance","10.1016/j.jseaes.2014.01.021","ZKX3-22","China","Eastern Asia","Asia","Taiwan Island","Lilungshan Formation","Hengchun Peninsula","22.1477","120.7196","Neogene","Miocene","23.03","14.18","5.33","zircon","LA_ICP_MS","Guangzhou","Key Laboratory of Isotope Geochronology and Geochemistry, Guangzhou Institute of Geochemistry, Chinese Academy of Sciences","Agilent 7500a","detrital","siliciclastic","sandstone","88","ZKX3-22-099","rim","32","0.538234","0.010762","12.414266","0.426158","0.164619","0.004502","2776.051407","45.102727","2636.258047","32.268581","2503.39","46.4525","2503.39","46.4525","10.891687","970.548728","254.107617","614.314834","0.261819","LA_ICP_MS","siliciclastic","88","ZKX3-22-099",,,,,,,,,,,,,,,,,,,
"Zhang, X et al.","2014","Journal of Asian Earth Sciences","85","0","Provenance analysis of the Miocene accretionary prism of the Hengchun Peninsula, southern Taiwan, and regional geological significance","10.1016/j.jseaes.2014.01.021","ZKX3-22","China","Eastern Asia","Asia","Taiwan Island","Lilungshan Formation","Hengchun Peninsula","22.1477","120.7196","Neogene","Miocene","23.03","14.18","5.33","zircon","LA_ICP_MS","Guangzhou","Key Laboratory of Isotope Geochronology and Geochemistry, Guangzhou Institute of Geochemistry, Chinese Academy of Sciences","Agilent 7500a","detrital","siliciclastic","sandstone","88","ZKX3-22-101","rim","32","0.313624","0.003559","4.635633","0.14172","0.105956","0.003125","1758.513506","17.466508","1755.708455","25.539268","1731.48","54.1675","1731.48","54.1675","1.561295","245.103575","364.964454","112.983694","1.489021","LA_ICP_MS","siliciclastic","88","ZKX3-22-101",,,,,,,,,,,,,,,,,,,
"Zhang, X et al.","2014","Journal of Asian Earth Sciences","85","0","Provenance analysis of the Miocene accretionary prism of the Hengchun Peninsula, southern Taiwan, and regional geological significance","10.1016/j.jseaes.2014.01.021","ZKX3-22","China","Eastern Asia","Asia","Taiwan Island","Lilungshan Formation","Hengchun Peninsula","22.1477","120.7196","Neogene","Miocene","23.03","14.18","5.33","zircon","LA_ICP_MS","Guangzhou","Key Laboratory of Isotope Geochronology and Geochemistry, Guangzhou Institute of Geochemistry, Chinese Academy of Sciences","Agilent 7500a","detrital","siliciclastic","sandstone","88","ZKX3-22-102","rim","32","0.319615","0.003324","4.764785","0.143417","0.106907","0.003167","1787.850015","16.236637","1778.715382","25.266072","1747.215","59.415","1747.215","59.415","2.325702","183.77703","218.253355","82.154048","1.187599","LA_ICP_MS","siliciclastic","88","ZKX3-22-102",,,,,,,,,,,,,,,,,,,
"Zhang, X et al.","2014","Journal of Asian Earth Sciences","85","0","Provenance analysis of the Miocene accretionary prism of the Hengchun Peninsula, southern Taiwan, and regional geological significance","10.1016/j.jseaes.2014.01.021","ZKX3-22","China","Eastern Asia","Asia","Taiwan Island","Lilungshan Formation","Hengchun Peninsula","22.1477","120.7196","Neogene","Miocene","23.03","14.18","5.33","zircon","LA_ICP_MS","Guangzhou","Key Laboratory of Isotope Geochronology and Geochemistry, Guangzhou Institute of Geochemistry, Chinese Academy of Sciences","Agilent 7500a","detrital","siliciclastic","sandstone","88","ZKX3-22-103","rim","32","0.354492","0.004398","6.031141","0.184042","0.121334","0.003353","1956.015085","20.930421","1980.351331","26.583962","1976.24","49.38","1976.24","49.36001","1.023404","631.041521","164.176824","260.693802","0.260168","LA_ICP_MS","siliciclastic","88","ZKX3-22-103",,,,,,,,,,,,,,,,,,,
"Zhang, X et al.","2014","Journal of Asian Earth Sciences","85","0","Provenance analysis of the Miocene accretionary prism of the Hengchun Peninsula, southern Taiwan, and regional geological significance","10.1016/j.jseaes.2014.01.021","ZKX3-22","China","Eastern Asia","Asia","Taiwan Island","Lilungshan Formation","Hengchun Peninsula","22.1477","120.7196","Neogene","Miocene","23.03","14.18","5.33","zircon","LA_ICP_MS","Guangzhou","Key Laboratory of Isotope Geochronology and Geochemistry, Guangzhou Institute of Geochemistry, Chinese Academy of Sciences","Agilent 7500a","detrital","siliciclastic","sandstone","88","ZKX3-22-104","rim","32","0.260986","0.003182","3.97509","0.120717","0.109178","0.003251","1494.88631","16.268643","1629.124726","24.642376","1787.04","53.86","1787.04","53.86","16.34847","431.875607","72.351402","126.262829","0.167528","LA_ICP_MS","siliciclastic","88","ZKX3-22-104",,,,,,,,,,,,,,,,,,,
"Zhang, X et al.","2014","Journal of Asian Earth Sciences","85","0","Provenance analysis of the Miocene accretionary prism of the Hengchun Peninsula, southern Taiwan, and regional geological significance","10.1016/j.jseaes.2014.01.021","ZKX3-22","China","Eastern Asia","Asia","Taiwan Island","Lilungshan Formation","Hengchun Peninsula","22.1477","120.7196","Neogene","Miocene","23.03","14.18","5.33","zircon","LA_ICP_MS","Guangzhou","Key Laboratory of Isotope Geochronology and Geochemistry, Guangzhou Institute of Geochemistry, Chinese Academy of Sciences","Agilent 7500a","detrital","siliciclastic","sandstone","88","ZKX3-22-106","rim","32","0.298556","0.00324","4.567952","0.14084","0.109647","0.003417","1684.14381","16.085152","1743.440484","25.689317","1794.445","57.2575","1794.445","57.2575","6.146814","308.895585","65.863374","106.096522","0.213222","LA_ICP_MS","siliciclastic","88","ZKX3-22-106",,,,,,,,,,,,,,,,,,,
"Zhang, X et al.","2014","Journal of Asian Earth Sciences","85","0","Provenance analysis of the Miocene accretionary prism of the Hengchun Peninsula, southern Taiwan, and regional geological significance","10.1016/j.jseaes.2014.01.021","ZKX3-22","China","Eastern Asia","Asia","Taiwan Island","Lilungshan Formation","Hengchun Peninsula","22.1477","120.7196","Neogene","Miocene","23.03","14.18","5.33","zircon","LA_ICP_MS","Guangzhou","Key Laboratory of Isotope Geochronology and Geochemistry, Guangzhou Institute of Geochemistry, Chinese Academy of Sciences","Agilent 7500a","detrital","siliciclastic","sandstone","88","ZKX3-22-108","rim","32","0.254258","0.003358","3.813255","0.129142","0.107947","0.00366","1460.397747","17.257428","1595.546033","27.249785","1765.12","62.035","1765.12","62.035","17.263543","71.697727","102.784172","26.842968","1.433576","LA_ICP_MS","siliciclastic","88","ZKX3-22-108",,,,,,,,,,,,,,,,,,,
"Zhang, X et al.","2014","Journal of Asian Earth Sciences","85","0","Provenance analysis of the Miocene accretionary prism of the Hengchun Peninsula, southern Taiwan, and regional geological significance","10.1016/j.jseaes.2014.01.021","ZKX3-22","China","Eastern Asia","Asia","Taiwan Island","Lilungshan Formation","Hengchun Peninsula","22.1477","120.7196","Neogene","Miocene","23.03","14.18","5.33","zircon","LA_ICP_MS","Guangzhou","Key Laboratory of Isotope Geochronology and Geochemistry, Guangzhou Institute of Geochemistry, Chinese Academy of Sciences","Agilent 7500a","detrital","siliciclastic","sandstone","88","ZKX3-22-110","rim","32","0.412581","0.004087","8.580163","0.203542","0.148787","0.003619","2226.709046","18.65321","2294.455651","21.576229","2331.8","36.575","2331.8","36.575","4.50686","593.58683","375.456031","313.746716","0.632521","LA_ICP_MS","siliciclastic","88","ZKX3-22-110",,,,,,,,,,,,,,,,,,,
"Zhang, X et al.","2014","Journal of Asian Earth Sciences","85","0","Provenance analysis of the Miocene accretionary prism of the Hengchun Peninsula, southern Taiwan, and regional geological significance","10.1016/j.jseaes.2014.01.021","ZKX4-24","China","Eastern Asia","Asia","Taiwan Island","Lilungshan Formation","Hengchun Peninsula","22.1456","120.7253","Neogene","Miocene","23.03","14.18","5.33","zircon","LA_ICP_MS","Guangzhou","Key Laboratory of Isotope Geochronology and Geochemistry, Guangzhou Institute of Geochemistry, Chinese Academy of Sciences","Agilent 7500a","detrital","siliciclastic","sandstone","93","ZKX4-24-001","rim","32","0.403428","0.007451","6.85283","0.322262","0.120602","0.005752","2184.805919","34.227249","2092.576519","41.692349","1965.13","85.18","1965.13","85.18","11.178697","148.316571","75.031156","76.628886","0.505885","LA_ICP_MS","siliciclastic","93","ZKX4-24-001",,,,,,,,,,,,,,,,,,,
"Zhang, X et al.","2014","Journal of Asian Earth Sciences","85","0","Provenance analysis of the Miocene accretionary prism of the Hengchun Peninsula, southern Taiwan, and regional geological significance","10.1016/j.jseaes.2014.01.021","ZKX4-24","China","Eastern Asia","Asia","Taiwan Island","Lilungshan Formation","Hengchun Peninsula","22.1456","120.7253","Neogene","Miocene","23.03","14.18","5.33","zircon","LA_ICP_MS","Guangzhou","Key Laboratory of Isotope Geochronology and Geochemistry, Guangzhou Institute of Geochemistry, Chinese Academy of Sciences","Agilent 7500a","detrital","siliciclastic","sandstone","93","ZKX4-24-002","rim","32","0.332428","0.00624","4.42067","0.195599","0.094026","0.004089","1850.140511","30.191771","1716.220137","36.654979","1509.26","77.6225","1509.26","77.6225","22.585937","418.676101","70.671796","160.356116","0.168798","LA_ICP_MS","siliciclastic","93","ZKX4-24-002",,,,,,,,,,,,,,,,,,,
"Zhang, X et al.","2014","Journal of Asian Earth Sciences","85","0","Provenance analysis of the Miocene accretionary prism of the Hengchun Peninsula, southern Taiwan, and regional geological significance","10.1016/j.jseaes.2014.01.021","ZKX4-24","China","Eastern Asia","Asia","Taiwan Island","Lilungshan Formation","Hengchun Peninsula","22.1456","120.7253","Neogene","Miocene","23.03","14.18","5.33","zircon","LA_ICP_MS","Guangzhou","Key Laboratory of Isotope Geochronology and Geochemistry, Guangzhou Institute of Geochemistry, Chinese Academy of Sciences","Agilent 7500a","detrital","siliciclastic","sandstone","93","ZKX4-24-003","rim","32","0.027531","0.000771","0.208656","0.021004","0.056258","0.005481","175.075195","4.835644","192.423841","17.646817","461.155","216.64","175.075195","4.835644","9.909254","156.99985","71.566395","5.116171","0.455837","LA_ICP_MS","siliciclastic","93","ZKX4-24-003",,,,,,,,,,,,,,,,,,,
"Zhang, X et al.","2014","Journal of Asian Earth Sciences","85","0","Provenance analysis of the Miocene accretionary prism of the Hengchun Peninsula, southern Taiwan, and regional geological significance","10.1016/j.jseaes.2014.01.021","ZKX4-24","China","Eastern Asia","Asia","Taiwan Island","Lilungshan Formation","Hengchun Peninsula","22.1456","120.7253","Neogene","Miocene","23.03","14.18","5.33","zircon","LA_ICP_MS","Guangzhou","Key Laboratory of Isotope Geochronology and Geochemistry, Guangzhou Institute of Geochemistry, Chinese Academy of Sciences","Agilent 7500a","detrital","siliciclastic","sandstone","93","ZKX4-24-004","rim","32","0.329462","0.006575","4.160767","0.183675","0.089274","0.003757","1835.774333","31.88289","1666.330134","36.153483","1410.185","80.4025","1410.185","80.4025","30.179681","173.762718","92.462726","72.194979","0.532121","LA_ICP_MS","siliciclastic","93","ZKX4-24-004",,,,,,,,,,,,,,,,,,,
"Zhang, X et al.","2014","Journal of Asian Earth Sciences","85","0","Provenance analysis of the Miocene accretionary prism of the Hengchun Peninsula, southern Taiwan, and regional geological significance","10.1016/j.jseaes.2014.01.021","ZKX4-24","China","Eastern Asia","Asia","Taiwan Island","Lilungshan Formation","Hengchun Peninsula","22.1456","120.7253","Neogene","Miocene","23.03","14.18","5.33","zircon","LA_ICP_MS","Guangzhou","Key Laboratory of Isotope Geochronology and Geochemistry, Guangzhou Institute of Geochemistry, Chinese Academy of Sciences","Agilent 7500a","detrital","siliciclastic","sandstone","93","ZKX4-24-005","rim","32","0.341563","0.005253","4.706514","0.180805","0.097367","0.003785","1894.183745","25.241809","1768.399665","32.182092","1575.93","77.93","1575.93","77.93","20.194663","169.922032","100.053774","77.373107","0.588822","LA_ICP_MS","siliciclastic","93","ZKX4-24-005",,,,,,,,,,,,,,,,,,,
"Zhang, X et al.","2014","Journal of Asian Earth Sciences","85","0","Provenance analysis of the Miocene accretionary prism of the Hengchun Peninsula, southern Taiwan, and regional geological significance","10.1016/j.jseaes.2014.01.021","ZKX4-24","China","Eastern Asia","Asia","Taiwan Island","Lilungshan Formation","Hengchun Peninsula","22.1456","120.7253","Neogene","Miocene","23.03","14.18","5.33","zircon","LA_ICP_MS","Guangzhou","Key Laboratory of Isotope Geochronology and Geochemistry, Guangzhou Institute of Geochemistry, Chinese Academy of Sciences","Agilent 7500a","detrital","siliciclastic","sandstone","93","ZKX4-24-007","rim","32","0.032829","0.000847","0.227347","0.016984","0.050446","0.003711","208.230757","5.286853","208.006204","14.051625","216.74","170.35","208.230757","5.286853","0.107839","163.978449","193.054607","7.785409","1.177317","LA_ICP_MS","siliciclastic","93","ZKX4-24-007",,,,,,,,,,,,,,,,,,,
"Zhang, X et al.","2014","Journal of Asian Earth Sciences","85","0","Provenance analysis of the Miocene accretionary prism of the Hengchun Peninsula, southern Taiwan, and regional geological significance","10.1016/j.jseaes.2014.01.021","ZKX4-24","China","Eastern Asia","Asia","Taiwan Island","Lilungshan Formation","Hengchun Peninsula","22.1456","120.7253","Neogene","Miocene","23.03","14.18","5.33","zircon","LA_ICP_MS","Guangzhou","Key Laboratory of Isotope Geochronology and Geochemistry, Guangzhou Institute of Geochemistry, Chinese Academy of Sciences","Agilent 7500a","detrital","siliciclastic","sandstone","93","ZKX4-24-008","rim","32","0.325828","0.005897","5.408575","0.220272","0.116959","0.004745","1818.130152","28.670291","1886.212997","34.914011","1910.185","72.835","1910.185","72.835","4.819159","339.183285","99.254228","143.157756","0.292627","LA_ICP_MS","siliciclastic","93","ZKX4-24-008",,,,,,,,,,,,,,,,,,,
"Zhang, X et al.","2014","Journal of Asian Earth Sciences","85","0","Provenance analysis of the Miocene accretionary prism of the Hengchun Peninsula, southern Taiwan, and regional geological significance","10.1016/j.jseaes.2014.01.021","ZKX4-24","China","Eastern Asia","Asia","Taiwan Island","Lilungshan Formation","Hengchun Peninsula","22.1456","120.7253","Neogene","Miocene","23.03","14.18","5.33","zircon","LA_ICP_MS","Guangzhou","Key Laboratory of Isotope Geochronology and Geochemistry, Guangzhou Institute of Geochemistry, Chinese Academy of Sciences","Agilent 7500a","detrital","siliciclastic","sandstone","93","ZKX4-24-009","rim","32","0.337726","0.007558","5.298772","0.246914","0.110271","0.004898","1875.720082","36.422545","1868.664912","39.823789","1805.555","81.3275","1805.555","81.3275","3.886067","355.614438","27.720626","144.243251","0.077951","LA_ICP_MS","siliciclastic","93","ZKX4-24-009",,,,,,,,,,,,,,,,,,,
"Zhang, X et al.","2014","Journal of Asian Earth Sciences","85","0","Provenance analysis of the Miocene accretionary prism of the Hengchun Peninsula, southern Taiwan, and regional geological significance","10.1016/j.jseaes.2014.01.021","ZKX4-24","China","Eastern Asia","Asia","Taiwan Island","Lilungshan Formation","Hengchun Peninsula","22.1456","120.7253","Neogene","Miocene","23.03","14.18","5.33","zircon","LA_ICP_MS","Guangzhou","Key Laboratory of Isotope Geochronology and Geochemistry, Guangzhou Institute of Geochemistry, Chinese Academy of Sciences","Agilent 7500a","detrital","siliciclastic","sandstone","93","ZKX4-24-013","rim","32","0.32614","0.005871","4.308601","0.173146","0.09264","0.003735","1819.645616","28.539903","1695.007663","33.129533","1480.555","72.07","1480.555","72.07","22.90294","166.215625","89.665685","68.787852","0.539454","LA_ICP_MS","siliciclastic","93","ZKX4-24-013",,,,,,,,,,,,,,,,,,,
"Zhang, X et al.","2014","Journal of Asian Earth Sciences","85","0","Provenance analysis of the Miocene accretionary prism of the Hengchun Peninsula, southern Taiwan, and regional geological significance","10.1016/j.jseaes.2014.01.021","ZKX4-24","China","Eastern Asia","Asia","Taiwan Island","Lilungshan Formation","Hengchun Peninsula","22.1456","120.7253","Neogene","Miocene","23.03","14.18","5.33","zircon","LA_ICP_MS","Guangzhou","Key Laboratory of Isotope Geochronology and Geochemistry, Guangzhou Institute of Geochemistry, Chinese Academy of Sciences","Agilent 7500a","detrital","siliciclastic","sandstone","93","ZKX4-24-016","rim","32","0.488037","0.012634","10.502341","0.561385","0.154917","0.008346","2562.178305","54.735051","2480.124488","49.596351","2800","96.76","2800","96.76","8.493632","17.18588","90.060084","21.204521","5.240353","LA_ICP_MS","siliciclastic","93","ZKX4-24-016",,,,,,,,,,,,,,,,,,,
"Zhang, X et al.","2014","Journal of Asian Earth Sciences","85","0","Provenance analysis of the Miocene accretionary prism of the Hengchun Peninsula, southern Taiwan, and regional geological significance","10.1016/j.jseaes.2014.01.021","ZKX4-24","China","Eastern Asia","Asia","Taiwan Island","Lilungshan Formation","Hengchun Peninsula","22.1456","120.7253","Neogene","Miocene","23.03","14.18","5.33","zircon","LA_ICP_MS","Guangzhou","Key Laboratory of Isotope Geochronology and Geochemistry, Guangzhou Institute of Geochemistry, Chinese Academy of Sciences","Agilent 7500a","detrital","siliciclastic","sandstone","93","ZKX4-24-017","rim","32","0.476715","0.009362","10.093198","0.431522","0.150052","0.006405","2512.939207","40.870578","2443.348877","39.518001","2346.61","72.8375","2346.61","72.8375","7.088064","67.870817","46.448646","43.06891","0.684368","LA_ICP_MS","siliciclastic","93","ZKX4-24-017",,,,,,,,,,,,,,,,,,,
"Zhang, X et al.","2014","Journal of Asian Earth Sciences","85","0","Provenance analysis of the Miocene accretionary prism of the Hengchun Peninsula, southern Taiwan, and regional geological significance","10.1016/j.jseaes.2014.01.021","ZKX4-24","China","Eastern Asia","Asia","Taiwan Island","Lilungshan Formation","Hengchun Peninsula","22.1456","120.7253","Neogene","Miocene","23.03","14.18","5.33","zircon","LA_ICP_MS","Guangzhou","Key Laboratory of Isotope Geochronology and Geochemistry, Guangzhou Institute of Geochemistry, Chinese Academy of Sciences","Agilent 7500a","detrital","siliciclastic","sandstone","93","ZKX4-24-018","rim","32","0.323868","0.00555","4.917343","0.198961","0.107719","0.004308","1808.592523","27.026082","1805.236947","34.153481","1761.42","72.685","1761.42","72.685","2.678096","165.829821","42.210084","63.486569","0.254539","LA_ICP_MS","siliciclastic","93","ZKX4-24-018",,,,,,,,,,,,,,,,,,,
"Zhang, X et al.","2014","Journal of Asian Earth Sciences","85","0","Provenance analysis of the Miocene accretionary prism of the Hengchun Peninsula, southern Taiwan, and regional geological significance","10.1016/j.jseaes.2014.01.021","ZKX4-24","China","Eastern Asia","Asia","Taiwan Island","Lilungshan Formation","Hengchun Peninsula","22.1456","120.7253","Neogene","Miocene","23.03","14.18","5.33","zircon","LA_ICP_MS","Guangzhou","Key Laboratory of Isotope Geochronology and Geochemistry, Guangzhou Institute of Geochemistry, Chinese Academy of Sciences","Agilent 7500a","detrital","siliciclastic","sandstone","93","ZKX4-24-019","rim","32","0.331163","0.005579","4.710702","0.209132","0.100741","0.004329","1844.014823","27.018089","1769.144483","37.201128","1638.885","74.9975","1638.885","74.9975","12.516426","121.462101","98.78664","52.815246","0.813312","LA_ICP_MS","siliciclastic","93","ZKX4-24-019",,,,,,,,,,,,,,,,,,,
"Zhang, X et al.","2014","Journal of Asian Earth Sciences","85","0","Provenance analysis of the Miocene accretionary prism of the Hengchun Peninsula, southern Taiwan, and regional geological significance","10.1016/j.jseaes.2014.01.021","ZKX4-24","China","Eastern Asia","Asia","Taiwan Island","Lilungshan Formation","Hengchun Peninsula","22.1456","120.7253","Neogene","Miocene","23.03","14.18","5.33","zircon","LA_ICP_MS","Guangzhou","Key Laboratory of Isotope Geochronology and Geochemistry, Guangzhou Institute of Geochemistry, Chinese Academy of Sciences","Agilent 7500a","detrital","siliciclastic","sandstone","93","ZKX4-24-020","rim","32","0.026436","0.000553","0.180513","0.011263","0.048689","0.002988","168.204511","3.474891","168.501857","9.688248","131.57","201.82","168.204511","3.474891","0.176776","700.623667","142.533577","20.434435","0.203438","LA_ICP_MS","siliciclastic","93","ZKX4-24-020",,,,,,,,,,,,,,,,,,,
"Zhang, X et al.","2014","Journal of Asian Earth Sciences","85","0","Provenance analysis of the Miocene accretionary prism of the Hengchun Peninsula, southern Taiwan, and regional geological significance","10.1016/j.jseaes.2014.01.021","ZKX4-24","China","Eastern Asia","Asia","Taiwan Island","Lilungshan Formation","Hengchun Peninsula","22.1456","120.7253","Neogene","Miocene","23.03","14.18","5.33","zircon","LA_ICP_MS","Guangzhou","Key Laboratory of Isotope Geochronology and Geochemistry, Guangzhou Institute of Geochemistry, Chinese Academy of Sciences","Agilent 7500a","detrital","siliciclastic","sandstone","93","ZKX4-24-022","rim","32","0.522549","0.006983","15.451719","0.413552","0.211376","0.004842","2709.980131","29.567823","2843.509155","25.529387","2916.355","36.575","2916.355","36.575","7.076466","437.387358","109.442215","293.223606","0.250218","LA_ICP_MS","siliciclastic","93","ZKX4-24-022",,,,,,,,,,,,,,,,,,,
"Zhang, X et al.","2014","Journal of Asian Earth Sciences","85","0","Provenance analysis of the Miocene accretionary prism of the Hengchun Peninsula, southern Taiwan, and regional geological significance","10.1016/j.jseaes.2014.01.021","ZKX4-24","China","Eastern Asia","Asia","Taiwan Island","Lilungshan Formation","Hengchun Peninsula","22.1456","120.7253","Neogene","Miocene","23.03","14.18","5.33","zircon","LA_ICP_MS","Guangzhou","Key Laboratory of Isotope Geochronology and Geochemistry, Guangzhou Institute of Geochemistry, Chinese Academy of Sciences","Agilent 7500a","detrital","siliciclastic","sandstone","93","ZKX4-24-023","rim","32","0.368988","0.007695","7.376333","0.259758","0.141127","0.003383","2024.63757","36.235325","2158.105571","31.498092","2242.595","42.13","2242.595","42.13","9.718983","424.890715","110.904589","186.80041","0.261019","LA_ICP_MS","siliciclastic","93","ZKX4-24-023",,,,,,,,,,,,,,,,,,,
"Zhang, X et al.","2014","Journal of Asian Earth Sciences","85","0","Provenance analysis of the Miocene accretionary prism of the Hengchun Peninsula, southern Taiwan, and regional geological significance","10.1016/j.jseaes.2014.01.021","ZKX4-24","China","Eastern Asia","Asia","Taiwan Island","Lilungshan Formation","Hengchun Peninsula","22.1456","120.7253","Neogene","Miocene","23.03","14.18","5.33","zircon","LA_ICP_MS","Guangzhou","Key Laboratory of Isotope Geochronology and Geochemistry, Guangzhou Institute of Geochemistry, Chinese Academy of Sciences","Agilent 7500a","detrital","siliciclastic","sandstone","93","ZKX4-24-025","rim","32","0.075279","0.000983","0.621744","0.027359","0.059371","0.002584","467.882918","5.893138","490.939974","17.131153","588.915","94.43","467.882918","5.893138","4.927954","194.418866","137.206421","19.07396","0.705726","LA_ICP_MS","siliciclastic","93","ZKX4-24-025",,,,,,,,,,,,,,,,,,,
"Zhang, X et al.","2014","Journal of Asian Earth Sciences","85","0","Provenance analysis of the Miocene accretionary prism of the Hengchun Peninsula, southern Taiwan, and regional geological significance","10.1016/j.jseaes.2014.01.021","ZKX4-24","China","Eastern Asia","Asia","Taiwan Island","Lilungshan Formation","Hengchun Peninsula","22.1456","120.7253","Neogene","Miocene","23.03","14.18","5.33","zircon","LA_ICP_MS","Guangzhou","Key Laboratory of Isotope Geochronology and Geochemistry, Guangzhou Institute of Geochemistry, Chinese Academy of Sciences","Agilent 7500a","detrital","siliciclastic","sandstone","93","ZKX4-24-027","rim","32","0.019918","0.000376","0.146048","0.010974","0.05424","0.004228","127.138294","2.377405","138.416549","9.722813","388.94","175.9025","127.138294","2.377405","8.870856","194.225781","150.573815","5.040729","0.775251","LA_ICP_MS","siliciclastic","93","ZKX4-24-027",,,,,,,,,,,,,,,,,,,
"Zhang, X et al.","2014","Journal of Asian Earth Sciences","85","0","Provenance analysis of the Miocene accretionary prism of the Hengchun Peninsula, southern Taiwan, and regional geological significance","10.1016/j.jseaes.2014.01.021","ZKX4-24","China","Eastern Asia","Asia","Taiwan Island","Lilungshan Formation","Hengchun Peninsula","22.1456","120.7253","Neogene","Miocene","23.03","14.18","5.33","zircon","LA_ICP_MS","Guangzhou","Key Laboratory of Isotope Geochronology and Geochemistry, Guangzhou Institute of Geochemistry, Chinese Academy of Sciences","Agilent 7500a","detrital","siliciclastic","sandstone","93","ZKX4-24-028","rim","32","0.314165","0.00352","4.608971","0.127129","0.105216","0.002769","1761.168933","17.26657","1750.893256","23.017974","1718.21","48.4575","1718.21","48.4575","2.500214","251.628092","103.377003","97.816633","0.410833","LA_ICP_MS","siliciclastic","93","ZKX4-24-028",,,,,,,,,,,,,,,,,,,
"Zhang, X et al.","2014","Journal of Asian Earth Sciences","85","0","Provenance analysis of the Miocene accretionary prism of the Hengchun Peninsula, southern Taiwan, and regional geological significance","10.1016/j.jseaes.2014.01.021","ZKX4-24","China","Eastern Asia","Asia","Taiwan Island","Lilungshan Formation","Hengchun Peninsula","22.1456","120.7253","Neogene","Miocene","23.03","14.18","5.33","zircon","LA_ICP_MS","Guangzhou","Key Laboratory of Isotope Geochronology and Geochemistry, Guangzhou Institute of Geochemistry, Chinese Academy of Sciences","Agilent 7500a","detrital","siliciclastic","sandstone","93","ZKX4-24-029","rim","32","0.338527","0.004089","4.748721","0.141261","0.100747","0.002882","1879.579211","19.694993","1775.881987","24.955614","1638.885","58.1775","1638.885","58.1775","14.686461","148.872574","55.637985","61.669246","0.373729","LA_ICP_MS","siliciclastic","93","ZKX4-24-029",,,,,,,,,,,,,,,,,,,
"Zhang, X et al.","2014","Journal of Asian Earth Sciences","85","0","Provenance analysis of the Miocene accretionary prism of the Hengchun Peninsula, southern Taiwan, and regional geological significance","10.1016/j.jseaes.2014.01.021","ZKX4-24","China","Eastern Asia","Asia","Taiwan Island","Lilungshan Formation","Hengchun Peninsula","22.1456","120.7253","Neogene","Miocene","23.03","14.18","5.33","zircon","LA_ICP_MS","Guangzhou","Key Laboratory of Isotope Geochronology and Geochemistry, Guangzhou Institute of Geochemistry, Chinese Academy of Sciences","Agilent 7500a","detrital","siliciclastic","sandstone","93","ZKX4-24-030","rim","32","0.355111","0.006601","4.970687","0.183528","0.100093","0.003186","1958.95639","31.402011","1814.349407","31.220839","1625.61","59.2575","1625.61","59.2575","20.505926","513.407267","100.938639","213.887634","0.196605","LA_ICP_MS","siliciclastic","93","ZKX4-24-030",,,,,,,,,,,,,,,,,,,
"Zhang, X et al.","2014","Journal of Asian Earth Sciences","85","0","Provenance analysis of the Miocene accretionary prism of the Hengchun Peninsula, southern Taiwan, and regional geological significance","10.1016/j.jseaes.2014.01.021","ZKX4-24","China","Eastern Asia","Asia","Taiwan Island","Lilungshan Formation","Hengchun Peninsula","22.1456","120.7253","Neogene","Miocene","23.03","14.18","5.33","zircon","LA_ICP_MS","Guangzhou","Key Laboratory of Isotope Geochronology and Geochemistry, Guangzhou Institute of Geochemistry, Chinese Academy of Sciences","Agilent 7500a","detrital","siliciclastic","sandstone","93","ZKX4-24-032","rim","32","0.122278","0.00249","1.226097","0.072946","0.074537","0.004811","743.660988","14.301904","812.560041","33.284477","1057.41","130.0925","743.660988","14.301904","9.264847","35.86085","29.966511","5.839462","0.835633","LA_ICP_MS","siliciclastic","93","ZKX4-24-032",,,,,,,,,,,,,,,,,,,
"Zhang, X et al.","2014","Journal of Asian Earth Sciences","85","0","Provenance analysis of the Miocene accretionary prism of the Hengchun Peninsula, southern Taiwan, and regional geological significance","10.1016/j.jseaes.2014.01.021","ZKX4-24","China","Eastern Asia","Asia","Taiwan Island","Lilungshan Formation","Hengchun Peninsula","22.1456","120.7253","Neogene","Miocene","23.03","14.18","5.33","zircon","LA_ICP_MS","Guangzhou","Key Laboratory of Isotope Geochronology and Geochemistry, Guangzhou Institute of Geochemistry, Chinese Academy of Sciences","Agilent 7500a","detrital","siliciclastic","sandstone","93","ZKX4-24-033","rim","32","0.336863","0.004073","5.084852","0.176391","0.107897","0.003696","1871.561317","19.639674","1833.581125","29.442691","1764.81","61.88","1764.81","61.88","6.048884","92.309973","75.565239","42.510551","0.818603","LA_ICP_MS","siliciclastic","93","ZKX4-24-033",,,,,,,,,,,,,,,,,,,
"Zhang, X et al.","2014","Journal of Asian Earth Sciences","85","0","Provenance analysis of the Miocene accretionary prism of the Hengchun Peninsula, southern Taiwan, and regional geological significance","10.1016/j.jseaes.2014.01.021","ZKX4-24","China","Eastern Asia","Asia","Taiwan Island","Lilungshan Formation","Hengchun Peninsula","22.1456","120.7253","Neogene","Miocene","23.03","14.18","5.33","zircon","LA_ICP_MS","Guangzhou","Key Laboratory of Isotope Geochronology and Geochemistry, Guangzhou Institute of Geochemistry, Chinese Academy of Sciences","Agilent 7500a","detrital","siliciclastic","sandstone","93","ZKX4-24-034","rim","32","0.319078","0.003669","4.756639","0.163926","0.106426","0.003644","1785.226331","17.9285","1777.279633","28.9218","1739.19","67.5925","1739.19","67.5925","2.646998","164.241733","46.361237","64.028467","0.282274","LA_ICP_MS","siliciclastic","93","ZKX4-24-034",,,,,,,,,,,,,,,,,,,
"Zhang, X et al.","2014","Journal of Asian Earth Sciences","85","0","Provenance analysis of the Miocene accretionary prism of the Hengchun Peninsula, southern Taiwan, and regional geological significance","10.1016/j.jseaes.2014.01.021","ZKX4-24","China","Eastern Asia","Asia","Taiwan Island","Lilungshan Formation","Hengchun Peninsula","22.1456","120.7253","Neogene","Miocene","23.03","14.18","5.33","zircon","LA_ICP_MS","Guangzhou","Key Laboratory of Isotope Geochronology and Geochemistry, Guangzhou Institute of Geochemistry, Chinese Academy of Sciences","Agilent 7500a","detrital","siliciclastic","sandstone","93","ZKX4-24-035","rim","32","0.315325","0.004394","4.720836","0.180337","0.106955","0.00402","1766.85989","21.53692","1770.944682","32.018297","1749.995","69.5975","1749.995","69.5975","0.963711","197.037883","77.788363","75.932922","0.394789","LA_ICP_MS","siliciclastic","93","ZKX4-24-035",,,,,,,,,,,,,,,,,,,
"Zhang, X et al.","2014","Journal of Asian Earth Sciences","85","0","Provenance analysis of the Miocene accretionary prism of the Hengchun Peninsula, southern Taiwan, and regional geological significance","10.1016/j.jseaes.2014.01.021","ZKX4-24","China","Eastern Asia","Asia","Taiwan Island","Lilungshan Formation","Hengchun Peninsula","22.1456","120.7253","Neogene","Miocene","23.03","14.18","5.33","zircon","LA_ICP_MS","Guangzhou","Key Laboratory of Isotope Geochronology and Geochemistry, Guangzhou Institute of Geochemistry, Chinese Academy of Sciences","Agilent 7500a","detrital","siliciclastic","sandstone","93","ZKX4-24-036","rim","32","0.326283","0.003915","4.965732","0.17212","0.108269","0.003661","1820.340162","19.030169","1813.506404","29.303428","1772.225","61.1125","1772.225","61.1125","2.714958","467.592934","40.31918","176.536666","0.086227","LA_ICP_MS","siliciclastic","93","ZKX4-24-036",,,,,,,,,,,,,,,,,,,
"Zhang, X et al.","2014","Journal of Asian Earth Sciences","85","0","Provenance analysis of the Miocene accretionary prism of the Hengchun Peninsula, southern Taiwan, and regional geological significance","10.1016/j.jseaes.2014.01.021","ZKX4-24","China","Eastern Asia","Asia","Taiwan Island","Lilungshan Formation","Hengchun Peninsula","22.1456","120.7253","Neogene","Miocene","23.03","14.18","5.33","zircon","LA_ICP_MS","Guangzhou","Key Laboratory of Isotope Geochronology and Geochemistry, Guangzhou Institute of Geochemistry, Chinese Academy of Sciences","Agilent 7500a","detrital","siliciclastic","sandstone","93","ZKX4-24-037","rim","32","0.020104","0.000316","0.135068","0.008204","0.048172","0.002887","128.313637","1.995205","128.641239","7.338782","109.35","133.31","128.313637","1.995205","0.255313","430.577122","779.767189","14.273887","1.810981","LA_ICP_MS","siliciclastic","93","ZKX4-24-037",,,,,,,,,,,,,,,,,,,
"Zhang, X et al.","2014","Journal of Asian Earth Sciences","85","0","Provenance analysis of the Miocene accretionary prism of the Hengchun Peninsula, southern Taiwan, and regional geological significance","10.1016/j.jseaes.2014.01.021","ZKX4-24","China","Eastern Asia","Asia","Taiwan Island","Lilungshan Formation","Hengchun Peninsula","22.1456","120.7253","Neogene","Miocene","23.03","14.18","5.33","zircon","LA_ICP_MS","Guangzhou","Key Laboratory of Isotope Geochronology and Geochemistry, Guangzhou Institute of Geochemistry, Chinese Academy of Sciences","Agilent 7500a","detrital","siliciclastic","sandstone","93","ZKX4-24-038","rim","32","0.035419","0.000388","0.242562","0.008218","0.048852","0.001627","224.374193","2.412543","220.516112","6.71598","138.975","77.7675","224.374193","2.412543","1.719486","816.488139","10.571393","30.88712","0.012947","LA_ICP_MS","siliciclastic","93","ZKX4-24-038",,,,,,,,,,,,,,,,,,,
"Zhang, X et al.","2014","Journal of Asian Earth Sciences","85","0","Provenance analysis of the Miocene accretionary prism of the Hengchun Peninsula, southern Taiwan, and regional geological significance","10.1016/j.jseaes.2014.01.021","ZKX4-24","China","Eastern Asia","Asia","Taiwan Island","Lilungshan Formation","Hengchun Peninsula","22.1456","120.7253","Neogene","Miocene","23.03","14.18","5.33","zircon","LA_ICP_MS","Guangzhou","Key Laboratory of Isotope Geochronology and Geochemistry, Guangzhou Institute of Geochemistry, Chinese Academy of Sciences","Agilent 7500a","detrital","siliciclastic","sandstone","93","ZKX4-24-039","rim","32","0.126045","0.001474","1.057886","0.031289","0.059987","0.001735","765.264602","8.441235","732.780974","15.439546","611.13","62.9525","765.264602","8.441235","4.244758","503.032627","311.927092","80.090172","0.620093","LA_ICP_MS","siliciclastic","93","ZKX4-24-039",,,,,,,,,,,,,,,,,,,
"Zhang, X et al.","2014","Journal of Asian Earth Sciences","85","0","Provenance analysis of the Miocene accretionary prism of the Hengchun Peninsula, southern Taiwan, and regional geological significance","10.1016/j.jseaes.2014.01.021","ZKX4-24","China","Eastern Asia","Asia","Taiwan Island","Lilungshan Formation","Hengchun Peninsula","22.1456","120.7253","Neogene","Miocene","23.03","14.18","5.33","zircon","LA_ICP_MS","Guangzhou","Key Laboratory of Isotope Geochronology and Geochemistry, Guangzhou Institute of Geochemistry, Chinese Academy of Sciences","Agilent 7500a","detrital","siliciclastic","sandstone","93","ZKX4-24-040","rim","32","0.291884","0.004462","4.032128","0.140077","0.099856","0.003574","1650.938737","22.267163","1640.699456","28.272015","1621.295","66.665","1621.295","66.665","1.828399","60.184726","28.049428","21.63283","0.466056","LA_ICP_MS","siliciclastic","93","ZKX4-24-040",,,,,,,,,,,,,,,,,,,
"Zhang, X et al.","2014","Journal of Asian Earth Sciences","85","0","Provenance analysis of the Miocene accretionary prism of the Hengchun Peninsula, southern Taiwan, and regional geological significance","10.1016/j.jseaes.2014.01.021","ZKX4-24","China","Eastern Asia","Asia","Taiwan Island","Lilungshan Formation","Hengchun Peninsula","22.1456","120.7253","Neogene","Miocene","23.03","14.18","5.33","zircon","LA_ICP_MS","Guangzhou","Key Laboratory of Isotope Geochronology and Geochemistry, Guangzhou Institute of Geochemistry, Chinese Academy of Sciences","Agilent 7500a","detrital","siliciclastic","sandstone","93","ZKX4-24-041","rim","32","0.464377","0.009862","10.501185","0.456602","0.163671","0.006704","2458.855769","43.416376","2480.022447","40.332325","2494.14","64.045","2494.14","64.045","1.414685","14.34027","17.774187","10.054581","1.23946","LA_ICP_MS","siliciclastic","93","ZKX4-24-041",,,,,,,,,,,,,,,,,,,
"Zhang, X et al.","2014","Journal of Asian Earth Sciences","85","0","Provenance analysis of the Miocene accretionary prism of the Hengchun Peninsula, southern Taiwan, and regional geological significance","10.1016/j.jseaes.2014.01.021","ZKX4-24","China","Eastern Asia","Asia","Taiwan Island","Lilungshan Formation","Hengchun Peninsula","22.1456","120.7253","Neogene","Miocene","23.03","14.18","5.33","zircon","LA_ICP_MS","Guangzhou","Key Laboratory of Isotope Geochronology and Geochemistry, Guangzhou Institute of Geochemistry, Chinese Academy of Sciences","Agilent 7500a","detrital","siliciclastic","sandstone","93","ZKX4-24-042","rim","32","0.3797","0.004509","7.67268","0.206081","0.144412","0.003756","2074.884261","21.066471","2193.408039","24.132147","2280.555","44.7525","2280.555","44.7525","9.018451","233.153396","10.321525","103.747077","0.044269","LA_ICP_MS","siliciclastic","93","ZKX4-24-042",,,,,,,,,,,,,,,,,,,
"Zhang, X et al.","2014","Journal of Asian Earth Sciences","85","0","Provenance analysis of the Miocene accretionary prism of the Hengchun Peninsula, southern Taiwan, and regional geological significance","10.1016/j.jseaes.2014.01.021","ZKX4-24","China","Eastern Asia","Asia","Taiwan Island","Lilungshan Formation","Hengchun Peninsula","22.1456","120.7253","Neogene","Miocene","23.03","14.18","5.33","zircon","LA_ICP_MS","Guangzhou","Key Laboratory of Isotope Geochronology and Geochemistry, Guangzhou Institute of Geochemistry, Chinese Academy of Sciences","Agilent 7500a","detrital","siliciclastic","sandstone","93","ZKX4-24-043","rim","32","0.392808","0.004955","7.165707","0.216274","0.130552","0.003901","2135.837024","22.935423","2132.246834","26.899424","2105.245","51.7","2105.245","51.7","1.453134","133.694293","95.950231","71.244642","0.717684","LA_ICP_MS","siliciclastic","93","ZKX4-24-043",,,,,,,,,,,,,,,,,,,
"Zhang, X et al.","2014","Journal of Asian Earth Sciences","85","0","Provenance analysis of the Miocene accretionary prism of the Hengchun Peninsula, southern Taiwan, and regional geological significance","10.1016/j.jseaes.2014.01.021","ZKX4-24","China","Eastern Asia","Asia","Taiwan Island","Lilungshan Formation","Hengchun Peninsula","22.1456","120.7253","Neogene","Miocene","23.03","14.18","5.33","zircon","LA_ICP_MS","Guangzhou","Key Laboratory of Isotope Geochronology and Geochemistry, Guangzhou Institute of Geochemistry, Chinese Academy of Sciences","Agilent 7500a","detrital","siliciclastic","sandstone","93","ZKX4-24-044","rim","32","0.027534","0.000462","0.189512","0.010432","0.049674","0.002745","175.095046","2.896396","176.212711","8.905071","188.97","123.13","175.095046","2.896396","0.638319","443.995521","117.918598","13.944153","0.265585","LA_ICP_MS","siliciclastic","93","ZKX4-24-044",,,,,,,,,,,,,,,,,,,
"Zhang, X et al.","2014","Journal of Asian Earth Sciences","85","0","Provenance analysis of the Miocene accretionary prism of the Hengchun Peninsula, southern Taiwan, and regional geological significance","10.1016/j.jseaes.2014.01.021","ZKX4-24","China","Eastern Asia","Asia","Taiwan Island","Lilungshan Formation","Hengchun Peninsula","22.1456","120.7253","Neogene","Miocene","23.03","14.18","5.33","zircon","LA_ICP_MS","Guangzhou","Key Laboratory of Isotope Geochronology and Geochemistry, Guangzhou Institute of Geochemistry, Chinese Academy of Sciences","Agilent 7500a","detrital","siliciclastic","sandstone","93","ZKX4-24-045","rim","32","0.310409","0.004135","4.528101","0.162492","0.104272","0.003758","1742.719545","20.340768","1736.147008","29.854542","1701.85","65.585","1701.85","65.585","2.401478","248.562241","179.940149","102.182655","0.723924","LA_ICP_MS","siliciclastic","93","ZKX4-24-045",,,,,,,,,,,,,,,,,,,
"Zhang, X et al.","2014","Journal of Asian Earth Sciences","85","0","Provenance analysis of the Miocene accretionary prism of the Hengchun Peninsula, southern Taiwan, and regional geological significance","10.1016/j.jseaes.2014.01.021","ZKX4-24","China","Eastern Asia","Asia","Taiwan Island","Lilungshan Formation","Hengchun Peninsula","22.1456","120.7253","Neogene","Miocene","23.03","14.18","5.33","zircon","LA_ICP_MS","Guangzhou","Key Laboratory of Isotope Geochronology and Geochemistry, Guangzhou Institute of Geochemistry, Chinese Academy of Sciences","Agilent 7500a","detrital","siliciclastic","sandstone","93","ZKX4-24-047","rim","32","0.316447","0.004034","4.719511","0.161118","0.106372","0.003574","1772.352926","19.755684","1770.70953","28.610811","1738.885","61.2675","1738.885","61.2675","1.924677","141.888638","181.114047","67.289381","1.276452","LA_ICP_MS","siliciclastic","93","ZKX4-24-047",,,,,,,,,,,,,,,,,,,
"Zhang, X et al.","2014","Journal of Asian Earth Sciences","85","0","Provenance analysis of the Miocene accretionary prism of the Hengchun Peninsula, southern Taiwan, and regional geological significance","10.1016/j.jseaes.2014.01.021","ZKX4-24","China","Eastern Asia","Asia","Taiwan Island","Lilungshan Formation","Hengchun Peninsula","22.1456","120.7253","Neogene","Miocene","23.03","14.18","5.33","zircon","LA_ICP_MS","Guangzhou","Key Laboratory of Isotope Geochronology and Geochemistry, Guangzhou Institute of Geochemistry, Chinese Academy of Sciences","Agilent 7500a","detrital","siliciclastic","sandstone","93","ZKX4-24-048","rim","32","0.039606","0.000588","0.251242","0.01171","0.045425","0.002066","250.389847","3.644906","227.584219","9.502921",,,"250.389847","3.644906","9.108048","509.613937","277.547526","25.026727","0.544623","LA_ICP_MS","siliciclastic","93","ZKX4-24-048",,,,,,,,,,,,,,,,,,,
"Zhang, X et al.","2014","Journal of Asian Earth Sciences","85","0","Provenance analysis of the Miocene accretionary prism of the Hengchun Peninsula, southern Taiwan, and regional geological significance","10.1016/j.jseaes.2014.01.021","ZKX4-24","China","Eastern Asia","Asia","Taiwan Island","Lilungshan Formation","Hengchun Peninsula","22.1456","120.7253","Neogene","Miocene","23.03","14.18","5.33","zircon","LA_ICP_MS","Guangzhou","Key Laboratory of Isotope Geochronology and Geochemistry, Guangzhou Institute of Geochemistry, Chinese Academy of Sciences","Agilent 7500a","detrital","siliciclastic","sandstone","93","ZKX4-24-049","rim","32","0.45057","0.011955","10.116737","0.733366","0.162972","0.010661","2397.785972","53.130767","2445.501127","67.081815","2486.73","111.265","2486.73","111.265","3.576747","6.325885","6.859289","4.174738","1.084321","LA_ICP_MS","siliciclastic","93","ZKX4-24-049",,,,,,,,,,,,,,,,,,,
"Zhang, X et al.","2014","Journal of Asian Earth Sciences","85","0","Provenance analysis of the Miocene accretionary prism of the Hengchun Peninsula, southern Taiwan, and regional geological significance","10.1016/j.jseaes.2014.01.021","ZKX4-24","China","Eastern Asia","Asia","Taiwan Island","Lilungshan Formation","Hengchun Peninsula","22.1456","120.7253","Neogene","Miocene","23.03","14.18","5.33","zircon","LA_ICP_MS","Guangzhou","Key Laboratory of Isotope Geochronology and Geochemistry, Guangzhou Institute of Geochemistry, Chinese Academy of Sciences","Agilent 7500a","detrital","siliciclastic","sandstone","93","ZKX4-24-050","rim","32","0.315602","0.005457","4.256792","0.171388","0.096002","0.003596","1768.217273","26.737384","1685.049361","33.116395","1547.84","70.3675","1547.84","70.3675","14.23773","618.524838","86.349288","223.678584","0.139605","LA_ICP_MS","siliciclastic","93","ZKX4-24-050",,,,,,,,,,,,,,,,,,,
"Zhang, X et al.","2014","Journal of Asian Earth Sciences","85","0","Provenance analysis of the Miocene accretionary prism of the Hengchun Peninsula, southern Taiwan, and regional geological significance","10.1016/j.jseaes.2014.01.021","ZKX4-24","China","Eastern Asia","Asia","Taiwan Island","Lilungshan Formation","Hengchun Peninsula","22.1456","120.7253","Neogene","Miocene","23.03","14.18","5.33","zircon","LA_ICP_MS","Guangzhou","Key Laboratory of Isotope Geochronology and Geochemistry, Guangzhou Institute of Geochemistry, Chinese Academy of Sciences","Agilent 7500a","detrital","siliciclastic","sandstone","93","ZKX4-24-051","rim","32","0.041015","0.000743","0.27551","0.016874","0.04864","0.002921","259.121611","4.602694","247.08943","13.433614","131.57","133.31","259.121611","4.602694","4.643449","220.63359","100.298442","10.781941","0.454593","LA_ICP_MS","siliciclastic","93","ZKX4-24-051",,,,,,,,,,,,,,,,,,,
"Zhang, X et al.","2014","Journal of Asian Earth Sciences","85","0","Provenance analysis of the Miocene accretionary prism of the Hengchun Peninsula, southern Taiwan, and regional geological significance","10.1016/j.jseaes.2014.01.021","ZKX4-24","China","Eastern Asia","Asia","Taiwan Island","Lilungshan Formation","Hengchun Peninsula","22.1456","120.7253","Neogene","Miocene","23.03","14.18","5.33","zircon","LA_ICP_MS","Guangzhou","Key Laboratory of Isotope Geochronology and Geochemistry, Guangzhou Institute of Geochemistry, Chinese Academy of Sciences","Agilent 7500a","detrital","siliciclastic","sandstone","93","ZKX4-24-052","rim","32","0.321715","0.005185","4.298715","0.151267","0.095665","0.003202","1798.100481","25.290741","1693.115012","28.994892","1542.6","62.96","1542.6","62.96","16.562977","154.693628","43.087535","58.501838","0.278535","LA_ICP_MS","siliciclastic","93","ZKX4-24-052",,,,,,,,,,,,,,,,,,,
"Zhang, X et al.","2014","Journal of Asian Earth Sciences","85","0","Provenance analysis of the Miocene accretionary prism of the Hengchun Peninsula, southern Taiwan, and regional geological significance","10.1016/j.jseaes.2014.01.021","ZKX4-24","China","Eastern Asia","Asia","Taiwan Island","Lilungshan Formation","Hengchun Peninsula","22.1456","120.7253","Neogene","Miocene","23.03","14.18","5.33","zircon","LA_ICP_MS","Guangzhou","Key Laboratory of Isotope Geochronology and Geochemistry, Guangzhou Institute of Geochemistry, Chinese Academy of Sciences","Agilent 7500a","detrital","siliciclastic","sandstone","93","ZKX4-24-053","rim","32","0.148189","0.002484","1.268749","0.050154","0.061338","0.002379","890.804693","13.944215","831.830906","22.450169","650.015","83.32","890.804693","13.944215","6.620283","209.524715","135.569898","38.672181","0.647035","LA_ICP_MS","siliciclastic","93","ZKX4-24-053",,,,,,,,,,,,,,,,,,,
"Zhang, X et al.","2014","Journal of Asian Earth Sciences","85","0","Provenance analysis of the Miocene accretionary prism of the Hengchun Peninsula, southern Taiwan, and regional geological significance","10.1016/j.jseaes.2014.01.021","ZKX4-24","China","Eastern Asia","Asia","Taiwan Island","Lilungshan Formation","Hengchun Peninsula","22.1456","120.7253","Neogene","Miocene","23.03","14.18","5.33","zircon","LA_ICP_MS","Guangzhou","Key Laboratory of Isotope Geochronology and Geochemistry, Guangzhou Institute of Geochemistry, Chinese Academy of Sciences","Agilent 7500a","detrital","siliciclastic","sandstone","93","ZKX4-24-054","rim","32","0.417048","0.006315","7.793534","0.270571","0.133734","0.004475","2247.064234","28.73042","2207.459691","31.252461","2147.83","58.7975","2147.83","58.7975","4.620209","128.82936","26.535852","64.967883","0.205977","LA_ICP_MS","siliciclastic","93","ZKX4-24-054",,,,,,,,,,,,,,,,,,,
"Zhang, X et al.","2014","Journal of Asian Earth Sciences","85","0","Provenance analysis of the Miocene accretionary prism of the Hengchun Peninsula, southern Taiwan, and regional geological significance","10.1016/j.jseaes.2014.01.021","ZKX4-24","China","Eastern Asia","Asia","Taiwan Island","Lilungshan Formation","Hengchun Peninsula","22.1456","120.7253","Neogene","Miocene","23.03","14.18","5.33","zircon","LA_ICP_MS","Guangzhou","Key Laboratory of Isotope Geochronology and Geochemistry, Guangzhou Institute of Geochemistry, Chinese Academy of Sciences","Agilent 7500a","detrital","siliciclastic","sandstone","93","ZKX4-24-055","rim","32","0.029327","0.000648","0.212295","0.015301","0.052124","0.003704","186.332199","4.056969","195.476828","12.816645","300.06","167.57","186.332199","4.056969","4.907702","167.947898","86.05176","6.00843","0.512372","LA_ICP_MS","siliciclastic","93","ZKX4-24-055",,,,,,,,,,,,,,,,,,,
"Zhang, X et al.","2014","Journal of Asian Earth Sciences","85","0","Provenance analysis of the Miocene accretionary prism of the Hengchun Peninsula, southern Taiwan, and regional geological significance","10.1016/j.jseaes.2014.01.021","ZKX4-24","China","Eastern Asia","Asia","Taiwan Island","Lilungshan Formation","Hengchun Peninsula","22.1456","120.7253","Neogene","Miocene","23.03","14.18","5.33","zircon","LA_ICP_MS","Guangzhou","Key Laboratory of Isotope Geochronology and Geochemistry, Guangzhou Institute of Geochemistry, Chinese Academy of Sciences","Agilent 7500a","detrital","siliciclastic","sandstone","93","ZKX4-24-056","rim","32","0.038629","0.000723","0.26582","0.016917","0.04955","0.003228","244.330286","4.485408","239.346202","13.571136","172.305","153.685","244.330286","4.485408","2.039896","211.095209","3.227449","8.84083","0.015289","LA_ICP_MS","siliciclastic","93","ZKX4-24-056",,,,,,,,,,,,,,,,,,,
"Zhang, X et al.","2014","Journal of Asian Earth Sciences","85","0","Provenance analysis of the Miocene accretionary prism of the Hengchun Peninsula, southern Taiwan, and regional geological significance","10.1016/j.jseaes.2014.01.021","ZKX4-24","China","Eastern Asia","Asia","Taiwan Island","Lilungshan Formation","Hengchun Peninsula","22.1456","120.7253","Neogene","Miocene","23.03","14.18","5.33","zircon","LA_ICP_MS","Guangzhou","Key Laboratory of Isotope Geochronology and Geochemistry, Guangzhou Institute of Geochemistry, Chinese Academy of Sciences","Agilent 7500a","detrital","siliciclastic","sandstone","93","ZKX4-24-057","rim","32","0.340573","0.005559","5.191963","0.164135","0.109357","0.003269","1889.426578","26.731396","1851.299302","26.921847","1788.58","54.7875","1788.58","54.7875","5.63836","385.477273","63.485986","151.288008","0.164694","LA_ICP_MS","siliciclastic","93","ZKX4-24-057",,,,,,,,,,,,,,,,,,,
"Zhang, X et al.","2014","Journal of Asian Earth Sciences","85","0","Provenance analysis of the Miocene accretionary prism of the Hengchun Peninsula, southern Taiwan, and regional geological significance","10.1016/j.jseaes.2014.01.021","ZKX4-24","China","Eastern Asia","Asia","Taiwan Island","Lilungshan Formation","Hengchun Peninsula","22.1456","120.7253","Neogene","Miocene","23.03","14.18","5.33","zircon","LA_ICP_MS","Guangzhou","Key Laboratory of Isotope Geochronology and Geochemistry, Guangzhou Institute of Geochemistry, Chinese Academy of Sciences","Agilent 7500a","detrital","siliciclastic","sandstone","93","ZKX4-24-058","rim","32","0.329541","0.005072","5.052674","0.157353","0.109837","0.003223","1836.155132","24.594567","1828.197374","26.403176","1798.15","53.7075","1798.15","53.7075","2.113569","203.535229","75.349356","80.856305","0.370203","LA_ICP_MS","siliciclastic","93","ZKX4-24-058",,,,,,,,,,,,,,,,,,,
"Zhang, X et al.","2014","Journal of Asian Earth Sciences","85","0","Provenance analysis of the Miocene accretionary prism of the Hengchun Peninsula, southern Taiwan, and regional geological significance","10.1016/j.jseaes.2014.01.021","ZKX4-24","China","Eastern Asia","Asia","Taiwan Island","Lilungshan Formation","Hengchun Peninsula","22.1456","120.7253","Neogene","Miocene","23.03","14.18","5.33","zircon","LA_ICP_MS","Guangzhou","Key Laboratory of Isotope Geochronology and Geochemistry, Guangzhou Institute of Geochemistry, Chinese Academy of Sciences","Agilent 7500a","detrital","siliciclastic","sandstone","93","ZKX4-24-060","rim","32","0.120483","0.002526","1.192415","0.081738","0.071842","0.004564","733.345376","14.533552","797.079442","37.873375","983.335","125.0025","733.345376","14.533552","8.690866","57.238579","39.331575","8.776572","0.687151","LA_ICP_MS","siliciclastic","93","ZKX4-24-060",,,,,,,,,,,,,,,,,,,
"Zhang, X et al.","2014","Journal of Asian Earth Sciences","85","0","Provenance analysis of the Miocene accretionary prism of the Hengchun Peninsula, southern Taiwan, and regional geological significance","10.1016/j.jseaes.2014.01.021","ZKX4-24","China","Eastern Asia","Asia","Taiwan Island","Lilungshan Formation","Hengchun Peninsula","22.1456","120.7253","Neogene","Miocene","23.03","14.18","5.33","zircon","LA_ICP_MS","Guangzhou","Key Laboratory of Isotope Geochronology and Geochemistry, Guangzhou Institute of Geochemistry, Chinese Academy of Sciences","Agilent 7500a","detrital","siliciclastic","sandstone","93","ZKX4-24-061","rim","32","0.040659","0.000893","0.310249","0.022478","0.056028","0.004145","256.914303","5.52959","274.373701","17.420823","453.75","164.795","256.914303","5.52959","6.795806","122.59988","114.401687","6.663736","0.93313","LA_ICP_MS","siliciclastic","93","ZKX4-24-061",,,,,,,,,,,,,,,,,,,
"Zhang, X et al.","2014","Journal of Asian Earth Sciences","85","0","Provenance analysis of the Miocene accretionary prism of the Hengchun Peninsula, southern Taiwan, and regional geological significance","10.1016/j.jseaes.2014.01.021","ZKX4-24","China","Eastern Asia","Asia","Taiwan Island","Lilungshan Formation","Hengchun Peninsula","22.1456","120.7253","Neogene","Miocene","23.03","14.18","5.33","zircon","LA_ICP_MS","Guangzhou","Key Laboratory of Isotope Geochronology and Geochemistry, Guangzhou Institute of Geochemistry, Chinese Academy of Sciences","Agilent 7500a","detrital","siliciclastic","sandstone","93","ZKX4-24-062","rim","32","0.131788","0.0034","1.040586","0.061898","0.055443","0.002703","798.055887","19.367273","724.208629","30.809456","431.53","141.65","798.055887","19.367273","9.253394","159.586975","53.686996","22.394265","0.336412","LA_ICP_MS","siliciclastic","93","ZKX4-24-062",,,,,,,,,,,,,,,,,,,
"Zhang, X et al.","2014","Journal of Asian Earth Sciences","85","0","Provenance analysis of the Miocene accretionary prism of the Hengchun Peninsula, southern Taiwan, and regional geological significance","10.1016/j.jseaes.2014.01.021","ZKX4-24","China","Eastern Asia","Asia","Taiwan Island","Lilungshan Formation","Hengchun Peninsula","22.1456","120.7253","Neogene","Miocene","23.03","14.18","5.33","zircon","LA_ICP_MS","Guangzhou","Key Laboratory of Isotope Geochronology and Geochemistry, Guangzhou Institute of Geochemistry, Chinese Academy of Sciences","Agilent 7500a","detrital","siliciclastic","sandstone","93","ZKX4-24-063","rim","32","0.034016","0.000542","0.214021","0.008309","0.044661","0.001605","215.632898","3.380854","196.92158","6.949808",,,"215.632898","3.380854","8.677395","1581.227454","374.529631","59.847565","0.23686","LA_ICP_MS","siliciclastic","93","ZKX4-24-063",,,,,,,,,,,,,,,,,,,
"Zhang, X et al.","2014","Journal of Asian Earth Sciences","85","0","Provenance analysis of the Miocene accretionary prism of the Hengchun Peninsula, southern Taiwan, and regional geological significance","10.1016/j.jseaes.2014.01.021","ZKX4-24","China","Eastern Asia","Asia","Taiwan Island","Lilungshan Formation","Hengchun Peninsula","22.1456","120.7253","Neogene","Miocene","23.03","14.18","5.33","zircon","LA_ICP_MS","Guangzhou","Key Laboratory of Isotope Geochronology and Geochemistry, Guangzhou Institute of Geochemistry, Chinese Academy of Sciences","Agilent 7500a","detrital","siliciclastic","sandstone","93","ZKX4-24-064","rim","32","0.122325","0.002218","1.016249","0.051166","0.059879","0.003039","743.930254","12.73874","712.026189","25.772518","598.17","109.2425","743.930254","12.73874","4.288583","127.193712","108.611543","20.870243","0.853907","LA_ICP_MS","siliciclastic","93","ZKX4-24-064",,,,,,,,,,,,,,,,,,,
"Zhang, X et al.","2014","Journal of Asian Earth Sciences","85","0","Provenance analysis of the Miocene accretionary prism of the Hengchun Peninsula, southern Taiwan, and regional geological significance","10.1016/j.jseaes.2014.01.021","ZKX4-24","China","Eastern Asia","Asia","Taiwan Island","Lilungshan Formation","Hengchun Peninsula","22.1456","120.7253","Neogene","Miocene","23.03","14.18","5.33","zircon","LA_ICP_MS","Guangzhou","Key Laboratory of Isotope Geochronology and Geochemistry, Guangzhou Institute of Geochemistry, Chinese Academy of Sciences","Agilent 7500a","detrital","siliciclastic","sandstone","93","ZKX4-24-065","rim","32","0.039164","0.000787","0.264659","0.017719","0.048194","0.003127","247.646193","4.883378","238.41447","14.227409","109.35","144.42","247.646193","4.883378","3.727787","220.937886","70.499118","10.048922","0.31909","LA_ICP_MS","siliciclastic","93","ZKX4-24-065",,,,,,,,,,,,,,,,,,,
"Zhang, X et al.","2014","Journal of Asian Earth Sciences","85","0","Provenance analysis of the Miocene accretionary prism of the Hengchun Peninsula, southern Taiwan, and regional geological significance","10.1016/j.jseaes.2014.01.021","ZKX4-24","China","Eastern Asia","Asia","Taiwan Island","Lilungshan Formation","Hengchun Peninsula","22.1456","120.7253","Neogene","Miocene","23.03","14.18","5.33","zircon","LA_ICP_MS","Guangzhou","Key Laboratory of Isotope Geochronology and Geochemistry, Guangzhou Institute of Geochemistry, Chinese Academy of Sciences","Agilent 7500a","detrital","siliciclastic","sandstone","93","ZKX4-24-066","rim","32","0.204185","0.003236","1.927987","0.077109","0.067403","0.002551","1197.764323","17.325984","1090.841482","26.746324","849.995","79.6275","1197.764323","17.325984","8.926868","275.111078","122.693975","68.858114","0.44598","LA_ICP_MS","siliciclastic","93","ZKX4-24-066",,,,,,,,,,,,,,,,,,,
"Zhang, X et al.","2014","Journal of Asian Earth Sciences","85","0","Provenance analysis of the Miocene accretionary prism of the Hengchun Peninsula, southern Taiwan, and regional geological significance","10.1016/j.jseaes.2014.01.021","ZKX4-24","China","Eastern Asia","Asia","Taiwan Island","Lilungshan Formation","Hengchun Peninsula","22.1456","120.7253","Neogene","Miocene","23.03","14.18","5.33","zircon","LA_ICP_MS","Guangzhou","Key Laboratory of Isotope Geochronology and Geochemistry, Guangzhou Institute of Geochemistry, Chinese Academy of Sciences","Agilent 7500a","detrital","siliciclastic","sandstone","93","ZKX4-24-067","rim","32","0.144201","0.002748","1.179838","0.057358","0.059227","0.002836","868.37365","15.484989","791.237845","26.723691","575.96","99.06","868.37365","15.484989","8.88279","94.59997","66.069042","17.633116","0.698404","LA_ICP_MS","siliciclastic","93","ZKX4-24-067",,,,,,,,,,,,,,,,,,,
"Zhang, X et al.","2014","Journal of Asian Earth Sciences","85","0","Provenance analysis of the Miocene accretionary prism of the Hengchun Peninsula, southern Taiwan, and regional geological significance","10.1016/j.jseaes.2014.01.021","ZKX4-24","China","Eastern Asia","Asia","Taiwan Island","Lilungshan Formation","Hengchun Peninsula","22.1456","120.7253","Neogene","Miocene","23.03","14.18","5.33","zircon","LA_ICP_MS","Guangzhou","Key Laboratory of Isotope Geochronology and Geochemistry, Guangzhou Institute of Geochemistry, Chinese Academy of Sciences","Agilent 7500a","detrital","siliciclastic","sandstone","93","ZKX4-24-068","rim","32","0.179054","0.003618","1.691877","0.100403","0.06765","0.003741","1061.805581","19.781143","1005.471643","37.889749","857.4","114.81","1061.805581","19.781143","5.305485","47.067675","15.339357","9.988221","0.3259","LA_ICP_MS","siliciclastic","93","ZKX4-24-068",,,,,,,,,,,,,,,,,,,
"Zhang, X et al.","2014","Journal of Asian Earth Sciences","85","0","Provenance analysis of the Miocene accretionary prism of the Hengchun Peninsula, southern Taiwan, and regional geological significance","10.1016/j.jseaes.2014.01.021","ZKX4-24","China","Eastern Asia","Asia","Taiwan Island","Lilungshan Formation","Hengchun Peninsula","22.1456","120.7253","Neogene","Miocene","23.03","14.18","5.33","zircon","LA_ICP_MS","Guangzhou","Key Laboratory of Isotope Geochronology and Geochemistry, Guangzhou Institute of Geochemistry, Chinese Academy of Sciences","Agilent 7500a","detrital","siliciclastic","sandstone","93","ZKX4-24-069","rim","32","0.268264","0.004106","3.788467","0.121333","0.101291","0.003063","1531.986162","20.868557","1590.30352","25.733855","1647.83","56.0175","1647.83","56.0175","7.030084","205.151823","87.048955","70.239911","0.424315","LA_ICP_MS","siliciclastic","93","ZKX4-24-069",,,,,,,,,,,,,,,,,,,
"Zhang, X et al.","2014","Journal of Asian Earth Sciences","85","0","Provenance analysis of the Miocene accretionary prism of the Hengchun Peninsula, southern Taiwan, and regional geological significance","10.1016/j.jseaes.2014.01.021","ZKX4-24","China","Eastern Asia","Asia","Taiwan Island","Lilungshan Formation","Hengchun Peninsula","22.1456","120.7253","Neogene","Miocene","23.03","14.18","5.33","zircon","LA_ICP_MS","Guangzhou","Key Laboratory of Isotope Geochronology and Geochemistry, Guangzhou Institute of Geochemistry, Chinese Academy of Sciences","Agilent 7500a","detrital","siliciclastic","sandstone","93","ZKX4-24-071","rim","32","0.033262","0.000569","0.240203","0.012104","0.051708","0.002462","210.934414","3.548247","218.58633","9.910011","272.285","111.095","210.934414","3.548247","3.627628","512.122176","213.969381","20.341214","0.417809","LA_ICP_MS","siliciclastic","93","ZKX4-24-071",,,,,,,,,,,,,,,,,,,
"Zhang, X et al.","2014","Journal of Asian Earth Sciences","85","0","Provenance analysis of the Miocene accretionary prism of the Hengchun Peninsula, southern Taiwan, and regional geological significance","10.1016/j.jseaes.2014.01.021","ZKX4-24","China","Eastern Asia","Asia","Taiwan Island","Lilungshan Formation","Hengchun Peninsula","22.1456","120.7253","Neogene","Miocene","23.03","14.18","5.33","zircon","LA_ICP_MS","Guangzhou","Key Laboratory of Isotope Geochronology and Geochemistry, Guangzhou Institute of Geochemistry, Chinese Academy of Sciences","Agilent 7500a","detrital","siliciclastic","sandstone","93","ZKX4-24-072","rim","32","0.451904","0.005082","9.649899","0.292698","0.152603","0.004656","2403.710873","22.563814","2401.939774","27.913483","2375.005","51.8475","2375.005","51.8475","1.208666","333.605865","137.874571","199.357801","0.413286","LA_ICP_MS","siliciclastic","93","ZKX4-24-072",,,,,,,,,,,,,,,,,,,
"Zhang, X et al.","2014","Journal of Asian Earth Sciences","85","0","Provenance analysis of the Miocene accretionary prism of the Hengchun Peninsula, southern Taiwan, and regional geological significance","10.1016/j.jseaes.2014.01.021","ZKX4-24","China","Eastern Asia","Asia","Taiwan Island","Lilungshan Formation","Hengchun Peninsula","22.1456","120.7253","Neogene","Miocene","23.03","14.18","5.33","zircon","LA_ICP_MS","Guangzhou","Key Laboratory of Isotope Geochronology and Geochemistry, Guangzhou Institute of Geochemistry, Chinese Academy of Sciences","Agilent 7500a","detrital","siliciclastic","sandstone","93","ZKX4-24-073","rim","32","0.035283","0.000589","0.225209","0.010288","0.04565","0.002046","223.52646","3.664995","206.235852","8.526038",,,"223.52646","3.664995","7.735374","678.645151","222.813432","27.818216","0.328321","LA_ICP_MS","siliciclastic","93","ZKX4-24-073",,,,,,,,,,,,,,,,,,,
"Zhang, X et al.","2014","Journal of Asian Earth Sciences","85","0","Provenance analysis of the Miocene accretionary prism of the Hengchun Peninsula, southern Taiwan, and regional geological significance","10.1016/j.jseaes.2014.01.021","ZKX4-24","China","Eastern Asia","Asia","Taiwan Island","Lilungshan Formation","Hengchun Peninsula","22.1456","120.7253","Neogene","Miocene","23.03","14.18","5.33","zircon","LA_ICP_MS","Guangzhou","Key Laboratory of Isotope Geochronology and Geochemistry, Guangzhou Institute of Geochemistry, Chinese Academy of Sciences","Agilent 7500a","detrital","siliciclastic","sandstone","93","ZKX4-24-076","rim","32","0.021623","0.000492","0.154583","0.010996","0.053028","0.003895","137.903529","3.106473","145.950223","9.670633","331.54","166.645","137.903529","3.106473","5.835017","234.435976","98.951377","5.87056","0.422083","LA_ICP_MS","siliciclastic","93","ZKX4-24-076",,,,,,,,,,,,,,,,,,,
"Zhang, X et al.","2014","Journal of Asian Earth Sciences","85","0","Provenance analysis of the Miocene accretionary prism of the Hengchun Peninsula, southern Taiwan, and regional geological significance","10.1016/j.jseaes.2014.01.021","ZKX4-24","China","Eastern Asia","Asia","Taiwan Island","Lilungshan Formation","Hengchun Peninsula","22.1456","120.7253","Neogene","Miocene","23.03","14.18","5.33","zircon","LA_ICP_MS","Guangzhou","Key Laboratory of Isotope Geochronology and Geochemistry, Guangzhou Institute of Geochemistry, Chinese Academy of Sciences","Agilent 7500a","detrital","siliciclastic","sandstone","93","ZKX4-24-077","rim","32","0.22543","0.003771","2.22777","0.11214","0.071047","0.003647","1310.501183","19.836804","1189.817332","35.290818","958.95","105.56","958.95","105.56","36.660012","76.811422","48.227078","22.065495","0.627863","LA_ICP_MS","siliciclastic","93","ZKX4-24-077",,,,,,,,,,,,,,,,,,,
"Zhang, X et al.","2014","Journal of Asian Earth Sciences","85","0","Provenance analysis of the Miocene accretionary prism of the Hengchun Peninsula, southern Taiwan, and regional geological significance","10.1016/j.jseaes.2014.01.021","ZKX4-24","China","Eastern Asia","Asia","Taiwan Island","Lilungshan Formation","Hengchun Peninsula","22.1456","120.7253","Neogene","Miocene","23.03","14.18","5.33","zircon","LA_ICP_MS","Guangzhou","Key Laboratory of Isotope Geochronology and Geochemistry, Guangzhou Institute of Geochemistry, Chinese Academy of Sciences","Agilent 7500a","detrital","siliciclastic","sandstone","93","ZKX4-24-080","rim","32","0.465269","0.007767","8.734999","0.376366","0.134555","0.005549","2462.779425","34.171955","2310.735175","39.275402","2158.33","72.2225","2158.33","72.2225","14.105787","123.920219","122.744116","81.322954","0.990509","LA_ICP_MS","siliciclastic","93","ZKX4-24-080",,,,,,,,,,,,,,,,,,,
"Zhang, X et al.","2014","Journal of Asian Earth Sciences","85","0","Provenance analysis of the Miocene accretionary prism of the Hengchun Peninsula, southern Taiwan, and regional geological significance","10.1016/j.jseaes.2014.01.021","ZKX4-24","China","Eastern Asia","Asia","Taiwan Island","Lilungshan Formation","Hengchun Peninsula","22.1456","120.7253","Neogene","Miocene","23.03","14.18","5.33","zircon","LA_ICP_MS","Guangzhou","Key Laboratory of Isotope Geochronology and Geochemistry, Guangzhou Institute of Geochemistry, Chinese Academy of Sciences","Agilent 7500a","detrital","siliciclastic","sandstone","93","ZKX4-24-081","rim","32","0.348908","0.005332","4.732951","0.175863","0.098012","0.003438","1929.379845","25.479525","1773.092681","31.157554","1587.04","65.275","1587.04","65.275","21.570965","233.775643","59.575667","95.021848","0.254841","LA_ICP_MS","siliciclastic","93","ZKX4-24-081",,,,,,,,,,,,,,,,,,,
"Zhang, X et al.","2014","Journal of Asian Earth Sciences","85","0","Provenance analysis of the Miocene accretionary prism of the Hengchun Peninsula, southern Taiwan, and regional geological significance","10.1016/j.jseaes.2014.01.021","ZKX4-24","China","Eastern Asia","Asia","Taiwan Island","Lilungshan Formation","Hengchun Peninsula","22.1456","120.7253","Neogene","Miocene","23.03","14.18","5.33","zircon","LA_ICP_MS","Guangzhou","Key Laboratory of Isotope Geochronology and Geochemistry, Guangzhou Institute of Geochemistry, Chinese Academy of Sciences","Agilent 7500a","detrital","siliciclastic","sandstone","93","ZKX4-24-082","rim","32","0.33495","0.004669","4.826942","0.165715","0.10471","0.003525","1862.329053","22.545066","1789.604767","28.884708","1708.95","57.255","1708.95","57.255","8.975046","351.436393","175.34866","146.94082","0.498948","LA_ICP_MS","siliciclastic","93","ZKX4-24-082",,,,,,,,,,,,,,,,,,,
"Zhang, X et al.","2014","Journal of Asian Earth Sciences","85","0","Provenance analysis of the Miocene accretionary prism of the Hengchun Peninsula, southern Taiwan, and regional geological significance","10.1016/j.jseaes.2014.01.021","ZKX4-24","China","Eastern Asia","Asia","Taiwan Island","Lilungshan Formation","Hengchun Peninsula","22.1456","120.7253","Neogene","Miocene","23.03","14.18","5.33","zircon","LA_ICP_MS","Guangzhou","Key Laboratory of Isotope Geochronology and Geochemistry, Guangzhou Institute of Geochemistry, Chinese Academy of Sciences","Agilent 7500a","detrital","siliciclastic","sandstone","93","ZKX4-24-083","rim","32","0.294024","0.003495","4.005439","0.139575","0.098857","0.003395","1661.604926","17.412537","1635.29998","28.320883","1602.775","63.1125","1602.775","63.1125","3.670504","461.428205","42.250125","155.9986","0.091564","LA_ICP_MS","siliciclastic","93","ZKX4-24-083",,,,,,,,,,,,,,,,,,,
"Zhang, X et al.","2014","Journal of Asian Earth Sciences","85","0","Provenance analysis of the Miocene accretionary prism of the Hengchun Peninsula, southern Taiwan, and regional geological significance","10.1016/j.jseaes.2014.01.021","ZKX4-24","China","Eastern Asia","Asia","Taiwan Island","Lilungshan Formation","Hengchun Peninsula","22.1456","120.7253","Neogene","Miocene","23.03","14.18","5.33","zircon","LA_ICP_MS","Guangzhou","Key Laboratory of Isotope Geochronology and Geochemistry, Guangzhou Institute of Geochemistry, Chinese Academy of Sciences","Agilent 7500a","detrital","siliciclastic","sandstone","93","ZKX4-24-085","rim","32","0.410707","0.00674","8.287815","0.348993","0.147026","0.00592","2218.153062","30.797529","2262.98756","38.171328","2322.225","68.3625","2322.225","68.3625","4.481561","209.714349","99.239238","112.262944","0.473211","LA_ICP_MS","siliciclastic","93","ZKX4-24-085",,,,,,,,,,,,,,,,,,,
"Zhang, X et al.","2014","Journal of Asian Earth Sciences","85","0","Provenance analysis of the Miocene accretionary prism of the Hengchun Peninsula, southern Taiwan, and regional geological significance","10.1016/j.jseaes.2014.01.021","ZKX4-24","China","Eastern Asia","Asia","Taiwan Island","Lilungshan Formation","Hengchun Peninsula","22.1456","120.7253","Neogene","Miocene","23.03","14.18","5.33","zircon","LA_ICP_MS","Guangzhou","Key Laboratory of Isotope Geochronology and Geochemistry, Guangzhou Institute of Geochemistry, Chinese Academy of Sciences","Agilent 7500a","detrital","siliciclastic","sandstone","93","ZKX4-24-086","rim","32","0.502733","0.007672","11.399791","0.480196","0.164174","0.006645","2625.528841","32.911665","2556.409195","39.341551","2499.075","68.2075","2499.075","68.2075","5.060026","57.362319","18.496377","37.313154","0.322448","LA_ICP_MS","siliciclastic","93","ZKX4-24-086",,,,,,,,,,,,,,,,,,,
"Zhang, X et al.","2014","Journal of Asian Earth Sciences","85","0","Provenance analysis of the Miocene accretionary prism of the Hengchun Peninsula, southern Taiwan, and regional geological significance","10.1016/j.jseaes.2014.01.021","ZKX4-24","China","Eastern Asia","Asia","Taiwan Island","Lilungshan Formation","Hengchun Peninsula","22.1456","120.7253","Neogene","Miocene","23.03","14.18","5.33","zircon","LA_ICP_MS","Guangzhou","Key Laboratory of Isotope Geochronology and Geochemistry, Guangzhou Institute of Geochemistry, Chinese Academy of Sciences","Agilent 7500a","detrital","siliciclastic","sandstone","93","ZKX4-24-087","rim","32","0.43895","0.006042","8.889644","0.32047","0.145887","0.005155","2345.937929","27.070211","2326.738284","32.914579","2298.46","60.8025","2298.46","60.8025","2.065641","108.522496","73.498806","65.1549","0.677268","LA_ICP_MS","siliciclastic","93","ZKX4-24-087",,,,,,,,,,,,,,,,,,,
"Zhang, X et al.","2014","Journal of Asian Earth Sciences","85","0","Provenance analysis of the Miocene accretionary prism of the Hengchun Peninsula, southern Taiwan, and regional geological significance","10.1016/j.jseaes.2014.01.021","ZKX4-24","China","Eastern Asia","Asia","Taiwan Island","Lilungshan Formation","Hengchun Peninsula","22.1456","120.7253","Neogene","Miocene","23.03","14.18","5.33","zircon","LA_ICP_MS","Guangzhou","Key Laboratory of Isotope Geochronology and Geochemistry, Guangzhou Institute of Geochemistry, Chinese Academy of Sciences","Agilent 7500a","detrital","siliciclastic","sandstone","93","ZKX4-24-088","rim","32","0.280362","0.004023","4.319082","0.151527","0.110602","0.003912","1593.18551","20.255294","1697.010413","28.933486","1809.57","64.5075","1809.57","64.5075","11.957785","179.893177","75.760574","63.955453","0.421142","LA_ICP_MS","siliciclastic","93","ZKX4-24-088",,,,,,,,,,,,,,,,,,,
"Zhang, X et al.","2014","Journal of Asian Earth Sciences","85","0","Provenance analysis of the Miocene accretionary prism of the Hengchun Peninsula, southern Taiwan, and regional geological significance","10.1016/j.jseaes.2014.01.021","ZKX4-24","China","Eastern Asia","Asia","Taiwan Island","Lilungshan Formation","Hengchun Peninsula","22.1456","120.7253","Neogene","Miocene","23.03","14.18","5.33","zircon","LA_ICP_MS","Guangzhou","Key Laboratory of Isotope Geochronology and Geochemistry, Guangzhou Institute of Geochemistry, Chinese Academy of Sciences","Agilent 7500a","detrital","siliciclastic","sandstone","93","ZKX4-24-090","rim","32","0.327418","0.004889","5.120624","0.193748","0.110203","0.004118","1825.852799","23.743046","1839.532994","32.152593","1802.775","68.2125","1802.775","68.2125","1.280126","385.508173","72.417836","149.845635","0.18785","LA_ICP_MS","siliciclastic","93","ZKX4-24-090",,,,,,,,,,,,,,,,,,,
"Zhang, X et al.","2014","Journal of Asian Earth Sciences","85","0","Provenance analysis of the Miocene accretionary prism of the Hengchun Peninsula, southern Taiwan, and regional geological significance","10.1016/j.jseaes.2014.01.021","ZKX4-24","China","Eastern Asia","Asia","Taiwan Island","Lilungshan Formation","Hengchun Peninsula","22.1456","120.7253","Neogene","Miocene","23.03","14.18","5.33","zircon","LA_ICP_MS","Guangzhou","Key Laboratory of Isotope Geochronology and Geochemistry, Guangzhou Institute of Geochemistry, Chinese Academy of Sciences","Agilent 7500a","detrital","siliciclastic","sandstone","93","ZKX4-24-091","rim","32","0.033747","0.000619","0.241516","0.015324","0.050069","0.003029","213.956452","3.861851","219.660726","12.533421","198.23","140.7225","213.956452","3.861851","2.666091","376.168784","364.20109","17.094746","0.968185","LA_ICP_MS","siliciclastic","93","ZKX4-24-091",,,,,,,,,,,,,,,,,,,
"Zhang, X et al.","2014","Journal of Asian Earth Sciences","85","0","Provenance analysis of the Miocene accretionary prism of the Hengchun Peninsula, southern Taiwan, and regional geological significance","10.1016/j.jseaes.2014.01.021","ZKX4-24","China","Eastern Asia","Asia","Taiwan Island","Lilungshan Formation","Hengchun Peninsula","22.1456","120.7253","Neogene","Miocene","23.03","14.18","5.33","zircon","LA_ICP_MS","Guangzhou","Key Laboratory of Isotope Geochronology and Geochemistry, Guangzhou Institute of Geochemistry, Chinese Academy of Sciences","Agilent 7500a","detrital","siliciclastic","sandstone","93","ZKX4-24-092","rim","32","0.130024","0.002973","1.327652","0.09498","0.074083","0.005173","788.002326","16.961182","857.856419","41.455758","1043.525","146.45","788.002326","16.961182","8.864706","63.817009","71.68702","11.749404","1.123322","LA_ICP_MS","siliciclastic","93","ZKX4-24-092",,,,,,,,,,,,,,,,,,,
"Zhang, X et al.","2014","Journal of Asian Earth Sciences","85","0","Provenance analysis of the Miocene accretionary prism of the Hengchun Peninsula, southern Taiwan, and regional geological significance","10.1016/j.jseaes.2014.01.021","ZKX4-24","China","Eastern Asia","Asia","Taiwan Island","Lilungshan Formation","Hengchun Peninsula","22.1456","120.7253","Neogene","Miocene","23.03","14.18","5.33","zircon","LA_ICP_MS","Guangzhou","Key Laboratory of Isotope Geochronology and Geochemistry, Guangzhou Institute of Geochemistry, Chinese Academy of Sciences","Agilent 7500a","detrital","siliciclastic","sandstone","93","ZKX4-24-093","rim","32","0.573284","0.009317","16.844192","0.617075","0.207992","0.007393","2921.292321","38.176146","2926.007068","35.127263","2889.815","57.715","2889.815","57.715","1.08925","97.549298","44.433426","73.186215","0.455497","LA_ICP_MS","siliciclastic","93","ZKX4-24-093",,,,,,,,,,,,,,,,,,,
"Zhang, X et al.","2014","Journal of Asian Earth Sciences","85","0","Provenance analysis of the Miocene accretionary prism of the Hengchun Peninsula, southern Taiwan, and regional geological significance","10.1016/j.jseaes.2014.01.021","ZKX4-24","China","Eastern Asia","Asia","Taiwan Island","Lilungshan Formation","Hengchun Peninsula","22.1456","120.7253","Neogene","Miocene","23.03","14.18","5.33","zircon","LA_ICP_MS","Guangzhou","Key Laboratory of Isotope Geochronology and Geochemistry, Guangzhou Institute of Geochemistry, Chinese Academy of Sciences","Agilent 7500a","detrital","siliciclastic","sandstone","93","ZKX4-24-094","rim","32","0.285674","0.004256","3.851685","0.154116","0.095521","0.003761","1619.874993","21.341916","1603.620938","32.265002","1538.895","74.07","1538.895","74.07","5.262217","285.907783","168.180614","103.586122","0.588234","LA_ICP_MS","siliciclastic","93","ZKX4-24-094",,,,,,,,,,,,,,,,,,,
"Zhang, X et al.","2014","Journal of Asian Earth Sciences","85","0","Provenance analysis of the Miocene accretionary prism of the Hengchun Peninsula, southern Taiwan, and regional geological significance","10.1016/j.jseaes.2014.01.021","ZKX4-24","China","Eastern Asia","Asia","Taiwan Island","Lilungshan Formation","Hengchun Peninsula","22.1456","120.7253","Neogene","Miocene","23.03","14.18","5.33","zircon","LA_ICP_MS","Guangzhou","Key Laboratory of Isotope Geochronology and Geochemistry, Guangzhou Institute of Geochemistry, Chinese Academy of Sciences","Agilent 7500a","detrital","siliciclastic","sandstone","93","ZKX4-24-095","rim","32","0.307836","0.0047","4.627507","0.195309","0.106595","0.004477","1730.047082","23.167511","1754.243305","35.254217","1742.59","76.08","1742.59","76.08","0.719786","591.678442","217.694209","221.765172","0.367927","LA_ICP_MS","siliciclastic","93","ZKX4-24-095",,,,,,,,,,,,,,,,,,,
"Zhang, X et al.","2014","Journal of Asian Earth Sciences","85","0","Provenance analysis of the Miocene accretionary prism of the Hengchun Peninsula, southern Taiwan, and regional geological significance","10.1016/j.jseaes.2014.01.021","ZKX4-24","China","Eastern Asia","Asia","Taiwan Island","Lilungshan Formation","Hengchun Peninsula","22.1456","120.7253","Neogene","Miocene","23.03","14.18","5.33","zircon","LA_ICP_MS","Guangzhou","Key Laboratory of Isotope Geochronology and Geochemistry, Guangzhou Institute of Geochemistry, Chinese Academy of Sciences","Agilent 7500a","detrital","siliciclastic","sandstone","93","ZKX4-24-096","rim","32","0.26984","0.004343","3.948837","0.165717","0.104043","0.004337","1539.988104","22.04895","1623.752505","34.013919","1698.15","76.08","1698.15","76.08","9.313777","353.480568","103.588487","112.129554","0.293053","LA_ICP_MS","siliciclastic","93","ZKX4-24-096",,,,,,,,,,,,,,,,,,,
"Zhang, X et al.","2014","Journal of Asian Earth Sciences","85","0","Provenance analysis of the Miocene accretionary prism of the Hengchun Peninsula, southern Taiwan, and regional geological significance","10.1016/j.jseaes.2014.01.021","ZKX4-24","China","Eastern Asia","Asia","Taiwan Island","Lilungshan Formation","Hengchun Peninsula","22.1456","120.7253","Neogene","Miocene","23.03","14.18","5.33","zircon","LA_ICP_MS","Guangzhou","Key Laboratory of Isotope Geochronology and Geochemistry, Guangzhou Institute of Geochemistry, Chinese Academy of Sciences","Agilent 7500a","detrital","siliciclastic","sandstone","93","ZKX4-24-097","rim","32","0.349542","0.00521","5.434126","0.208821","0.110141","0.004089","1932.410033","24.887231","1890.25329","32.966067","1801.54","100.465","1801.54","100.465","7.264342","254.522417","159.484067","112.88612","0.626601","LA_ICP_MS","siliciclastic","93","ZKX4-24-097",,,,,,,,,,,,,,,,,,,
"Zhang, X et al.","2014","Journal of Asian Earth Sciences","85","0","Provenance analysis of the Miocene accretionary prism of the Hengchun Peninsula, southern Taiwan, and regional geological significance","10.1016/j.jseaes.2014.01.021","ZKX4-24","China","Eastern Asia","Asia","Taiwan Island","Lilungshan Formation","Hengchun Peninsula","22.1456","120.7253","Neogene","Miocene","23.03","14.18","5.33","zircon","LA_ICP_MS","Guangzhou","Key Laboratory of Isotope Geochronology and Geochemistry, Guangzhou Institute of Geochemistry, Chinese Academy of Sciences","Agilent 7500a","detrital","siliciclastic","sandstone","93","ZKX4-24-098","rim","32","0.345275","0.005","5.087434","0.182586","0.104847","0.003736","1911.994534","23.957878","1834.011959","30.4645","1722.22","60.035","1722.22","60.035","11.019181","290.172841","138.775337","122.095188","0.478251","LA_ICP_MS","siliciclastic","93","ZKX4-24-098",,,,,,,,,,,,,,,,,,,
"Zhang, X et al.","2014","Journal of Asian Earth Sciences","85","0","Provenance analysis of the Miocene accretionary prism of the Hengchun Peninsula, southern Taiwan, and regional geological significance","10.1016/j.jseaes.2014.01.021","ZKX4-24","China","Eastern Asia","Asia","Taiwan Island","Lilungshan Formation","Hengchun Peninsula","22.1456","120.7253","Neogene","Miocene","23.03","14.18","5.33","zircon","LA_ICP_MS","Guangzhou","Key Laboratory of Isotope Geochronology and Geochemistry, Guangzhou Institute of Geochemistry, Chinese Academy of Sciences","Agilent 7500a","detrital","siliciclastic","sandstone","93","ZKX4-24-099","rim","32","0.477012","0.007133","10.095413","0.378905","0.149942","0.005427","2514.238319","31.132919","2443.551617","34.68849","2346.3","61.2625","2346.3","61.2625","7.157581","349.342292","115.560822","205.781134","0.330795","LA_ICP_MS","siliciclastic","93","ZKX4-24-099",,,,,,,,,,,,,,,,,,,
"Zhang, X et al.","2014","Journal of Asian Earth Sciences","85","0","Provenance analysis of the Miocene accretionary prism of the Hengchun Peninsula, southern Taiwan, and regional geological significance","10.1016/j.jseaes.2014.01.021","ZKX4-24","China","Eastern Asia","Asia","Taiwan Island","Lilungshan Formation","Hengchun Peninsula","22.1456","120.7253","Neogene","Miocene","23.03","14.18","5.33","zircon","LA_ICP_MS","Guangzhou","Key Laboratory of Isotope Geochronology and Geochemistry, Guangzhou Institute of Geochemistry, Chinese Academy of Sciences","Agilent 7500a","detrital","siliciclastic","sandstone","93","ZKX4-24-100","rim","32","0.318098","0.004888","4.745426","0.197656","0.105801","0.00434","1780.432537","23.904868","1775.299941","34.945375","1728.085","75.31","1728.085","75.31","3.029222","392.293034","201.011004","152.846318","0.5124","LA_ICP_MS","siliciclastic","93","ZKX4-24-100",,,,,,,,,,,,,,,,,,,
"Zhang, X et al.","2014","Journal of Asian Earth Sciences","85","0","Provenance analysis of the Miocene accretionary prism of the Hengchun Peninsula, southern Taiwan, and regional geological significance","10.1016/j.jseaes.2014.01.021","ZKX4-24","China","Eastern Asia","Asia","Taiwan Island","Lilungshan Formation","Hengchun Peninsula","22.1456","120.7253","Neogene","Miocene","23.03","14.18","5.33","zircon","LA_ICP_MS","Guangzhou","Key Laboratory of Isotope Geochronology and Geochemistry, Guangzhou Institute of Geochemistry, Chinese Academy of Sciences","Agilent 7500a","detrital","siliciclastic","sandstone","93","ZKX4-24-101","rim","32","0.016592","0.00032","0.117248","0.008048","0.051352","0.003478","106.081861","2.028131","112.573802","7.31422","257.47","152.7575","106.081861","2.028131","6.119746","471.282702","588.11613","11.274811","1.247905","LA_ICP_MS","siliciclastic","93","ZKX4-24-101",,,,,,,,,,,,,,,,,,,
"Zhang, X et al.","2014","Journal of Asian Earth Sciences","85","0","Provenance analysis of the Miocene accretionary prism of the Hengchun Peninsula, southern Taiwan, and regional geological significance","10.1016/j.jseaes.2014.01.021","ZKX4-24","China","Eastern Asia","Asia","Taiwan Island","Lilungshan Formation","Hengchun Peninsula","22.1456","120.7253","Neogene","Miocene","23.03","14.18","5.33","zircon","LA_ICP_MS","Guangzhou","Key Laboratory of Isotope Geochronology and Geochemistry, Guangzhou Institute of Geochemistry, Chinese Academy of Sciences","Agilent 7500a","detrital","siliciclastic","sandstone","93","ZKX4-24-102","rim","32","0.1322","0.002219","1.128512","0.054418","0.061024","0.002915","800.40184","12.63445","767.044086","25.964977","638.905","69.435","800.40184","12.63445","4.167626","192.23502","124.923122","31.480754","0.649846","LA_ICP_MS","siliciclastic","93","ZKX4-24-102",,,,,,,,,,,,,,,,,,,
"Zhang, X et al.","2014","Journal of Asian Earth Sciences","85","0","Provenance analysis of the Miocene accretionary prism of the Hengchun Peninsula, southern Taiwan, and regional geological significance","10.1016/j.jseaes.2014.01.021","ZKX4-24","China","Eastern Asia","Asia","Taiwan Island","Lilungshan Formation","Hengchun Peninsula","22.1456","120.7253","Neogene","Miocene","23.03","14.18","5.33","zircon","LA_ICP_MS","Guangzhou","Key Laboratory of Isotope Geochronology and Geochemistry, Guangzhou Institute of Geochemistry, Chinese Academy of Sciences","Agilent 7500a","detrital","siliciclastic","sandstone","93","ZKX4-24-103","rim","32","0.314199","0.004114","4.715097","0.170708","0.107037","0.003837","1761.335482","20.178309","1769.925575","30.338197","1749.995","65.275","1749.995","65.275","0.648029","239.126806","68.289414","89.730883","0.285578","LA_ICP_MS","siliciclastic","93","ZKX4-24-103",,,,,,,,,,,,,,,,,,,
"Zhang, X et al.","2014","Journal of Asian Earth Sciences","85","0","Provenance analysis of the Miocene accretionary prism of the Hengchun Peninsula, southern Taiwan, and regional geological significance","10.1016/j.jseaes.2014.01.021","ZKX4-24","China","Eastern Asia","Asia","Taiwan Island","Lilungshan Formation","Hengchun Peninsula","22.1456","120.7253","Neogene","Miocene","23.03","14.18","5.33","zircon","LA_ICP_MS","Guangzhou","Key Laboratory of Isotope Geochronology and Geochemistry, Guangzhou Institute of Geochemistry, Chinese Academy of Sciences","Agilent 7500a","detrital","siliciclastic","sandstone","93","ZKX4-24-104","rim","32","0.049351","0.000744","0.349855","0.015194","0.050895","0.002248","310.538831","4.572586","304.612004","11.429965","235.25","106.465","310.538831","4.572586","1.908563","706.444514","105.44814","38.071524","0.149266","LA_ICP_MS","siliciclastic","93","ZKX4-24-104",,,,,,,,,,,,,,,,,,,
"Zhang, X et al.","2014","Journal of Asian Earth Sciences","85","0","Provenance analysis of the Miocene accretionary prism of the Hengchun Peninsula, southern Taiwan, and regional geological significance","10.1016/j.jseaes.2014.01.021","ZKX4-24","China","Eastern Asia","Asia","Taiwan Island","Lilungshan Formation","Hengchun Peninsula","22.1456","120.7253","Neogene","Miocene","23.03","14.18","5.33","zircon","LA_ICP_MS","Guangzhou","Key Laboratory of Isotope Geochronology and Geochemistry, Guangzhou Institute of Geochemistry, Chinese Academy of Sciences","Agilent 7500a","detrital","siliciclastic","sandstone","93","ZKX4-24-105","rim","32","0.341803","0.004709","5.131953","0.172885","0.106913","0.003408","1895.336362","22.625109","1841.410652","28.635421","1747.215","58.795","1747.215","58.795","8.477569","341.329403","136.616234","142.291809","0.400247","LA_ICP_MS","siliciclastic","93","ZKX4-24-105",,,,,,,,,,,,,,,,,,,
"Zhang, X et al.","2014","Journal of Asian Earth Sciences","85","0","Provenance analysis of the Miocene accretionary prism of the Hengchun Peninsula, southern Taiwan, and regional geological significance","10.1016/j.jseaes.2014.01.021","ZKX4-24","China","Eastern Asia","Asia","Taiwan Island","Lilungshan Formation","Hengchun Peninsula","22.1456","120.7253","Neogene","Miocene","23.03","14.18","5.33","zircon","LA_ICP_MS","Guangzhou","Key Laboratory of Isotope Geochronology and Geochemistry, Guangzhou Institute of Geochemistry, Chinese Academy of Sciences","Agilent 7500a","detrital","siliciclastic","sandstone","93","ZKX4-24-106","rim","32","0.335034","0.004376","5.050361","0.157035","0.107563","0.003222","1862.734356","21.129704","1827.80931","26.359806","1758.33","55.0925","1758.33","55.0925","5.9377","363.378319","132.989922","148.318147","0.365982","LA_ICP_MS","siliciclastic","93","ZKX4-24-106",,,,,,,,,,,,,,,,,,,
"Zhang, X et al.","2014","Journal of Asian Earth Sciences","85","0","Provenance analysis of the Miocene accretionary prism of the Hengchun Peninsula, southern Taiwan, and regional geological significance","10.1016/j.jseaes.2014.01.021","ZKX4-24","China","Eastern Asia","Asia","Taiwan Island","Lilungshan Formation","Hengchun Peninsula","22.1456","120.7253","Neogene","Miocene","23.03","14.18","5.33","zircon","LA_ICP_MS","Guangzhou","Key Laboratory of Isotope Geochronology and Geochemistry, Guangzhou Institute of Geochemistry, Chinese Academy of Sciences","Agilent 7500a","detrital","siliciclastic","sandstone","93","ZKX4-24-107","rim","32","0.329225","0.004775","4.953921","0.163042","0.107331","0.003322","1834.62409","23.155791","1811.494145","27.812221","1754.625","56.0175","1754.625","56.0175","4.559327","201.119057","110.679227","84.422878","0.550317","LA_ICP_MS","siliciclastic","93","ZKX4-24-107",,,,,,,,,,,,,,,,,,,
"Zhang, X et al.","2014","Journal of Asian Earth Sciences","85","0","Provenance analysis of the Miocene accretionary prism of the Hengchun Peninsula, southern Taiwan, and regional geological significance","10.1016/j.jseaes.2014.01.021","ZKX4-24","China","Eastern Asia","Asia","Taiwan Island","Lilungshan Formation","Hengchun Peninsula","22.1456","120.7253","Neogene","Miocene","23.03","14.18","5.33","zircon","LA_ICP_MS","Guangzhou","Key Laboratory of Isotope Geochronology and Geochemistry, Guangzhou Institute of Geochemistry, Chinese Academy of Sciences","Agilent 7500a","detrital","siliciclastic","sandstone","93","ZKX4-24-108","rim","32","0.336829","0.004507","4.973455","0.15146","0.10533","0.002997","1871.398456","21.732464","1814.82006","25.751086","1720.37","47.225","1720.37","47.225","8.778836","373.950322","93.415515","149.625297","0.249807","LA_ICP_MS","siliciclastic","93","ZKX4-24-108",,,,,,,,,,,,,,,,,,,
"Zhang, X et al.","2014","Journal of Asian Earth Sciences","85","0","Provenance analysis of the Miocene accretionary prism of the Hengchun Peninsula, southern Taiwan, and regional geological significance","10.1016/j.jseaes.2014.01.021","ZKX4-24","China","Eastern Asia","Asia","Taiwan Island","Lilungshan Formation","Hengchun Peninsula","22.1456","120.7253","Neogene","Miocene","23.03","14.18","5.33","zircon","LA_ICP_MS","Guangzhou","Key Laboratory of Isotope Geochronology and Geochemistry, Guangzhou Institute of Geochemistry, Chinese Academy of Sciences","Agilent 7500a","detrital","siliciclastic","sandstone","93","ZKX4-24-109","rim","32","0.325973","0.004158","4.802472","0.144097","0.105326","0.003037","1818.832624","20.216472","1785.331728","25.220889","1720.37","52.7825","1720.37","52.7825","5.72334","311.241051","150.539907","128.570455","0.483676","LA_ICP_MS","siliciclastic","93","ZKX4-24-109",,,,,,,,,,,,,,,,,,,
"Zhang, X et al.","2014","Journal of Asian Earth Sciences","85","0","Provenance analysis of the Miocene accretionary prism of the Hengchun Peninsula, southern Taiwan, and regional geological significance","10.1016/j.jseaes.2014.01.021","ZKX4-24","China","Eastern Asia","Asia","Taiwan Island","Lilungshan Formation","Hengchun Peninsula","22.1456","120.7253","Neogene","Miocene","23.03","14.18","5.33","zircon","LA_ICP_MS","Guangzhou","Key Laboratory of Isotope Geochronology and Geochemistry, Guangzhou Institute of Geochemistry, Chinese Academy of Sciences","Agilent 7500a","detrital","siliciclastic","sandstone","93","ZKX4-24-110","rim","32","0.278621","0.0041","4.04918","0.128921","0.103663","0.003008","1584.414322","20.673424","1644.134412","25.931429","1690.43","53.705","1690.43","53.705","6.271521","633.839201","69.414343","206.267252","0.109514","LA_ICP_MS","siliciclastic","93","ZKX4-24-110",,,,,,,,,,,,,,,,,,,
"Zhang, X et al.","2014","Journal of Asian Earth Sciences","85","0","Provenance analysis of the Miocene accretionary prism of the Hengchun Peninsula, southern Taiwan, and regional geological significance","10.1016/j.jseaes.2014.01.021","ZKX4-24","China","Eastern Asia","Asia","Taiwan Island","Lilungshan Formation","Hengchun Peninsula","22.1456","120.7253","Neogene","Miocene","23.03","14.18","5.33","zircon","LA_ICP_MS","Guangzhou","Key Laboratory of Isotope Geochronology and Geochemistry, Guangzhou Institute of Geochemistry, Chinese Academy of Sciences","Agilent 7500a","detrital","siliciclastic","sandstone","93","ZKX4-24-111","rim","32","0.279851","0.004062","4.061734","0.130921","0.103847","0.00316","1590.61107","20.462248","1646.655852","26.268574","1694.445","56.6375","1694.445","56.6375","6.127902","375.982937","95.441395","127.504313","0.253845","LA_ICP_MS","siliciclastic","93","ZKX4-24-111",,,,,,,,,,,,,,,,,,,
"Zhang, X et al.","2014","Journal of Asian Earth Sciences","85","0","Provenance analysis of the Miocene accretionary prism of the Hengchun Peninsula, southern Taiwan, and regional geological significance","10.1016/j.jseaes.2014.01.021","ZKX4-24","China","Eastern Asia","Asia","Taiwan Island","Lilungshan Formation","Hengchun Peninsula","22.1456","120.7253","Neogene","Miocene","23.03","14.18","5.33","zircon","LA_ICP_MS","Guangzhou","Key Laboratory of Isotope Geochronology and Geochemistry, Guangzhou Institute of Geochemistry, Chinese Academy of Sciences","Agilent 7500a","detrital","siliciclastic","sandstone","93","ZKX4-24-112","rim","32","0.327588","0.0051","4.899633","0.181868","0.107612","0.003854","1826.679654","24.764349","1802.193386","31.311144","1761.11","70.5275","1761.11","70.5275","3.7232","133.420399","49.905669","54.131682","0.374048","LA_ICP_MS","siliciclastic","93","ZKX4-24-112",,,,,,,,,,,,,,,,,,,
"Zhang, X et al.","2014","Journal of Asian Earth Sciences","85","0","Provenance analysis of the Miocene accretionary prism of the Hengchun Peninsula, southern Taiwan, and regional geological significance","10.1016/j.jseaes.2014.01.021","ZKX1-19","China","Eastern Asia","Asia","Taiwan Island","Lilungshan Formation","Hengchun Peninsula","22.1509","120.7234","Neogene","Miocene","23.03","14.18","5.33","zircon","LA_ICP_MS","Guangzhou","Key Laboratory of Isotope Geochronology and Geochemistry, Guangzhou Institute of Geochemistry, Chinese Academy of Sciences","Agilent 7500a","detrital","siliciclastic","sandy pebble","77","ZKX1-19-001","rim","32","0.026078","0.000441","0.176058","0.009959","0.047961","0.002785","160.436449","7.746096","164.662931","8.598471","98.24","129.605","160.436449","7.746096","2.634365","468.332703","162.764445","14.114345","0.34754","LA_ICP_MS","siliciclastic","77","ZKX1-19-001",,,,,,,,,,,,,,,,,,,
"Zhang, X et al.","2014","Journal of Asian Earth Sciences","85","0","Provenance analysis of the Miocene accretionary prism of the Hengchun Peninsula, southern Taiwan, and regional geological significance","10.1016/j.jseaes.2014.01.021","ZKX1-19","China","Eastern Asia","Asia","Taiwan Island","Lilungshan Formation","Hengchun Peninsula","22.1509","120.7234","Neogene","Miocene","23.03","14.18","5.33","zircon","LA_ICP_MS","Guangzhou","Key Laboratory of Isotope Geochronology and Geochemistry, Guangzhou Institute of Geochemistry, Chinese Academy of Sciences","Agilent 7500a","detrital","siliciclastic","sandy pebble","77","ZKX1-19-003","rim","32","0.267486","0.003654","3.903063","0.131055","0.102629","0.003462","1533.204314","53.26175","1614.317093","27.14693","1671.91","61.88","1671.91","61.88","8.296241","187.641184","74.581688","61.114996","0.39747","LA_ICP_MS","siliciclastic","77","ZKX1-19-003",,,,,,,,,,,,,,,,,,,
"Zhang, X et al.","2014","Journal of Asian Earth Sciences","85","0","Provenance analysis of the Miocene accretionary prism of the Hengchun Peninsula, southern Taiwan, and regional geological significance","10.1016/j.jseaes.2014.01.021","ZKX1-19","China","Eastern Asia","Asia","Taiwan Island","Lilungshan Formation","Hengchun Peninsula","22.1509","120.7234","Neogene","Miocene","23.03","14.18","5.33","zircon","LA_ICP_MS","Guangzhou","Key Laboratory of Isotope Geochronology and Geochemistry, Guangzhou Institute of Geochemistry, Chinese Academy of Sciences","Agilent 7500a","detrital","siliciclastic","sandy pebble","77","ZKX1-19-004","rim","32","0.32279","0.003975","4.737482","0.161996","0.103203","0.003559","1784.042538","59.168735","1773.894994","28.676616","1683.335","64.35","1683.335","64.35","5.98262","436.372634","183.644554","171.719793","0.420843","LA_ICP_MS","siliciclastic","77","ZKX1-19-004",,,,,,,,,,,,,,,,,,,
"Zhang, X et al.","2014","Journal of Asian Earth Sciences","85","0","Provenance analysis of the Miocene accretionary prism of the Hengchun Peninsula, southern Taiwan, and regional geological significance","10.1016/j.jseaes.2014.01.021","ZKX1-19","China","Eastern Asia","Asia","Taiwan Island","Lilungshan Formation","Hengchun Peninsula","22.1509","120.7234","Neogene","Miocene","23.03","14.18","5.33","zircon","LA_ICP_MS","Guangzhou","Key Laboratory of Isotope Geochronology and Geochemistry, Guangzhou Institute of Geochemistry, Chinese Academy of Sciences","Agilent 7500a","detrital","siliciclastic","sandy pebble","77","ZKX1-19-005","rim","32","0.254745","0.004082","3.471126","0.155741","0.095878","0.004252","1434.395543","57.30431","1520.678585","35.382857","1546.3","83.33","1546.3","83.33","7.236918","126.846601","77.553333","40.182528","0.611395","LA_ICP_MS","siliciclastic","77","ZKX1-19-005",,,,,,,,,,,,,,,,,,,
"Zhang, X et al.","2014","Journal of Asian Earth Sciences","85","0","Provenance analysis of the Miocene accretionary prism of the Hengchun Peninsula, southern Taiwan, and regional geological significance","10.1016/j.jseaes.2014.01.021","ZKX1-19","China","Eastern Asia","Asia","Taiwan Island","Lilungshan Formation","Hengchun Peninsula","22.1509","120.7234","Neogene","Miocene","23.03","14.18","5.33","zircon","LA_ICP_MS","Guangzhou","Key Laboratory of Isotope Geochronology and Geochemistry, Guangzhou Institute of Geochemistry, Chinese Academy of Sciences","Agilent 7500a","detrital","siliciclastic","sandy pebble","77","ZKX1-19-006","rim","32","0.019979","0.000465","0.14863","0.011607","0.05552","0.004536","126.961573","7.606999","140.701129","10.260964","431.53","183.31","126.961573","7.606999","10.821823","250.943156","188.098387","6.216234","0.749566","LA_ICP_MS","siliciclastic","77","ZKX1-19-006",,,,,,,,,,,,,,,,,,,
"Zhang, X et al.","2014","Journal of Asian Earth Sciences","85","0","Provenance analysis of the Miocene accretionary prism of the Hengchun Peninsula, southern Taiwan, and regional geological significance","10.1016/j.jseaes.2014.01.021","ZKX1-19","China","Eastern Asia","Asia","Taiwan Island","Lilungshan Formation","Hengchun Peninsula","22.1509","120.7234","Neogene","Miocene","23.03","14.18","5.33","zircon","LA_ICP_MS","Guangzhou","Key Laboratory of Isotope Geochronology and Geochemistry, Guangzhou Institute of Geochemistry, Chinese Academy of Sciences","Agilent 7500a","detrital","siliciclastic","sandy pebble","77","ZKX1-19-007","rim","32","0.37633","0.005071","6.286594","0.232311","0.118132","0.004386","2075.03214","68.510762","2016.587455","32.383451","1928.09","66.665","1928.09","66.665","7.621125","103.113303","72.873514","50.761587","0.706732","LA_ICP_MS","siliciclastic","77","ZKX1-19-007",,,,,,,,,,,,,,,,,,,
"Zhang, X et al.","2014","Journal of Asian Earth Sciences","85","0","Provenance analysis of the Miocene accretionary prism of the Hengchun Peninsula, southern Taiwan, and regional geological significance","10.1016/j.jseaes.2014.01.021","ZKX1-19","China","Eastern Asia","Asia","Taiwan Island","Lilungshan Formation","Hengchun Peninsula","22.1509","120.7234","Neogene","Miocene","23.03","14.18","5.33","zircon","LA_ICP_MS","Guangzhou","Key Laboratory of Isotope Geochronology and Geochemistry, Guangzhou Institute of Geochemistry, Chinese Academy of Sciences","Agilent 7500a","detrital","siliciclastic","sandy pebble","77","ZKX1-19-009","rim","32","0.041247","0.000666","0.311593","0.018277","0.054332","0.003113","247.110847","10.470222","275.415325","14.150302","383.385","129.6175","247.110847","10.470222","11.454162","165.172732","122.499074","8.558001","0.741642","LA_ICP_MS","siliciclastic","77","ZKX1-19-009",,,,,,,,,,,,,,,,,,,
"Zhang, X et al.","2014","Journal of Asian Earth Sciences","85","0","Provenance analysis of the Miocene accretionary prism of the Hengchun Peninsula, southern Taiwan, and regional geological significance","10.1016/j.jseaes.2014.01.021","ZKX1-19","China","Eastern Asia","Asia","Taiwan Island","Lilungshan Formation","Hengchun Peninsula","22.1509","120.7234","Neogene","Miocene","23.03","14.18","5.33","zircon","LA_ICP_MS","Guangzhou","Key Laboratory of Isotope Geochronology and Geochemistry, Guangzhou Institute of Geochemistry, Chinese Academy of Sciences","Agilent 7500a","detrital","siliciclastic","sandy pebble","77","ZKX1-19-011","rim","32","0.290793","0.002867","4.40614","0.118968","0.108896","0.00296","1656.815718","45.651997","1713.494866","22.348252","1781.17","50.0025","1781.17","50.0025","6.981607","329.530389","42.880909","107.780341","0.130127","LA_ICP_MS","siliciclastic","77","ZKX1-19-011",,,,,,,,,,,,,,,,,,,
"Zhang, X et al.","2014","Journal of Asian Earth Sciences","85","0","Provenance analysis of the Miocene accretionary prism of the Hengchun Peninsula, southern Taiwan, and regional geological significance","10.1016/j.jseaes.2014.01.021","ZKX1-19","China","Eastern Asia","Asia","Taiwan Island","Lilungshan Formation","Hengchun Peninsula","22.1509","120.7234","Neogene","Miocene","23.03","14.18","5.33","zircon","LA_ICP_MS","Guangzhou","Key Laboratory of Isotope Geochronology and Geochemistry, Guangzhou Institute of Geochemistry, Chinese Academy of Sciences","Agilent 7500a","detrital","siliciclastic","sandy pebble","77","ZKX1-19-012","rim","32","0.426927","0.006815","8.897006","0.287426","0.147584","0.004006","2317.574703","55.060846","2327.493773","29.496793","2318.21","46.2975","2318.21","46.2975","0.027405","153.940228","174.320348","90.971455","1.13239","LA_ICP_MS","siliciclastic","77","ZKX1-19-012",,,,,,,,,,,,,,,,,,,
"Zhang, X et al.","2014","Journal of Asian Earth Sciences","85","0","Provenance analysis of the Miocene accretionary prism of the Hengchun Peninsula, southern Taiwan, and regional geological significance","10.1016/j.jseaes.2014.01.021","ZKX1-19","China","Eastern Asia","Asia","Taiwan Island","Lilungshan Formation","Hengchun Peninsula","22.1509","120.7234","Neogene","Miocene","23.03","14.18","5.33","zircon","LA_ICP_MS","Guangzhou","Key Laboratory of Isotope Geochronology and Geochemistry, Guangzhou Institute of Geochemistry, Chinese Academy of Sciences","Agilent 7500a","detrital","siliciclastic","sandy pebble","77","ZKX1-19-013","rim","32","0.034409","0.000577","0.252075","0.014951","0.053155","0.003143","206.372561","6.811063","228.260341","12.125299","344.5","135.1675","206.372561","6.811063","10.605954","144.115057","190.191466","7.091015","1.31972","LA_ICP_MS","siliciclastic","77","ZKX1-19-013",,,,,,,,,,,,,,,,,,,
"Zhang, X et al.","2014","Journal of Asian Earth Sciences","85","0","Provenance analysis of the Miocene accretionary prism of the Hengchun Peninsula, southern Taiwan, and regional geological significance","10.1016/j.jseaes.2014.01.021","ZKX1-19","China","Eastern Asia","Asia","Taiwan Island","Lilungshan Formation","Hengchun Peninsula","22.1509","120.7234","Neogene","Miocene","23.03","14.18","5.33","zircon","LA_ICP_MS","Guangzhou","Key Laboratory of Isotope Geochronology and Geochemistry, Guangzhou Institute of Geochemistry, Chinese Academy of Sciences","Agilent 7500a","detrital","siliciclastic","sandy pebble","77","ZKX1-19-014","rim","32","0.328052","0.005045","5.443083","0.178662","0.117332","0.003611","2021.333041","59.968329","1891.665836","28.162987","1916.665","54.4725","1916.665","54.4725","5.460946","360.662937","193.800495","149.954776","0.537345","LA_ICP_MS","siliciclastic","77","ZKX1-19-014",,,,,,,,,,,,,,,,,,,
"Zhang, X et al.","2014","Journal of Asian Earth Sciences","85","0","Provenance analysis of the Miocene accretionary prism of the Hengchun Peninsula, southern Taiwan, and regional geological significance","10.1016/j.jseaes.2014.01.021","ZKX1-19","China","Eastern Asia","Asia","Taiwan Island","Lilungshan Formation","Hengchun Peninsula","22.1509","120.7234","Neogene","Miocene","23.03","14.18","5.33","zircon","LA_ICP_MS","Guangzhou","Key Laboratory of Isotope Geochronology and Geochemistry, Guangzhou Institute of Geochemistry, Chinese Academy of Sciences","Agilent 7500a","detrital","siliciclastic","sandy pebble","77","ZKX1-19-017","rim","32","0.028442","0.000406","0.177524","0.008271","0.044771","0.002123","180.190988","7.200444","165.928156","7.13252",,,"180.190988","7.200444","7.915397","433.722206","212.174179","14.661151","0.489194","LA_ICP_MS","siliciclastic","77","ZKX1-19-017",,,,,,,,,,,,,,,,,,,
"Zhang, X et al.","2014","Journal of Asian Earth Sciences","85","0","Provenance analysis of the Miocene accretionary prism of the Hengchun Peninsula, southern Taiwan, and regional geological significance","10.1016/j.jseaes.2014.01.021","ZKX1-19","China","Eastern Asia","Asia","Taiwan Island","Lilungshan Formation","Hengchun Peninsula","22.1509","120.7234","Neogene","Miocene","23.03","14.18","5.33","zircon","LA_ICP_MS","Guangzhou","Key Laboratory of Isotope Geochronology and Geochemistry, Guangzhou Institute of Geochemistry, Chinese Academy of Sciences","Agilent 7500a","detrital","siliciclastic","sandy pebble","77","ZKX1-19-018","rim","32","0.026054","0.000295","0.160223","0.007167","0.044273","0.002084","178.39605","6.721048","150.898558","6.272406",,,"178.39605","6.721048","15.413734","579.995741","151.782915","17.076045","0.261697","LA_ICP_MS","siliciclastic","77","ZKX1-19-018",,,,,,,,,,,,,,,,,,,
"Zhang, X et al.","2014","Journal of Asian Earth Sciences","85","0","Provenance analysis of the Miocene accretionary prism of the Hengchun Peninsula, southern Taiwan, and regional geological significance","10.1016/j.jseaes.2014.01.021","ZKX1-19","China","Eastern Asia","Asia","Taiwan Island","Lilungshan Formation","Hengchun Peninsula","22.1509","120.7234","Neogene","Miocene","23.03","14.18","5.33","zircon","LA_ICP_MS","Guangzhou","Key Laboratory of Isotope Geochronology and Geochemistry, Guangzhou Institute of Geochemistry, Chinese Academy of Sciences","Agilent 7500a","detrital","siliciclastic","sandy pebble","77","ZKX1-19-019","rim","32","0.020477","0.000284","0.12484","0.004223","0.043759","0.001445","136.770129","4.170704","119.4509","3.81205",,,"136.770129","4.170704","12.66302","1525.872135","1209.418689","39.882247","0.792608","LA_ICP_MS","siliciclastic","77","ZKX1-19-019",,,,,,,,,,,,,,,,,,,
"Zhang, X et al.","2014","Journal of Asian Earth Sciences","85","0","Provenance analysis of the Miocene accretionary prism of the Hengchun Peninsula, southern Taiwan, and regional geological significance","10.1016/j.jseaes.2014.01.021","ZKX1-19","China","Eastern Asia","Asia","Taiwan Island","Lilungshan Formation","Hengchun Peninsula","22.1509","120.7234","Neogene","Miocene","23.03","14.18","5.33","zircon","LA_ICP_MS","Guangzhou","Key Laboratory of Isotope Geochronology and Geochemistry, Guangzhou Institute of Geochemistry, Chinese Academy of Sciences","Agilent 7500a","detrital","siliciclastic","sandy pebble","77","ZKX1-19-020","rim","32","0.021002","0.000281","0.143204","0.006623","0.049501","0.002273","132.313808","4.293913","135.893458","5.88258","172.305","107.3925","132.313808","4.293913","2.705425","746.276302","639.973462","20.11945","0.857556","LA_ICP_MS","siliciclastic","77","ZKX1-19-020",,,,,,,,,,,,,,,,,,,
"Zhang, X et al.","2014","Journal of Asian Earth Sciences","85","0","Provenance analysis of the Miocene accretionary prism of the Hengchun Peninsula, southern Taiwan, and regional geological significance","10.1016/j.jseaes.2014.01.021","ZKX1-19","China","Eastern Asia","Asia","Taiwan Island","Lilungshan Formation","Hengchun Peninsula","22.1509","120.7234","Neogene","Miocene","23.03","14.18","5.33","zircon","LA_ICP_MS","Guangzhou","Key Laboratory of Isotope Geochronology and Geochemistry, Guangzhou Institute of Geochemistry, Chinese Academy of Sciences","Agilent 7500a","detrital","siliciclastic","sandy pebble","77","ZKX1-19-022","rim","32","0.287449","0.003247","3.873339","0.1138","0.096944","0.002801","1588.504862","40.872906","1608.142695","23.715132","1566.36","54.785","1566.36","54.785","1.413779","130.954395","131.996612","50.901993","1.007959","LA_ICP_MS","siliciclastic","77","ZKX1-19-022",,,,,,,,,,,,,,,,,,,
"Zhang, X et al.","2014","Journal of Asian Earth Sciences","85","0","Provenance analysis of the Miocene accretionary prism of the Hengchun Peninsula, southern Taiwan, and regional geological significance","10.1016/j.jseaes.2014.01.021","ZKX1-19","China","Eastern Asia","Asia","Taiwan Island","Lilungshan Formation","Hengchun Peninsula","22.1509","120.7234","Neogene","Miocene","23.03","14.18","5.33","zircon","LA_ICP_MS","Guangzhou","Key Laboratory of Isotope Geochronology and Geochemistry, Guangzhou Institute of Geochemistry, Chinese Academy of Sciences","Agilent 7500a","detrital","siliciclastic","sandy pebble","77","ZKX1-19-024","rim","32","0.28337","0.003192","4.055895","0.11855","0.102624","0.003013","1538.963371","43.46037","1645.484","23.812894","1672.215","54.32","1672.215","54.3","7.96857","194.046495","61.457188","64.739076","0.316714","LA_ICP_MS","siliciclastic","77","ZKX1-19-024",,,,,,,,,,,,,,,,,,,
"Zhang, X et al.","2014","Journal of Asian Earth Sciences","85","0","Provenance analysis of the Miocene accretionary prism of the Hengchun Peninsula, southern Taiwan, and regional geological significance","10.1016/j.jseaes.2014.01.021","ZKX1-19","China","Eastern Asia","Asia","Taiwan Island","Lilungshan Formation","Hengchun Peninsula","22.1509","120.7234","Neogene","Miocene","23.03","14.18","5.33","zircon","LA_ICP_MS","Guangzhou","Key Laboratory of Isotope Geochronology and Geochemistry, Guangzhou Institute of Geochemistry, Chinese Academy of Sciences","Agilent 7500a","detrital","siliciclastic","sandy pebble","77","ZKX1-19-027","rim","32","0.29118","0.003281","4.055013","0.109269","0.099698","0.002592","1586.225133","37.371289","1645.306802","21.95192","1618.21","48.4525","1618.21","48.4525","1.976559","437.11267","263.310515","159.051677","0.602386","LA_ICP_MS","siliciclastic","77","ZKX1-19-027",,,,,,,,,,,,,,,,,,,
"Zhang, X et al.","2014","Journal of Asian Earth Sciences","85","0","Provenance analysis of the Miocene accretionary prism of the Hengchun Peninsula, southern Taiwan, and regional geological significance","10.1016/j.jseaes.2014.01.021","ZKX1-19","China","Eastern Asia","Asia","Taiwan Island","Lilungshan Formation","Hengchun Peninsula","22.1509","120.7234","Neogene","Miocene","23.03","14.18","5.33","zircon","LA_ICP_MS","Guangzhou","Key Laboratory of Isotope Geochronology and Geochemistry, Guangzhou Institute of Geochemistry, Chinese Academy of Sciences","Agilent 7500a","detrital","siliciclastic","sandy pebble","77","ZKX1-19-029","rim","32","0.025913","0.000443","0.169076","0.009094","0.047525","0.002635","156.292044","5.143228","158.617008","7.898702","76.02","135.165","156.292044","5.143228","1.487577","267.641263","312.825355","9.484008","1.168823","LA_ICP_MS","siliciclastic","77","ZKX1-19-029",,,,,,,,,,,,,,,,,,,
"Zhang, X et al.","2014","Journal of Asian Earth Sciences","85","0","Provenance analysis of the Miocene accretionary prism of the Hengchun Peninsula, southern Taiwan, and regional geological significance","10.1016/j.jseaes.2014.01.021","ZKX1-19","China","Eastern Asia","Asia","Taiwan Island","Lilungshan Formation","Hengchun Peninsula","22.1509","120.7234","Neogene","Miocene","23.03","14.18","5.33","zircon","LA_ICP_MS","Guangzhou","Key Laboratory of Isotope Geochronology and Geochemistry, Guangzhou Institute of Geochemistry, Chinese Academy of Sciences","Agilent 7500a","detrital","siliciclastic","sandy pebble","77","ZKX1-19-030","rim","32","0.063861","0.001231","0.532675","0.037821","0.060834","0.004312","481.298565","21.772967","433.58322","25.061135","635.2","158.3125","481.298565","21.772967","9.913876","52.790238","35.627912","4.319663","0.674896","LA_ICP_MS","siliciclastic","77","ZKX1-19-030",,,,,,,,,,,,,,,,,,,
"Zhang, X et al.","2014","Journal of Asian Earth Sciences","85","0","Provenance analysis of the Miocene accretionary prism of the Hengchun Peninsula, southern Taiwan, and regional geological significance","10.1016/j.jseaes.2014.01.021","ZKX1-19","China","Eastern Asia","Asia","Taiwan Island","Lilungshan Formation","Hengchun Peninsula","22.1509","120.7234","Neogene","Miocene","23.03","14.18","5.33","zircon","LA_ICP_MS","Guangzhou","Key Laboratory of Isotope Geochronology and Geochemistry, Guangzhou Institute of Geochemistry, Chinese Academy of Sciences","Agilent 7500a","detrital","siliciclastic","sandy pebble","77","ZKX1-19-031","rim","32","0.027533","0.000502","0.204311","0.0122","0.055451","0.003468","166.707995","7.3819","188.767427","10.286577","431.53","140.7275","166.707995","7.3819","13.232378","198.653897","97.329742","6.213886","0.489946","LA_ICP_MS","siliciclastic","77","ZKX1-19-031",,,,,,,,,,,,,,,,,,,
"Zhang, X et al.","2014","Journal of Asian Earth Sciences","85","0","Provenance analysis of the Miocene accretionary prism of the Hengchun Peninsula, southern Taiwan, and regional geological significance","10.1016/j.jseaes.2014.01.021","ZKX1-19","China","Eastern Asia","Asia","Taiwan Island","Lilungshan Formation","Hengchun Peninsula","22.1509","120.7234","Neogene","Miocene","23.03","14.18","5.33","zircon","LA_ICP_MS","Guangzhou","Key Laboratory of Isotope Geochronology and Geochemistry, Guangzhou Institute of Geochemistry, Chinese Academy of Sciences","Agilent 7500a","detrital","siliciclastic","sandy pebble","77","ZKX1-19-032","rim","32","0.289797","0.003054","4.092157","0.102402","0.101511","0.002496","1734.279553","41.104356","1652.740516","20.421914","1653.7","46.1425","1653.7","46.1425","4.872683","282.981781","204.464577","103.23626","0.722536","LA_ICP_MS","siliciclastic","77","ZKX1-19-032",,,,,,,,,,,,,,,,,,,
"Zhang, X et al.","2014","Journal of Asian Earth Sciences","85","0","Provenance analysis of the Miocene accretionary prism of the Hengchun Peninsula, southern Taiwan, and regional geological significance","10.1016/j.jseaes.2014.01.021","ZKX1-19","China","Eastern Asia","Asia","Taiwan Island","Lilungshan Formation","Hengchun Peninsula","22.1509","120.7234","Neogene","Miocene","23.03","14.18","5.33","zircon","LA_ICP_MS","Guangzhou","Key Laboratory of Isotope Geochronology and Geochemistry, Guangzhou Institute of Geochemistry, Chinese Academy of Sciences","Agilent 7500a","detrital","siliciclastic","sandy pebble","77","ZKX1-19-033","rim","32","0.289138","0.00325","4.461323","0.113005","0.110784","0.002778","1649.64003","49.760175","1723.806817","21.013185","1812.96","45.375","1812.96","45.375","9.008471","295.467265","32.142036","91.211876","0.108784","LA_ICP_MS","siliciclastic","77","ZKX1-19-033",,,,,,,,,,,,,,,,,,,
"Zhang, X et al.","2014","Journal of Asian Earth Sciences","85","0","Provenance analysis of the Miocene accretionary prism of the Hengchun Peninsula, southern Taiwan, and regional geological significance","10.1016/j.jseaes.2014.01.021","ZKX1-19","China","Eastern Asia","Asia","Taiwan Island","Lilungshan Formation","Hengchun Peninsula","22.1509","120.7234","Neogene","Miocene","23.03","14.18","5.33","zircon","LA_ICP_MS","Guangzhou","Key Laboratory of Isotope Geochronology and Geochemistry, Guangzhou Institute of Geochemistry, Chinese Academy of Sciences","Agilent 7500a","detrital","siliciclastic","sandy pebble","77","ZKX1-19-036","rim","32","0.452388","0.006074","10.413195","0.331029","0.164939","0.005438","2389.95846","66.372167","2472.224342","29.458511","2507.1","55.5575","2507.1","55.5575","4.672392","53.069541","35.784144","30.909213","0.674288","LA_ICP_MS","siliciclastic","77","ZKX1-19-036",,,,,,,,,,,,,,,,,,,
"Zhang, X et al.","2014","Journal of Asian Earth Sciences","85","0","Provenance analysis of the Miocene accretionary prism of the Hengchun Peninsula, southern Taiwan, and regional geological significance","10.1016/j.jseaes.2014.01.021","ZKX1-19","China","Eastern Asia","Asia","Taiwan Island","Lilungshan Formation","Hengchun Peninsula","22.1509","120.7234","Neogene","Miocene","23.03","14.18","5.33","zircon","LA_ICP_MS","Guangzhou","Key Laboratory of Isotope Geochronology and Geochemistry, Guangzhou Institute of Geochemistry, Chinese Academy of Sciences","Agilent 7500a","detrital","siliciclastic","sandy pebble","77","ZKX1-19-041","rim","32","0.26964","0.002557","4.174293","0.10324","0.110661","0.002767","1694.248697","38.821378","1668.987812","20.262064","1810.185","45.22","1810.185","45.22","6.404666","2583.970443","550.311456","802.376409","0.212971","LA_ICP_MS","siliciclastic","77","ZKX1-19-041",,,,,,,,,,,,,,,,,,,
"Zhang, X et al.","2014","Journal of Asian Earth Sciences","85","0","Provenance analysis of the Miocene accretionary prism of the Hengchun Peninsula, southern Taiwan, and regional geological significance","10.1016/j.jseaes.2014.01.021","ZKX1-19","China","Eastern Asia","Asia","Taiwan Island","Lilungshan Formation","Hengchun Peninsula","22.1509","120.7234","Neogene","Miocene","23.03","14.18","5.33","zircon","LA_ICP_MS","Guangzhou","Key Laboratory of Isotope Geochronology and Geochemistry, Guangzhou Institute of Geochemistry, Chinese Academy of Sciences","Agilent 7500a","detrital","siliciclastic","sandy pebble","77","ZKX1-19-043","rim","32","0.038303","0.000803","0.273703","0.020526","0.052779","0.00398","251.392191","16.886971","245.649706","16.364659","320.43","141.65","251.392191","16.886971","2.284273","106.546524","17.740002","4.31863","0.1665","LA_ICP_MS","siliciclastic","77","ZKX1-19-043",,,,,,,,,,,,,,,,,,,
"Zhang, X et al.","2014","Journal of Asian Earth Sciences","85","0","Provenance analysis of the Miocene accretionary prism of the Hengchun Peninsula, southern Taiwan, and regional geological significance","10.1016/j.jseaes.2014.01.021","ZKX1-19","China","Eastern Asia","Asia","Taiwan Island","Lilungshan Formation","Hengchun Peninsula","22.1509","120.7234","Neogene","Miocene","23.03","14.18","5.33","zircon","LA_ICP_MS","Guangzhou","Key Laboratory of Isotope Geochronology and Geochemistry, Guangzhou Institute of Geochemistry, Chinese Academy of Sciences","Agilent 7500a","detrital","siliciclastic","sandy pebble","77","ZKX1-19-044","rim","32","0.038933","0.00053","0.290359","0.015688","0.054024","0.002993","254.445586","10.083687","258.841655","12.345525","372.275","128.69","254.445586","10.083687","1.727705","238.055816","109.347723","10.883809","0.459336","LA_ICP_MS","siliciclastic","77","ZKX1-19-044",,,,,,,,,,,,,,,,,,,
"Zhang, X et al.","2014","Journal of Asian Earth Sciences","85","0","Provenance analysis of the Miocene accretionary prism of the Hengchun Peninsula, southern Taiwan, and regional geological significance","10.1016/j.jseaes.2014.01.021","ZKX1-19","China","Eastern Asia","Asia","Taiwan Island","Lilungshan Formation","Hengchun Peninsula","22.1509","120.7234","Neogene","Miocene","23.03","14.18","5.33","zircon","LA_ICP_MS","Guangzhou","Key Laboratory of Isotope Geochronology and Geochemistry, Guangzhou Institute of Geochemistry, Chinese Academy of Sciences","Agilent 7500a","detrital","siliciclastic","sandy pebble","77","ZKX1-19-045","rim","32","0.018881","0.000316","0.132467","0.006988","0.051003","0.002711","125.247825","4.964176","126.312163","6.265818","242.66","122.205","125.247825","4.964176","0.849785","439.34836","230.062634","9.751241","0.523645","LA_ICP_MS","siliciclastic","77","ZKX1-19-045",,,,,,,,,,,,,,,,,,,
"Zhang, X et al.","2014","Journal of Asian Earth Sciences","85","0","Provenance analysis of the Miocene accretionary prism of the Hengchun Peninsula, southern Taiwan, and regional geological significance","10.1016/j.jseaes.2014.01.021","ZKX1-19","China","Eastern Asia","Asia","Taiwan Island","Lilungshan Formation","Hengchun Peninsula","22.1509","120.7234","Neogene","Miocene","23.03","14.18","5.33","zircon","LA_ICP_MS","Guangzhou","Key Laboratory of Isotope Geochronology and Geochemistry, Guangzhou Institute of Geochemistry, Chinese Academy of Sciences","Agilent 7500a","detrital","siliciclastic","sandy pebble","77","ZKX1-19-047","rim","32","0.018632","0.000315","0.123074","0.008576","0.048146","0.00328","120.746485","3.70698","117.855448","7.753836","105.645","155.53","120.746485","3.70698","2.394303","251.30929","419.146807","7.169277","1.667852","LA_ICP_MS","siliciclastic","77","ZKX1-19-047",,,,,,,,,,,,,,,,,,,
"Zhang, X et al.","2014","Journal of Asian Earth Sciences","85","0","Provenance analysis of the Miocene accretionary prism of the Hengchun Peninsula, southern Taiwan, and regional geological significance","10.1016/j.jseaes.2014.01.021","ZKX1-19","China","Eastern Asia","Asia","Taiwan Island","Lilungshan Formation","Hengchun Peninsula","22.1509","120.7234","Neogene","Miocene","23.03","14.18","5.33","zircon","LA_ICP_MS","Guangzhou","Key Laboratory of Isotope Geochronology and Geochemistry, Guangzhou Institute of Geochemistry, Chinese Academy of Sciences","Agilent 7500a","detrital","siliciclastic","sandy pebble","77","ZKX1-19-053","rim","32","0.033404","0.000534","0.238179","0.012136","0.05154","0.002603","216.709985","7.751709","216.92834","9.952953","264.88","114.8","216.709985","7.751709","0.100759","306.197199","215.81385","12.776037","0.70482","LA_ICP_MS","siliciclastic","77","ZKX1-19-053",,,,,,,,,,,,,,,,,,,
"Zhang, X et al.","2014","Journal of Asian Earth Sciences","85","0","Provenance analysis of the Miocene accretionary prism of the Hengchun Peninsula, southern Taiwan, and regional geological significance","10.1016/j.jseaes.2014.01.021","ZKX1-19","China","Eastern Asia","Asia","Taiwan Island","Lilungshan Formation","Hengchun Peninsula","22.1509","120.7234","Neogene","Miocene","23.03","14.18","5.33","zircon","LA_ICP_MS","Guangzhou","Key Laboratory of Isotope Geochronology and Geochemistry, Guangzhou Institute of Geochemistry, Chinese Academy of Sciences","Agilent 7500a","detrital","siliciclastic","sandy pebble","77","ZKX1-19-054","rim","32","0.286219","0.002886","4.374163","0.131685","0.10959","0.003275","1528.529056","43.416207","1707.471081","24.885315","1794.445","58.3375","1794.445","58.3375","14.818841","500.56682","176.956964","169.958989","0.353513","LA_ICP_MS","siliciclastic","77","ZKX1-19-054",,,,,,,,,,,,,,,,,,,
"Zhang, X et al.","2014","Journal of Asian Earth Sciences","85","0","Provenance analysis of the Miocene accretionary prism of the Hengchun Peninsula, southern Taiwan, and regional geological significance","10.1016/j.jseaes.2014.01.021","ZKX1-19","China","Eastern Asia","Asia","Taiwan Island","Lilungshan Formation","Hengchun Peninsula","22.1509","120.7234","Neogene","Miocene","23.03","14.18","5.33","zircon","LA_ICP_MS","Guangzhou","Key Laboratory of Isotope Geochronology and Geochemistry, Guangzhou Institute of Geochemistry, Chinese Academy of Sciences","Agilent 7500a","detrital","siliciclastic","sandy pebble","77","ZKX1-19-055","rim","32","0.026311","0.000313","0.1753","0.00893","0.047786","0.002424","166.170282","6.254063","164.008218","7.715201","87.13","124.055","166.170282","6.254063","1.301113","715.82354","357.422182","22.41731","0.499316","LA_ICP_MS","siliciclastic","77","ZKX1-19-055",,,,,,,,,,,,,,,,,,,
"Zhang, X et al.","2014","Journal of Asian Earth Sciences","85","0","Provenance analysis of the Miocene accretionary prism of the Hengchun Peninsula, southern Taiwan, and regional geological significance","10.1016/j.jseaes.2014.01.021","ZKX1-19","China","Eastern Asia","Asia","Taiwan Island","Lilungshan Formation","Hengchun Peninsula","22.1509","120.7234","Neogene","Miocene","23.03","14.18","5.33","zircon","LA_ICP_MS","Guangzhou","Key Laboratory of Isotope Geochronology and Geochemistry, Guangzhou Institute of Geochemistry, Chinese Academy of Sciences","Agilent 7500a","detrital","siliciclastic","sandy pebble","77","ZKX1-19-056","rim","32","0.026823","0.000386","0.189416","0.011697","0.051505","0.003391","166.754169","8.883346","176.130651","9.985591","264.88","151.8325","166.754169","8.883346","5.622937","239.137621","84.958266","7.434923","0.355269","LA_ICP_MS","siliciclastic","77","ZKX1-19-056",,,,,,,,,,,,,,,,,,,
"Zhang, X et al.","2014","Journal of Asian Earth Sciences","85","0","Provenance analysis of the Miocene accretionary prism of the Hengchun Peninsula, southern Taiwan, and regional geological significance","10.1016/j.jseaes.2014.01.021","ZKX1-19","China","Eastern Asia","Asia","Taiwan Island","Lilungshan Formation","Hengchun Peninsula","22.1509","120.7234","Neogene","Miocene","23.03","14.18","5.33","zircon","LA_ICP_MS","Guangzhou","Key Laboratory of Isotope Geochronology and Geochemistry, Guangzhou Institute of Geochemistry, Chinese Academy of Sciences","Agilent 7500a","detrital","siliciclastic","sandy pebble","77","ZKX1-19-058","rim","32","0.305032","0.003022","4.63141","0.124388","0.108787","0.002921","1697.716815","43.265581","1754.947222","22.43168","1788.89","49.2275","1788.89","49.2275","5.096634","435.071168","256.593231","166.588129","0.589773","LA_ICP_MS","siliciclastic","77","ZKX1-19-058",,,,,,,,,,,,,,,,,,,
"Zhang, X et al.","2014","Journal of Asian Earth Sciences","85","0","Provenance analysis of the Miocene accretionary prism of the Hengchun Peninsula, southern Taiwan, and regional geological significance","10.1016/j.jseaes.2014.01.021","ZKX1-19","China","Eastern Asia","Asia","Taiwan Island","Lilungshan Formation","Hengchun Peninsula","22.1509","120.7234","Neogene","Miocene","23.03","14.18","5.33","zircon","LA_ICP_MS","Guangzhou","Key Laboratory of Isotope Geochronology and Geochemistry, Guangzhou Institute of Geochemistry, Chinese Academy of Sciences","Agilent 7500a","detrital","siliciclastic","sandy pebble","77","ZKX1-19-060","rim","32","0.315999","0.00355","4.770024","0.155387","0.108121","0.003547","1790.165054","53.005292","1779.63776","27.350904","1768.515","60.3375","1768.515","60.3375","1.224194","149.032443","76.917543","58.191606","0.516113","LA_ICP_MS","siliciclastic","77","ZKX1-19-060",,,,,,,,,,,,,,,,,,,
"Zhang, X et al.","2014","Journal of Asian Earth Sciences","85","0","Provenance analysis of the Miocene accretionary prism of the Hengchun Peninsula, southern Taiwan, and regional geological significance","10.1016/j.jseaes.2014.01.021","ZKX1-19","China","Eastern Asia","Asia","Taiwan Island","Lilungshan Formation","Hengchun Peninsula","22.1509","120.7234","Neogene","Miocene","23.03","14.18","5.33","zircon","LA_ICP_MS","Guangzhou","Key Laboratory of Isotope Geochronology and Geochemistry, Guangzhou Institute of Geochemistry, Chinese Academy of Sciences","Agilent 7500a","detrital","siliciclastic","sandy pebble","77","ZKX1-19-061","rim","32","0.313451","0.003062","4.544406","0.137822","0.10396","0.003159","1748.403642","44.897655","1739.137443","25.245472","1695.99","55.865","1695.99","55.865","3.090445","1310.812201","416.059981","478.343818","0.317406","LA_ICP_MS","siliciclastic","77","ZKX1-19-061",,,,,,,,,,,,,,,,,,,
"Zhang, X et al.","2014","Journal of Asian Earth Sciences","85","0","Provenance analysis of the Miocene accretionary prism of the Hengchun Peninsula, southern Taiwan, and regional geological significance","10.1016/j.jseaes.2014.01.021","ZKX1-19","China","Eastern Asia","Asia","Taiwan Island","Lilungshan Formation","Hengchun Peninsula","22.1509","120.7234","Neogene","Miocene","23.03","14.18","5.33","zircon","LA_ICP_MS","Guangzhou","Key Laboratory of Isotope Geochronology and Geochemistry, Guangzhou Institute of Geochemistry, Chinese Academy of Sciences","Agilent 7500a","detrital","siliciclastic","sandy pebble","77","ZKX1-19-062","rim","32","0.028212","0.000318","0.175176","0.007298","0.044546","0.001789","176.848987","6.117598","163.900897","6.306123",,,"176.848987","6.117598","7.321552","1016.603023","259.612803","30.78335","0.255373","LA_ICP_MS","siliciclastic","77","ZKX1-19-062",,,,,,,,,,,,,,,,,,,
"Zhang, X et al.","2014","Journal of Asian Earth Sciences","85","0","Provenance analysis of the Miocene accretionary prism of the Hengchun Peninsula, southern Taiwan, and regional geological significance","10.1016/j.jseaes.2014.01.021","ZKX1-19","China","Eastern Asia","Asia","Taiwan Island","Lilungshan Formation","Hengchun Peninsula","22.1509","120.7234","Neogene","Miocene","23.03","14.18","5.33","zircon","LA_ICP_MS","Guangzhou","Key Laboratory of Isotope Geochronology and Geochemistry, Guangzhou Institute of Geochemistry, Chinese Academy of Sciences","Agilent 7500a","detrital","siliciclastic","sandy pebble","77","ZKX1-19-063","rim","32","0.248351","0.002006","3.564704","0.0898","0.103008","0.002579","1501.088066","37.236197","1541.710601","19.977976","1679.63","46.295","1679.63","46.295","10.629837","535.643458","164.63289","155.675097","0.307355","LA_ICP_MS","siliciclastic","77","ZKX1-19-063",,,,,,,,,,,,,,,,,,,
"Zhang, X et al.","2014","Journal of Asian Earth Sciences","85","0","Provenance analysis of the Miocene accretionary prism of the Hengchun Peninsula, southern Taiwan, and regional geological significance","10.1016/j.jseaes.2014.01.021","ZKX1-19","China","Eastern Asia","Asia","Taiwan Island","Lilungshan Formation","Hengchun Peninsula","22.1509","120.7234","Neogene","Miocene","23.03","14.18","5.33","zircon","LA_ICP_MS","Guangzhou","Key Laboratory of Isotope Geochronology and Geochemistry, Guangzhou Institute of Geochemistry, Chinese Academy of Sciences","Agilent 7500a","detrital","siliciclastic","sandy pebble","77","ZKX1-19-065","rim","32","0.259714","0.003099","3.919888","0.114541","0.108573","0.003076","1897.127567","61.810395","1617.795358","23.643709","1775.93","51.8525","1775.93","51.8525","6.824456","589.266049","42.402124","168.475826","0.071958","LA_ICP_MS","siliciclastic","77","ZKX1-19-065",,,,,,,,,,,,,,,,,,,
"Zhang, X et al.","2014","Journal of Asian Earth Sciences","85","0","Provenance analysis of the Miocene accretionary prism of the Hengchun Peninsula, southern Taiwan, and regional geological significance","10.1016/j.jseaes.2014.01.021","ZKX1-19","China","Eastern Asia","Asia","Taiwan Island","Lilungshan Formation","Hengchun Peninsula","22.1509","120.7234","Neogene","Miocene","23.03","14.18","5.33","zircon","LA_ICP_MS","Guangzhou","Key Laboratory of Isotope Geochronology and Geochemistry, Guangzhou Institute of Geochemistry, Chinese Academy of Sciences","Agilent 7500a","detrital","siliciclastic","sandy pebble","77","ZKX1-19-066","rim","32","0.13323","0.002043","1.239586","0.068096","0.067877","0.003747","826.135247","27.986805","818.694206","30.8828","864.81","114.815","826.135247","27.986805","0.900705","59.204168","59.666475","10.600561","1.007809","LA_ICP_MS","siliciclastic","77","ZKX1-19-066",,,,,,,,,,,,,,,,,,,
"Zhang, X et al.","2014","Journal of Asian Earth Sciences","85","0","Provenance analysis of the Miocene accretionary prism of the Hengchun Peninsula, southern Taiwan, and regional geological significance","10.1016/j.jseaes.2014.01.021","ZKX1-19","China","Eastern Asia","Asia","Taiwan Island","Lilungshan Formation","Hengchun Peninsula","22.1509","120.7234","Neogene","Miocene","23.03","14.18","5.33","zircon","LA_ICP_MS","Guangzhou","Key Laboratory of Isotope Geochronology and Geochemistry, Guangzhou Institute of Geochemistry, Chinese Academy of Sciences","Agilent 7500a","detrital","siliciclastic","sandy pebble","77","ZKX1-19-069","rim","32","0.027542","0.000505","0.196831","0.012526","0.053718","0.003693","169.098665","7.802972","182.440858","10.626967","366.72","155.535","169.098665","7.802972","7.890183","170.002421","91.456861","5.569646","0.537974","LA_ICP_MS","siliciclastic","77","ZKX1-19-069",,,,,,,,,,,,,,,,,,,
"Zhang, X et al.","2014","Journal of Asian Earth Sciences","85","0","Provenance analysis of the Miocene accretionary prism of the Hengchun Peninsula, southern Taiwan, and regional geological significance","10.1016/j.jseaes.2014.01.021","ZKX1-19","China","Eastern Asia","Asia","Taiwan Island","Lilungshan Formation","Hengchun Peninsula","22.1509","120.7234","Neogene","Miocene","23.03","14.18","5.33","zircon","LA_ICP_MS","Guangzhou","Key Laboratory of Isotope Geochronology and Geochemistry, Guangzhou Institute of Geochemistry, Chinese Academy of Sciences","Agilent 7500a","detrital","siliciclastic","sandy pebble","77","ZKX1-19-070","rim","32","0.453406","0.004614","10.086065","0.261335","0.159785","0.004268","2430.165283","67.200028","2442.695726","23.940313","2453.39","44.29","2453.39","44.29","0.946638","397.710404","202.725519","232.72355","0.509731","LA_ICP_MS","siliciclastic","77","ZKX1-19-070",,,,,,,,,,,,,,,,,,,
"Zhang, X et al.","2014","Journal of Asian Earth Sciences","85","0","Provenance analysis of the Miocene accretionary prism of the Hengchun Peninsula, southern Taiwan, and regional geological significance","10.1016/j.jseaes.2014.01.021","ZKX1-19","China","Eastern Asia","Asia","Taiwan Island","Lilungshan Formation","Hengchun Peninsula","22.1509","120.7234","Neogene","Miocene","23.03","14.18","5.33","zircon","LA_ICP_MS","Guangzhou","Key Laboratory of Isotope Geochronology and Geochemistry, Guangzhou Institute of Geochemistry, Chinese Academy of Sciences","Agilent 7500a","detrital","siliciclastic","sandy pebble","77","ZKX1-19-071","rim","32","0.285276","0.002881","4.456267","0.127416","0.112507","0.003181","1591.957826","45.492101","1722.866358","23.715692","1840.43","51.2325","1840.43","51.2325","13.500767","203.147721","98.40443","71.733316","0.484398","LA_ICP_MS","siliciclastic","77","ZKX1-19-071",,,,,,,,,,,,,,,,,,,
"Zhang, X et al.","2014","Journal of Asian Earth Sciences","85","0","Provenance analysis of the Miocene accretionary prism of the Hengchun Peninsula, southern Taiwan, and regional geological significance","10.1016/j.jseaes.2014.01.021","ZKX1-19","China","Eastern Asia","Asia","Taiwan Island","Lilungshan Formation","Hengchun Peninsula","22.1509","120.7234","Neogene","Miocene","23.03","14.18","5.33","zircon","LA_ICP_MS","Guangzhou","Key Laboratory of Isotope Geochronology and Geochemistry, Guangzhou Institute of Geochemistry, Chinese Academy of Sciences","Agilent 7500a","detrital","siliciclastic","sandy pebble","77","ZKX1-19-076","rim","32","0.302451","0.005248","4.619678","0.228195","0.111695","0.005481","1674.632678","69.124251","1752.829696","41.253761","1827.775","89.1975","1827.775","89.1975","8.37862","22.224918","15.484677","8.648526","0.696726","LA_ICP_MS","siliciclastic","77","ZKX1-19-076",,,,,,,,,,,,,,,,,,,
"Zhang, X et al.","2014","Journal of Asian Earth Sciences","85","0","Provenance analysis of the Miocene accretionary prism of the Hengchun Peninsula, southern Taiwan, and regional geological significance","10.1016/j.jseaes.2014.01.021","ZKX1-19","China","Eastern Asia","Asia","Taiwan Island","Lilungshan Formation","Hengchun Peninsula","22.1509","120.7234","Neogene","Miocene","23.03","14.18","5.33","zircon","LA_ICP_MS","Guangzhou","Key Laboratory of Isotope Geochronology and Geochemistry, Guangzhou Institute of Geochemistry, Chinese Academy of Sciences","Agilent 7500a","detrital","siliciclastic","sandy pebble","77","ZKX1-19-077","rim","32","0.026063","0.000315","0.187532","0.007065","0.052394","0.002003","175.31279","6.043269","174.521508","6.041205","301.91","87.0275","175.31279","6.043269","0.451354","865.348303","254.826018","25.641504","0.294478","LA_ICP_MS","siliciclastic","77","ZKX1-19-077",,,,,,,,,,,,,,,,,,,
"Zhang, X et al.","2014","Journal of Asian Earth Sciences","85","0","Provenance analysis of the Miocene accretionary prism of the Hengchun Peninsula, southern Taiwan, and regional geological significance","10.1016/j.jseaes.2014.01.021","ZKX1-19","China","Eastern Asia","Asia","Taiwan Island","Lilungshan Formation","Hengchun Peninsula","22.1509","120.7234","Neogene","Miocene","23.03","14.18","5.33","zircon","LA_ICP_MS","Guangzhou","Key Laboratory of Isotope Geochronology and Geochemistry, Guangzhou Institute of Geochemistry, Chinese Academy of Sciences","Agilent 7500a","detrital","siliciclastic","sandy pebble","77","ZKX1-19-078","rim","32","0.024884","0.000283","0.181649","0.006655","0.052899","0.001947","161.630012","6.743668","169.478798","5.718402","324.13","83.325","161.630012","6.743668","4.85602","652.360378","139.654796","17.882945","0.214076","LA_ICP_MS","siliciclastic","77","ZKX1-19-078",,,,,,,,,,,,,,,,,,,
"Zhang, X et al.","2014","Journal of Asian Earth Sciences","85","0","Provenance analysis of the Miocene accretionary prism of the Hengchun Peninsula, southern Taiwan, and regional geological significance","10.1016/j.jseaes.2014.01.021","ZKX1-19","China","Eastern Asia","Asia","Taiwan Island","Lilungshan Formation","Hengchun Peninsula","22.1509","120.7234","Neogene","Miocene","23.03","14.18","5.33","zircon","LA_ICP_MS","Guangzhou","Key Laboratory of Isotope Geochronology and Geochemistry, Guangzhou Institute of Geochemistry, Chinese Academy of Sciences","Agilent 7500a","detrital","siliciclastic","sandy pebble","77","ZKX1-19-079","rim","32","0.026337","0.000319","0.172517","0.007551","0.04765","0.002088","170.007316","7.016128","161.600894","6.538876","83.425","99.99","170.007316","7.016128","4.944742","512.050263","169.939683","15.078429","0.331881","LA_ICP_MS","siliciclastic","77","ZKX1-19-079",,,,,,,,,,,,,,,,,,,
"Zhang, X et al.","2014","Journal of Asian Earth Sciences","85","0","Provenance analysis of the Miocene accretionary prism of the Hengchun Peninsula, southern Taiwan, and regional geological significance","10.1016/j.jseaes.2014.01.021","ZKX1-19","China","Eastern Asia","Asia","Taiwan Island","Lilungshan Formation","Hengchun Peninsula","22.1509","120.7234","Neogene","Miocene","23.03","14.18","5.33","zircon","LA_ICP_MS","Guangzhou","Key Laboratory of Isotope Geochronology and Geochemistry, Guangzhou Institute of Geochemistry, Chinese Academy of Sciences","Agilent 7500a","detrital","siliciclastic","sandy pebble","77","ZKX1-19-080","rim","32","0.312273","0.00289","4.757207","0.127261","0.109589","0.002896","1769.655635","47.131932","1777.379763","22.448402","1794.445","48.15","1794.445","48.15","1.38145","381.743572","128.8798","141.454558","0.337608","LA_ICP_MS","siliciclastic","77","ZKX1-19-080",,,,,,,,,,,,,,,,,,,
"Zhang, X et al.","2014","Journal of Asian Earth Sciences","85","0","Provenance analysis of the Miocene accretionary prism of the Hengchun Peninsula, southern Taiwan, and regional geological significance","10.1016/j.jseaes.2014.01.021","ZKX1-19","China","Eastern Asia","Asia","Taiwan Island","Lilungshan Formation","Hengchun Peninsula","22.1509","120.7234","Neogene","Miocene","23.03","14.18","5.33","zircon","LA_ICP_MS","Guangzhou","Key Laboratory of Isotope Geochronology and Geochemistry, Guangzhou Institute of Geochemistry, Chinese Academy of Sciences","Agilent 7500a","detrital","siliciclastic","sandy pebble","77","ZKX1-19-082","rim","32","0.034588","0.000625","0.222938","0.01332","0.047814","0.00301","207.755361","9.462208","204.351855","11.059848","100.09","131.46","207.755361","9.462208","1.638228","157.928497","94.619402","6.370575","0.599128","LA_ICP_MS","siliciclastic","77","ZKX1-19-082",,,,,,,,,,,,,,,,,,,
"Zhang, X et al.","2014","Journal of Asian Earth Sciences","85","0","Provenance analysis of the Miocene accretionary prism of the Hengchun Peninsula, southern Taiwan, and regional geological significance","10.1016/j.jseaes.2014.01.021","ZKX1-19","China","Eastern Asia","Asia","Taiwan Island","Lilungshan Formation","Hengchun Peninsula","22.1509","120.7234","Neogene","Miocene","23.03","14.18","5.33","zircon","LA_ICP_MS","Guangzhou","Key Laboratory of Isotope Geochronology and Geochemistry, Guangzhou Institute of Geochemistry, Chinese Academy of Sciences","Agilent 7500a","detrital","siliciclastic","sandy pebble","77","ZKX1-19-083","rim","32","0.166754","0.002072","1.596121","0.051","0.067692","0.002268","943.079357","30.128983","968.694256","19.949294","858.94","70.3675","943.079357","30.128983","2.716092","353.115586","70.671682","63.935488","0.200138","LA_ICP_MS","siliciclastic","77","ZKX1-19-083",,,,,,,,,,,,,,,,,,,
"Zhang, X et al.","2014","Journal of Asian Earth Sciences","85","0","Provenance analysis of the Miocene accretionary prism of the Hengchun Peninsula, southern Taiwan, and regional geological significance","10.1016/j.jseaes.2014.01.021","ZKX1-19","China","Eastern Asia","Asia","Taiwan Island","Lilungshan Formation","Hengchun Peninsula","22.1509","120.7234","Neogene","Miocene","23.03","14.18","5.33","zircon","LA_ICP_MS","Guangzhou","Key Laboratory of Isotope Geochronology and Geochemistry, Guangzhou Institute of Geochemistry, Chinese Academy of Sciences","Agilent 7500a","detrital","siliciclastic","sandy pebble","77","ZKX1-19-084","rim","32","0.298121","0.003599","4.309477","0.144502","0.101797","0.003686","1732.918411","52.542422","1695.175256","27.641399","1657.4","67.745","1657.4","67.745","4.556438","201.569805","83.800571","72.306096","0.41574","LA_ICP_MS","siliciclastic","77","ZKX1-19-084",,,,,,,,,,,,,,,,,,,
"Zhang, X et al.","2014","Journal of Asian Earth Sciences","85","0","Provenance analysis of the Miocene accretionary prism of the Hengchun Peninsula, southern Taiwan, and regional geological significance","10.1016/j.jseaes.2014.01.021","ZKX1-19","China","Eastern Asia","Asia","Taiwan Island","Lilungshan Formation","Hengchun Peninsula","22.1509","120.7234","Neogene","Miocene","23.03","14.18","5.33","zircon","LA_ICP_MS","Guangzhou","Key Laboratory of Isotope Geochronology and Geochemistry, Guangzhou Institute of Geochemistry, Chinese Academy of Sciences","Agilent 7500a","detrital","siliciclastic","sandy pebble","77","ZKX1-19-085","rim","32","0.282441","0.003903","3.621454","0.144123","0.089839","0.003806","1399.030918","50.199908","1554.256299","31.67556","1421.91","81.4825","1421.91","81.4825","1.609039","158.981166","48.674617","51.374667","0.306166","LA_ICP_MS","siliciclastic","77","ZKX1-19-085",,,,,,,,,,,,,,,,,,,
"Zhang, X et al.","2014","Journal of Asian Earth Sciences","85","0","Provenance analysis of the Miocene accretionary prism of the Hengchun Peninsula, southern Taiwan, and regional geological significance","10.1016/j.jseaes.2014.01.021","ZKX1-19","China","Eastern Asia","Asia","Taiwan Island","Lilungshan Formation","Hengchun Peninsula","22.1509","120.7234","Neogene","Miocene","23.03","14.18","5.33","zircon","LA_ICP_MS","Guangzhou","Key Laboratory of Isotope Geochronology and Geochemistry, Guangzhou Institute of Geochemistry, Chinese Academy of Sciences","Agilent 7500a","detrital","siliciclastic","sandy pebble","77","ZKX1-19-086","rim","32","0.305749","0.005633","4.716574","0.183456","0.107643","0.004109","1780.190091","58.717448","1770.187982","32.596901","1761.11","69.7525","1761.11","69.7525","1.083413","988.962179","113.718008","325.505903","0.114987","LA_ICP_MS","siliciclastic","77","ZKX1-19-086",,,,,,,,,,,,,,,,,,,
"Zhang, X et al.","2014","Journal of Asian Earth Sciences","85","0","Provenance analysis of the Miocene accretionary prism of the Hengchun Peninsula, southern Taiwan, and regional geological significance","10.1016/j.jseaes.2014.01.021","ZKX1-19","China","Eastern Asia","Asia","Taiwan Island","Lilungshan Formation","Hengchun Peninsula","22.1509","120.7234","Neogene","Miocene","23.03","14.18","5.33","zircon","LA_ICP_MS","Guangzhou","Key Laboratory of Isotope Geochronology and Geochemistry, Guangzhou Institute of Geochemistry, Chinese Academy of Sciences","Agilent 7500a","detrital","siliciclastic","sandy pebble","77","ZKX1-19-088","rim","32","0.335649","0.004084","4.935871","0.150186","0.103999","0.003134","1807.262951","52.36381","1808.411274","25.696151","1698.15","55.555","1698.15","55.555","6.425401","217.272534","71.251636","84.226166","0.327937","LA_ICP_MS","siliciclastic","77","ZKX1-19-088",,,,,,,,,,,,,,,,,,,
"Zhang, X et al.","2014","Journal of Asian Earth Sciences","85","0","Provenance analysis of the Miocene accretionary prism of the Hengchun Peninsula, southern Taiwan, and regional geological significance","10.1016/j.jseaes.2014.01.021","ZKX1-19","China","Eastern Asia","Asia","Taiwan Island","Lilungshan Formation","Hengchun Peninsula","22.1509","120.7234","Neogene","Miocene","23.03","14.18","5.33","zircon","LA_ICP_MS","Guangzhou","Key Laboratory of Isotope Geochronology and Geochemistry, Guangzhou Institute of Geochemistry, Chinese Academy of Sciences","Agilent 7500a","detrital","siliciclastic","sandy pebble","77","ZKX1-19-089","rim","32","0.019735","0.000274","0.127771","0.006674","0.046348","0.002475","125.842983","4.193082","122.093241","6.009142","16.765","122.21","125.842983","4.193082","2.979699","589.515162","386.936602","14.185224","0.656364","LA_ICP_MS","siliciclastic","77","ZKX1-19-089",,,,,,,,,,,,,,,,,,,
"Zhang, X et al.","2014","Journal of Asian Earth Sciences","85","0","Provenance analysis of the Miocene accretionary prism of the Hengchun Peninsula, southern Taiwan, and regional geological significance","10.1016/j.jseaes.2014.01.021","ZKX1-19","China","Eastern Asia","Asia","Taiwan Island","Lilungshan Formation","Hengchun Peninsula","22.1509","120.7234","Neogene","Miocene","23.03","14.18","5.33","zircon","LA_ICP_MS","Guangzhou","Key Laboratory of Isotope Geochronology and Geochemistry, Guangzhou Institute of Geochemistry, Chinese Academy of Sciences","Agilent 7500a","detrital","siliciclastic","sandy pebble","77","ZKX1-19-091","rim","32","0.371916","0.003854","6.665474","0.183003","0.128784","0.003374","2036.474061","50.3694","2068.057444","24.245546","2081.17","46.2975","2081.17","46.2975","2.147635","236.460044","104.384229","107.472922","0.441446","LA_ICP_MS","siliciclastic","77","ZKX1-19-091",,,,,,,,,,,,,,,,,,,
"Zhang, X et al.","2014","Journal of Asian Earth Sciences","85","0","Provenance analysis of the Miocene accretionary prism of the Hengchun Peninsula, southern Taiwan, and regional geological significance","10.1016/j.jseaes.2014.01.021","ZKX1-19","China","Eastern Asia","Asia","Taiwan Island","Lilungshan Formation","Hengchun Peninsula","22.1509","120.7234","Neogene","Miocene","23.03","14.18","5.33","zircon","LA_ICP_MS","Guangzhou","Key Laboratory of Isotope Geochronology and Geochemistry, Guangzhou Institute of Geochemistry, Chinese Academy of Sciences","Agilent 7500a","detrital","siliciclastic","sandy pebble","77","ZKX1-19-092","rim","32","0.070237","0.001108","0.543005","0.03269","0.056701","0.003459","395.654285","17.452606","440.404104","21.514834","479.67","135.1675","395.654285","17.452606","11.310334","99.876616","43.199475","7.978472","0.432528","LA_ICP_MS","siliciclastic","77","ZKX1-19-092",,,,,,,,,,,,,,,,,,,
"Zhang, X et al.","2014","Journal of Asian Earth Sciences","85","0","Provenance analysis of the Miocene accretionary prism of the Hengchun Peninsula, southern Taiwan, and regional geological significance","10.1016/j.jseaes.2014.01.021","ZKX1-19","China","Eastern Asia","Asia","Taiwan Island","Lilungshan Formation","Hengchun Peninsula","22.1509","120.7234","Neogene","Miocene","23.03","14.18","5.33","zircon","LA_ICP_MS","Guangzhou","Key Laboratory of Isotope Geochronology and Geochemistry, Guangzhou Institute of Geochemistry, Chinese Academy of Sciences","Agilent 7500a","detrital","siliciclastic","sandy pebble","77","ZKX1-19-093","rim","32","0.136211","0.001284","1.256969","0.032921","0.066324","0.001675","837.360851","23.757228","826.545001","14.811701","816.665","57.5575","837.360851","23.757228","1.291659","1059.07659","111.814415","155.669158","0.105577","LA_ICP_MS","siliciclastic","77","ZKX1-19-093",,,,,,,,,,,,,,,,,,,
"Zhang, X et al.","2014","Journal of Asian Earth Sciences","85","0","Provenance analysis of the Miocene accretionary prism of the Hengchun Peninsula, southern Taiwan, and regional geological significance","10.1016/j.jseaes.2014.01.021","ZKX1-19","China","Eastern Asia","Asia","Taiwan Island","Lilungshan Formation","Hengchun Peninsula","22.1509","120.7234","Neogene","Miocene","23.03","14.18","5.33","zircon","LA_ICP_MS","Guangzhou","Key Laboratory of Isotope Geochronology and Geochemistry, Guangzhou Institute of Geochemistry, Chinese Academy of Sciences","Agilent 7500a","detrital","siliciclastic","sandy pebble","77","ZKX1-19-094","rim","32","0.299207","0.003766","4.44798","0.144601","0.107325","0.00343","1657.883744","44.927265","1721.322926","26.956841","1754.625","59.105","1754.625","59.105","5.5135","88.109319","89.759569","35.910013","1.01873","LA_ICP_MS","siliciclastic","77","ZKX1-19-094",,,,,,,,,,,,,,,,,,,
"Zhang, X et al.","2014","Journal of Asian Earth Sciences","85","0","Provenance analysis of the Miocene accretionary prism of the Hengchun Peninsula, southern Taiwan, and regional geological significance","10.1016/j.jseaes.2014.01.021","ZKX1-19","China","Eastern Asia","Asia","Taiwan Island","Lilungshan Formation","Hengchun Peninsula","22.1509","120.7234","Neogene","Miocene","23.03","14.18","5.33","zircon","LA_ICP_MS","Guangzhou","Key Laboratory of Isotope Geochronology and Geochemistry, Guangzhou Institute of Geochemistry, Chinese Academy of Sciences","Agilent 7500a","detrital","siliciclastic","sandy pebble","77","ZKX1-19-095","rim","32","0.299599","0.003022","4.626123","0.133075","0.11103","0.003103","1591.730966","43.490075","1753.993657","24.021367","1816.665","50.93","1816.665","50.93","12.381701","746.815823","131.031025","258.402649","0.175453","LA_ICP_MS","siliciclastic","77","ZKX1-19-095",,,,,,,,,,,,,,,,,,,
"Zhang, X et al.","2014","Journal of Asian Earth Sciences","85","0","Provenance analysis of the Miocene accretionary prism of the Hengchun Peninsula, southern Taiwan, and regional geological significance","10.1016/j.jseaes.2014.01.021","ZKX1-19","China","Eastern Asia","Asia","Taiwan Island","Lilungshan Formation","Hengchun Peninsula","22.1509","120.7234","Neogene","Miocene","23.03","14.18","5.33","zircon","LA_ICP_MS","Guangzhou","Key Laboratory of Isotope Geochronology and Geochemistry, Guangzhou Institute of Geochemistry, Chinese Academy of Sciences","Agilent 7500a","detrital","siliciclastic","sandy pebble","77","ZKX1-19-098","rim","32","0.300572","0.00346","4.506123","0.132118","0.107626","0.003083","1692.627981","45.263512","1732.102032","24.368454","1761.11","52.16","1761.11","52.16","3.888571","152.135851","61.794839","55.278418","0.406182","LA_ICP_MS","siliciclastic","77","ZKX1-19-098",,,,,,,,,,,,,,,,,,,
"Zhang, X et al.","2014","Journal of Asian Earth Sciences","85","0","Provenance analysis of the Miocene accretionary prism of the Hengchun Peninsula, southern Taiwan, and regional geological significance","10.1016/j.jseaes.2014.01.021","ZKX1-19","China","Eastern Asia","Asia","Taiwan Island","Lilungshan Formation","Hengchun Peninsula","22.1509","120.7234","Neogene","Miocene","23.03","14.18","5.33","zircon","LA_ICP_MS","Guangzhou","Key Laboratory of Isotope Geochronology and Geochemistry, Guangzhou Institute of Geochemistry, Chinese Academy of Sciences","Agilent 7500a","detrital","siliciclastic","sandy pebble","77","ZKX1-19-099","rim","32","0.026408","0.000484","0.19588","0.013683","0.053454","0.003829","169.886936","8.165192","181.633923","11.618172","346.35","162.94","169.886936","8.165192","6.914591","159.441378","79.335673","4.983715","0.497585","LA_ICP_MS","siliciclastic","77","ZKX1-19-099",,,,,,,,,,,,,,,,,,,
"Zhang, X et al.","2014","Journal of Asian Earth Sciences","85","0","Provenance analysis of the Miocene accretionary prism of the Hengchun Peninsula, southern Taiwan, and regional geological significance","10.1016/j.jseaes.2014.01.021","ZKX1-19","China","Eastern Asia","Asia","Taiwan Island","Lilungshan Formation","Hengchun Peninsula","22.1509","120.7234","Neogene","Miocene","23.03","14.18","5.33","zircon","LA_ICP_MS","Guangzhou","Key Laboratory of Isotope Geochronology and Geochemistry, Guangzhou Institute of Geochemistry, Chinese Academy of Sciences","Agilent 7500a","detrital","siliciclastic","sandy pebble","77","ZKX1-19-100","rim","32","0.026027","0.000379","0.168515","0.007368","0.046488","0.002021","165.837104","6.181495","158.129224","6.402328","33.43","90.73","165.837104","6.181495","4.647862","899.656404","210.598146","25.793028","0.234087","LA_ICP_MS","siliciclastic","77","ZKX1-19-100",,,,,,,,,,,,,,,,,,,
"Zhang, X et al.","2014","Journal of Asian Earth Sciences","85","0","Provenance analysis of the Miocene accretionary prism of the Hengchun Peninsula, southern Taiwan, and regional geological significance","10.1016/j.jseaes.2014.01.021","ZKX1-19","China","Eastern Asia","Asia","Taiwan Island","Lilungshan Formation","Hengchun Peninsula","22.1509","120.7234","Neogene","Miocene","23.03","14.18","5.33","zircon","LA_ICP_MS","Guangzhou","Key Laboratory of Isotope Geochronology and Geochemistry, Guangzhou Institute of Geochemistry, Chinese Academy of Sciences","Agilent 7500a","detrital","siliciclastic","sandy pebble","77","ZKX1-19-101","rim","32","0.037048","0.000527","0.249927","0.009044","0.048281","0.00163","235.052993","7.15095","226.516746","7.346876","122.31","79.62","235.052993","7.15095","3.631627","1481.257061","425.773566","60.996782","0.287441","LA_ICP_MS","siliciclastic","77","ZKX1-19-101",,,,,,,,,,,,,,,,,,,
"Zhang, X et al.","2014","Journal of Asian Earth Sciences","85","0","Provenance analysis of the Miocene accretionary prism of the Hengchun Peninsula, southern Taiwan, and regional geological significance","10.1016/j.jseaes.2014.01.021","ZKX1-19","China","Eastern Asia","Asia","Taiwan Island","Lilungshan Formation","Hengchun Peninsula","22.1509","120.7234","Neogene","Miocene","23.03","14.18","5.33","zircon","LA_ICP_MS","Guangzhou","Key Laboratory of Isotope Geochronology and Geochemistry, Guangzhou Institute of Geochemistry, Chinese Academy of Sciences","Agilent 7500a","detrital","siliciclastic","sandy pebble","77","ZKX1-19-102","rim","32","0.329689","0.003884","4.873359","0.135993","0.106198","0.002872","1863.724953","48.450332","1797.661314","23.51452","1734.87","49.3825","1734.87","49.3825","7.427355","267.680727","119.462851","108.479225","0.446289","LA_ICP_MS","siliciclastic","77","ZKX1-19-102",,,,,,,,,,,,,,,,,,,
"Zhang, X et al.","2014","Journal of Asian Earth Sciences","85","0","Provenance analysis of the Miocene accretionary prism of the Hengchun Peninsula, southern Taiwan, and regional geological significance","10.1016/j.jseaes.2014.01.021","ZKX1-19","China","Eastern Asia","Asia","Taiwan Island","Lilungshan Formation","Hengchun Peninsula","22.1509","120.7234","Neogene","Miocene","23.03","14.18","5.33","zircon","LA_ICP_MS","Guangzhou","Key Laboratory of Isotope Geochronology and Geochemistry, Guangzhou Institute of Geochemistry, Chinese Academy of Sciences","Agilent 7500a","detrital","siliciclastic","sandy pebble","77","ZKX1-19-103","rim","32","0.032671","0.00035","0.21729","0.007385","0.047857","0.001592","216.430979","6.299","199.652053","6.160393","100.09","77.77","216.430979","6.299","7.752553","1470.76252","590.973567","55.43017","0.401814","LA_ICP_MS","siliciclastic","77","ZKX1-19-103",,,,,,,,,,,,,,,,,,,
"Zhang, X et al.","2014","Journal of Asian Earth Sciences","85","0","Provenance analysis of the Miocene accretionary prism of the Hengchun Peninsula, southern Taiwan, and regional geological significance","10.1016/j.jseaes.2014.01.021","ZKX1-19","China","Eastern Asia","Asia","Taiwan Island","Lilungshan Formation","Hengchun Peninsula","22.1509","120.7234","Neogene","Miocene","23.03","14.18","5.33","zircon","LA_ICP_MS","Guangzhou","Key Laboratory of Isotope Geochronology and Geochemistry, Guangzhou Institute of Geochemistry, Chinese Academy of Sciences","Agilent 7500a","detrital","siliciclastic","sandy pebble","77","ZKX1-19-104","rim","32","0.264326","0.002571","3.912639","0.104937","0.106531","0.0028","1501.812786","39.133091","1616.298277","21.692512","1742.59","48.4575","1742.59","48.4575","13.817204","516.274157","66.710811","154.895083","0.129216","LA_ICP_MS","siliciclastic","77","ZKX1-19-104",,,,,,,,,,,,,,,,,,,
"Zhang, X et al.","2014","Journal of Asian Earth Sciences","85","0","Provenance analysis of the Miocene accretionary prism of the Hengchun Peninsula, southern Taiwan, and regional geological significance","10.1016/j.jseaes.2014.01.021","ZKX1-19","China","Eastern Asia","Asia","Taiwan Island","Lilungshan Formation","Hengchun Peninsula","22.1509","120.7234","Neogene","Miocene","23.03","14.18","5.33","zircon","LA_ICP_MS","Guangzhou","Key Laboratory of Isotope Geochronology and Geochemistry, Guangzhou Institute of Geochemistry, Chinese Academy of Sciences","Agilent 7500a","detrital","siliciclastic","sandy pebble","77","ZKX1-19-105","rim","32","0.025978","0.000331","0.168379","0.007272","0.046889","0.001999","166.729077","4.889578","158.011455","6.320123","42.69","99.99","166.729077","4.889578","5.228615","999.419415","467.049066","30.452236","0.46732","LA_ICP_MS","siliciclastic","77","ZKX1-19-105",,,,,,,,,,,,,,,,,,,
"Zhang, X et al.","2014","Journal of Asian Earth Sciences","85","0","Provenance analysis of the Miocene accretionary prism of the Hengchun Peninsula, southern Taiwan, and regional geological significance","10.1016/j.jseaes.2014.01.021","ZKX1-19","China","Eastern Asia","Asia","Taiwan Island","Lilungshan Formation","Hengchun Peninsula","22.1509","120.7234","Neogene","Miocene","23.03","14.18","5.33","zircon","LA_ICP_MS","Guangzhou","Key Laboratory of Isotope Geochronology and Geochemistry, Guangzhou Institute of Geochemistry, Chinese Academy of Sciences","Agilent 7500a","detrital","siliciclastic","sandy pebble","77","ZKX1-19-106","rim","32","0.029489","0.000536","0.202864","0.011649","0.051216","0.003045","197.615293","8.308867","187.546567","9.833577","250.065","139.795","197.615293","8.308867","5.095115","220.376118","82.625507","7.493105","0.374929","LA_ICP_MS","siliciclastic","77","ZKX1-19-106",,,,,,,,,,,,,,,,,,,
"Zhang, X et al.","2014","Journal of Asian Earth Sciences","85","0","Provenance analysis of the Miocene accretionary prism of the Hengchun Peninsula, southern Taiwan, and regional geological significance","10.1016/j.jseaes.2014.01.021","ZKX1-19","China","Eastern Asia","Asia","Taiwan Island","Lilungshan Formation","Hengchun Peninsula","22.1509","120.7234","Neogene","Miocene","23.03","14.18","5.33","zircon","LA_ICP_MS","Guangzhou","Key Laboratory of Isotope Geochronology and Geochemistry, Guangzhou Institute of Geochemistry, Chinese Academy of Sciences","Agilent 7500a","detrital","siliciclastic","sandy pebble","77","ZKX1-19-107","rim","32","0.290518","0.002673","4.401404","0.113018","0.109316","0.002736","1572.777302","37.203841","1712.604812","21.248792","1787.965","45.22","1787.965","45.22","12.035342","469.406318","113.994975","159.066968","0.242849","LA_ICP_MS","siliciclastic","77","ZKX1-19-107",,,,,,,,,,,,,,,,,,,
"Zhang, X et al.","2014","Journal of Asian Earth Sciences","85","0","Provenance analysis of the Miocene accretionary prism of the Hengchun Peninsula, southern Taiwan, and regional geological significance","10.1016/j.jseaes.2014.01.021","ZKX1-19","China","Eastern Asia","Asia","Taiwan Island","Lilungshan Formation","Hengchun Peninsula","22.1509","120.7234","Neogene","Miocene","23.03","14.18","5.33","zircon","LA_ICP_MS","Guangzhou","Key Laboratory of Isotope Geochronology and Geochemistry, Guangzhou Institute of Geochemistry, Chinese Academy of Sciences","Agilent 7500a","detrital","siliciclastic","sandy pebble","77","ZKX1-19-108","rim","32","0.296806","0.002759","4.670876","0.127536","0.113489","0.003002","1644.149507","41.995148","1762.038442","22.839525","1857.41","46.7575","1857.41","46.7575","11.481606","236.524539","67.818343","82.851912","0.286729","LA_ICP_MS","siliciclastic","77","ZKX1-19-108",,,,,,,,,,,,,,,,,,,
"Zhang, X et al.","2014","Journal of Asian Earth Sciences","85","0","Provenance analysis of the Miocene accretionary prism of the Hengchun Peninsula, southern Taiwan, and regional geological significance","10.1016/j.jseaes.2014.01.021","ZKX1-19","China","Eastern Asia","Asia","Taiwan Island","Lilungshan Formation","Hengchun Peninsula","22.1509","120.7234","Neogene","Miocene","23.03","14.18","5.33","zircon","LA_ICP_MS","Guangzhou","Key Laboratory of Isotope Geochronology and Geochemistry, Guangzhou Institute of Geochemistry, Chinese Academy of Sciences","Agilent 7500a","detrital","siliciclastic","sandy pebble","77","ZKX1-19-109","rim","32","0.024149","0.000427","0.168672","0.010987","0.05144","0.003504","158.423196","6.372938","158.265993","9.54601","261.175","157.3875","158.423196","6.372938","0.09923","216.352191","116.935266","6.319318","0.540486","LA_ICP_MS","siliciclastic","77","ZKX1-19-109",,,,,,,,,,,,,,,,,,,
"Zhang, X et al.","2014","Journal of Asian Earth Sciences","85","0","Provenance analysis of the Miocene accretionary prism of the Hengchun Peninsula, southern Taiwan, and regional geological significance","10.1016/j.jseaes.2014.01.021","ZKX1-19","China","Eastern Asia","Asia","Taiwan Island","Lilungshan Formation","Hengchun Peninsula","22.1509","120.7234","Neogene","Miocene","23.03","14.18","5.33","zircon","LA_ICP_MS","Guangzhou","Key Laboratory of Isotope Geochronology and Geochemistry, Guangzhou Institute of Geochemistry, Chinese Academy of Sciences","Agilent 7500a","detrital","siliciclastic","sandy pebble","77","ZKX1-19-110","rim","32","0.344267","0.005341","6.701526","0.246367","0.139691","0.004565","1925.354714","81.980459","2072.821727","32.492548","2233.335","56.9475","2233.335","56.9475","13.790152","450.179842","10.28999","174.88223","0.022858","LA_ICP_MS","siliciclastic","77","ZKX1-19-110",,,,,,,,,,,,,,,,,,,
"Zhang, X et al.","2014","Journal of Asian Earth Sciences","85","0","Provenance analysis of the Miocene accretionary prism of the Hengchun Peninsula, southern Taiwan, and regional geological significance","10.1016/j.jseaes.2014.01.021","ZKX1-19","China","Eastern Asia","Asia","Taiwan Island","Lilungshan Formation","Hengchun Peninsula","22.1509","120.7234","Neogene","Miocene","23.03","14.18","5.33","zircon","LA_ICP_MS","Guangzhou","Key Laboratory of Isotope Geochronology and Geochemistry, Guangzhou Institute of Geochemistry, Chinese Academy of Sciences","Agilent 7500a","detrital","siliciclastic","sandy pebble","77","ZKX1-19-112","rim","32","0.02649","0.000335","0.168957","0.007626","0.045917","0.002147","180.154882","6.327789","158.513092","6.624467",,,"180.154882","6.327789","12.01288","511.68276","217.527212","16.036298","0.425121","LA_ICP_MS","siliciclastic","77","ZKX1-19-112",,,,,,,,,,,,,,,,,,,
"Zhang, X et al.","2014","Journal of Asian Earth Sciences","85","0","Provenance analysis of the Miocene accretionary prism of the Hengchun Peninsula, southern Taiwan, and regional geological significance","10.1016/j.jseaes.2014.01.021","ZKX1-19","China","Eastern Asia","Asia","Taiwan Island","Lilungshan Formation","Hengchun Peninsula","22.1509","120.7234","Neogene","Miocene","23.03","14.18","5.33","zircon","LA_ICP_MS","Guangzhou","Key Laboratory of Isotope Geochronology and Geochemistry, Guangzhou Institute of Geochemistry, Chinese Academy of Sciences","Agilent 7500a","detrital","siliciclastic","sandy pebble","77","ZKX1-19-113","rim","32","0.291944","0.003157","4.178242","0.080185","0.102619","0.001802","1337.299668","61.150575","1669.762522","15.72448","1672.215","33.1825","1672.215","33.1825","20.028246","474.177598","20.186414","152.814137","0.042571","LA_ICP_MS","siliciclastic","77","ZKX1-19-113",,,,,,,,,,,,,,,,,,,
"Zhang, X et al.","2014","Journal of Asian Earth Sciences","85","0","Provenance analysis of the Miocene accretionary prism of the Hengchun Peninsula, southern Taiwan, and regional geological significance","10.1016/j.jseaes.2014.01.021","ZKX1-19","China","Eastern Asia","Asia","Taiwan Island","Lilungshan Formation","Hengchun Peninsula","22.1509","120.7234","Neogene","Miocene","23.03","14.18","5.33","zircon","LA_ICP_MS","Guangzhou","Key Laboratory of Isotope Geochronology and Geochemistry, Guangzhou Institute of Geochemistry, Chinese Academy of Sciences","Agilent 7500a","detrital","siliciclastic","sandy pebble","77","ZKX1-19-114","rim","32","0.260587","0.002268","3.744432","0.058284","0.102761","0.001455","1579.595728","35.684633","1580.922662","12.474249","1675.925","25.9275","1675.925","25.9275","5.747827","483.081024","68.842382","142.158019","0.142507","LA_ICP_MS","siliciclastic","77","ZKX1-19-114",,,,,,,,,,,,,,,,,,,
"Zhang, X et al.","2014","Journal of Asian Earth Sciences","85","0","Provenance analysis of the Miocene accretionary prism of the Hengchun Peninsula, southern Taiwan, and regional geological significance","10.1016/j.jseaes.2014.01.021","ZKX1-19","China","Eastern Asia","Asia","Taiwan Island","Lilungshan Formation","Hengchun Peninsula","22.1509","120.7234","Neogene","Miocene","23.03","14.18","5.33","zircon","LA_ICP_MS","Guangzhou","Key Laboratory of Isotope Geochronology and Geochemistry, Guangzhou Institute of Geochemistry, Chinese Academy of Sciences","Agilent 7500a","detrital","siliciclastic","sandy pebble","77","ZKX1-19-115","rim","32","0.036354","0.000409","0.229378","0.01118","0.045277","0.002232","260.03979","15.778764","209.685246","9.23412",,,"260.03979","15.778764","19.364169","318.304762","32.71681","12.292342","0.102785","LA_ICP_MS","siliciclastic","77","ZKX1-19-115",,,,,,,,,,,,,,,,,,,
"Zhang, X et al.","2014","Journal of Asian Earth Sciences","85","0","Provenance analysis of the Miocene accretionary prism of the Hengchun Peninsula, southern Taiwan, and regional geological significance","10.1016/j.jseaes.2014.01.021","MT1","China","Eastern Asia","Asia","Taiwan Island","Mutan Formation","Hengchun Peninsula","22.0995","120.7518","Neogene","Miocene","23.03","14.18","5.33","zircon","LA_ICP_MS","Guangzhou","Key Laboratory of Isotope Geochronology and Geochemistry, Guangzhou Institute of Geochemistry, Chinese Academy of Sciences","Agilent 7500a","detrital","siliciclastic","sandstone","53","MT1-01","rim","32","0.131466","0.002972","1.349092","0.080875","0.075051","0.004413","796.221687","16.935093","867.166589","34.971609","1070.06","118.5225","796.221687","16.935093","8.910195","61.39207","172.327198","14.555011","2.806994","LA_ICP_MS","siliciclastic","53","MT1-01",,,,,,,,,,,,,,,,,,,
"Zhang, X et al.","2014","Journal of Asian Earth Sciences","85","0","Provenance analysis of the Miocene accretionary prism of the Hengchun Peninsula, southern Taiwan, and regional geological significance","10.1016/j.jseaes.2014.01.021","MT1","China","Eastern Asia","Asia","Taiwan Island","Mutan Formation","Hengchun Peninsula","22.0995","120.7518","Neogene","Miocene","23.03","14.18","5.33","zircon","LA_ICP_MS","Guangzhou","Key Laboratory of Isotope Geochronology and Geochemistry, Guangzhou Institute of Geochemistry, Chinese Academy of Sciences","Agilent 7500a","detrital","siliciclastic","sandstone","53","MT1-04","rim","32","0.127133","0.002486","1.262195","0.05023","0.071475","0.002278","771.486967","14.220026","828.893516","22.549419","972.225","64.8175","771.486967","14.220026","7.441026","290.012546","259.322742","46.235985","0.894178","LA_ICP_MS","siliciclastic","53","MT1-04",,,,,,,,,,,,,,,,,,,
"Zhang, X et al.","2014","Journal of Asian Earth Sciences","85","0","Provenance analysis of the Miocene accretionary prism of the Hengchun Peninsula, southern Taiwan, and regional geological significance","10.1016/j.jseaes.2014.01.021","MT1","China","Eastern Asia","Asia","Taiwan Island","Mutan Formation","Hengchun Peninsula","22.0995","120.7518","Neogene","Miocene","23.03","14.18","5.33","zircon","LA_ICP_MS","Guangzhou","Key Laboratory of Isotope Geochronology and Geochemistry, Guangzhou Institute of Geochemistry, Chinese Academy of Sciences","Agilent 7500a","detrital","siliciclastic","sandstone","53","MT1-05","rim","32","0.304366","0.004947","5.289626","0.130665","0.125804","0.00277","1712.920881","24.449343","1867.189523","21.09731","2040.43","6.48","2040.43","6.48","16.050985","514.333879","141.13897","173.259674","0.274411","LA_ICP_MS","siliciclastic","53","MT1-05",,,,,,,,,,,,,,,,,,,
"Zhang, X et al.","2014","Journal of Asian Earth Sciences","85","0","Provenance analysis of the Miocene accretionary prism of the Hengchun Peninsula, southern Taiwan, and regional geological significance","10.1016/j.jseaes.2014.01.021","MT1","China","Eastern Asia","Asia","Taiwan Island","Mutan Formation","Hengchun Peninsula","22.0995","120.7518","Neogene","Miocene","23.03","14.18","5.33","zircon","LA_ICP_MS","Guangzhou","Key Laboratory of Isotope Geochronology and Geochemistry, Guangzhou Institute of Geochemistry, Chinese Academy of Sciences","Agilent 7500a","detrital","siliciclastic","sandstone","53","MT1-06","rim","32","0.030639","0.000509","0.216399","0.009178","0.051122","0.002159","194.545488","3.181233","198.90813","7.661693","255.62","96.2825","194.545488","3.181233","2.242479","396.957054","189.367551","14.342111","0.477048","LA_ICP_MS","siliciclastic","53","MT1-06",,,,,,,,,,,,,,,,,,,
"Zhang, X et al.","2014","Journal of Asian Earth Sciences","85","0","Provenance analysis of the Miocene accretionary prism of the Hengchun Peninsula, southern Taiwan, and regional geological significance","10.1016/j.jseaes.2014.01.021","MT1","China","Eastern Asia","Asia","Taiwan Island","Mutan Formation","Hengchun Peninsula","22.0995","120.7518","Neogene","Miocene","23.03","14.18","5.33","zircon","LA_ICP_MS","Guangzhou","Key Laboratory of Isotope Geochronology and Geochemistry, Guangzhou Institute of Geochemistry, Chinese Academy of Sciences","Agilent 7500a","detrital","siliciclastic","sandstone","53","MT1-07","rim","32","0.020714","0.000433","0.138278","0.008167","0.048797","0.003106","132.16753","2.737797","131.508718","7.285228","200.075","79.615","132.16753","2.737797","0.498467","371.169844","321.135145","9.734483","0.865197","LA_ICP_MS","siliciclastic","53","MT1-07",,,,,,,,,,,,,,,,,,,
"Zhang, X et al.","2014","Journal of Asian Earth Sciences","85","0","Provenance analysis of the Miocene accretionary prism of the Hengchun Peninsula, southern Taiwan, and regional geological significance","10.1016/j.jseaes.2014.01.021","MT1","China","Eastern Asia","Asia","Taiwan Island","Mutan Formation","Hengchun Peninsula","22.0995","120.7518","Neogene","Miocene","23.03","14.18","5.33","zircon","LA_ICP_MS","Guangzhou","Key Laboratory of Isotope Geochronology and Geochemistry, Guangzhou Institute of Geochemistry, Chinese Academy of Sciences","Agilent 7500a","detrital","siliciclastic","sandstone","53","MT1-08","rim","32","0.47543","0.006438","11.017419","0.236551","0.167141","0.003379","2507.328793","28.129878","2524.604983","19.989388","2529.32","33.9475","2529.30001","33.96749","0.869451","217.969269","57.937144","122.7705","0.265804","LA_ICP_MS","siliciclastic","53","MT1-08",,,,,,,,,,,,,,,,,,,
"Zhang, X et al.","2014","Journal of Asian Earth Sciences","85","0","Provenance analysis of the Miocene accretionary prism of the Hengchun Peninsula, southern Taiwan, and regional geological significance","10.1016/j.jseaes.2014.01.021","MT1","China","Eastern Asia","Asia","Taiwan Island","Mutan Formation","Hengchun Peninsula","22.0995","120.7518","Neogene","Miocene","23.03","14.18","5.33","zircon","LA_ICP_MS","Guangzhou","Key Laboratory of Isotope Geochronology and Geochemistry, Guangzhou Institute of Geochemistry, Chinese Academy of Sciences","Agilent 7500a","detrital","siliciclastic","sandstone","53","MT1-09","rim","32","0.263598","0.003675","3.504208","0.08702","0.09579","0.002306","1508.222001","18.750945","1528.16379","19.619236","1543.525","44.9075","1543.525","44.9075","2.287167","251.700802","271.722417","88.896716","1.079545","LA_ICP_MS","siliciclastic","53","MT1-09",,,,,,,,,,,,,,,,,,,
"Zhang, X et al.","2014","Journal of Asian Earth Sciences","85","0","Provenance analysis of the Miocene accretionary prism of the Hengchun Peninsula, southern Taiwan, and regional geological significance","10.1016/j.jseaes.2014.01.021","MT1","China","Eastern Asia","Asia","Taiwan Island","Mutan Formation","Hengchun Peninsula","22.0995","120.7518","Neogene","Miocene","23.03","14.18","5.33","zircon","LA_ICP_MS","Guangzhou","Key Laboratory of Isotope Geochronology and Geochemistry, Guangzhou Institute of Geochemistry, Chinese Academy of Sciences","Agilent 7500a","detrital","siliciclastic","sandstone","53","MT1-11","rim","32","0.031915","0.001298","0.228544","0.031239","0.055634","0.008692","202.520289","8.111108","208.995652","25.824743","438.935","349.03","202.520289","8.111108","3.197389","42.351378","65.967752","2.065206","1.557629","LA_ICP_MS","siliciclastic","53","MT1-11",,,,,,,,,,,,,,,,,,,
"Zhang, X et al.","2014","Journal of Asian Earth Sciences","85","0","Provenance analysis of the Miocene accretionary prism of the Hengchun Peninsula, southern Taiwan, and regional geological significance","10.1016/j.jseaes.2014.01.021","MT1","China","Eastern Asia","Asia","Taiwan Island","Mutan Formation","Hengchun Peninsula","22.0995","120.7518","Neogene","Miocene","23.03","14.18","5.33","zircon","LA_ICP_MS","Guangzhou","Key Laboratory of Isotope Geochronology and Geochemistry, Guangzhou Institute of Geochemistry, Chinese Academy of Sciences","Agilent 7500a","detrital","siliciclastic","sandstone","53","MT1-12","rim","32","0.071563","0.001125","0.556008","0.021386","0.056041","0.002103","445.565503","6.765491","448.924629","13.956371","453.75","115.7275","445.565503","6.765491","0.753902","247.137786","154.504646","21.140864","0.625176","LA_ICP_MS","siliciclastic","53","MT1-12",,,,,,,,,,,,,,,,,,,
"Zhang, X et al.","2014","Journal of Asian Earth Sciences","85","0","Provenance analysis of the Miocene accretionary prism of the Hengchun Peninsula, southern Taiwan, and regional geological significance","10.1016/j.jseaes.2014.01.021","MT1","China","Eastern Asia","Asia","Taiwan Island","Mutan Formation","Hengchun Peninsula","22.0995","120.7518","Neogene","Miocene","23.03","14.18","5.33","zircon","LA_ICP_MS","Guangzhou","Key Laboratory of Isotope Geochronology and Geochemistry, Guangzhou Institute of Geochemistry, Chinese Academy of Sciences","Agilent 7500a","detrital","siliciclastic","sandstone","53","MT1-13","rim","32","0.290946","0.00399","4.361017","0.114188","0.108054","0.002759","1646.2556","19.925227","1704.984215","21.630627","1768.515","46.14","1768.515","46.14","6.913111","261.308371","199.00287","96.597384","0.761563","LA_ICP_MS","siliciclastic","53","MT1-13",,,,,,,,,,,,,,,,,,,
"Zhang, X et al.","2014","Journal of Asian Earth Sciences","85","0","Provenance analysis of the Miocene accretionary prism of the Hengchun Peninsula, southern Taiwan, and regional geological significance","10.1016/j.jseaes.2014.01.021","MT1","China","Eastern Asia","Asia","Taiwan Island","Mutan Formation","Hengchun Peninsula","22.0995","120.7518","Neogene","Miocene","23.03","14.18","5.33","zircon","LA_ICP_MS","Guangzhou","Key Laboratory of Isotope Geochronology and Geochemistry, Guangzhou Institute of Geochemistry, Chinese Academy of Sciences","Agilent 7500a","detrital","siliciclastic","sandstone","53","MT1-14","rim","32","0.130832","0.002262","1.227491","0.037394","0.067858","0.002096","792.607589","12.893566","813.195686","17.047237","864.81","64.8125","792.607589","12.893566","2.597514","258.563227","179.837978","41.361992","0.695528","LA_ICP_MS","siliciclastic","53","MT1-14",,,,,,,,,,,,,,,,,,,
"Zhang, X et al.","2014","Journal of Asian Earth Sciences","85","0","Provenance analysis of the Miocene accretionary prism of the Hengchun Peninsula, southern Taiwan, and regional geological significance","10.1016/j.jseaes.2014.01.021","MT1","China","Eastern Asia","Asia","Taiwan Island","Mutan Formation","Hengchun Peninsula","22.0995","120.7518","Neogene","Miocene","23.03","14.18","5.33","zircon","LA_ICP_MS","Guangzhou","Key Laboratory of Isotope Geochronology and Geochemistry, Guangzhou Institute of Geochemistry, Chinese Academy of Sciences","Agilent 7500a","detrital","siliciclastic","sandstone","53","MT1-16","rim","32","0.395852","0.008099","8.629127","0.2912","0.156313","0.004264","2149.910707","37.404012","2299.632008","30.716164","2416.355","46.6","2416.355","46.6","11.026703","998.892151","416.803323","477.426592","0.417266","LA_ICP_MS","siliciclastic","53","MT1-16",,,,,,,,,,,,,,,,,,,
"Zhang, X et al.","2014","Journal of Asian Earth Sciences","85","0","Provenance analysis of the Miocene accretionary prism of the Hengchun Peninsula, southern Taiwan, and regional geological significance","10.1016/j.jseaes.2014.01.021","MT1","China","Eastern Asia","Asia","Taiwan Island","Mutan Formation","Hengchun Peninsula","22.0995","120.7518","Neogene","Miocene","23.03","14.18","5.33","zircon","LA_ICP_MS","Guangzhou","Key Laboratory of Isotope Geochronology and Geochemistry, Guangzhou Institute of Geochemistry, Chinese Academy of Sciences","Agilent 7500a","detrital","siliciclastic","sandstone","53","MT1-18","rim","32","0.071671","0.001098","0.551077","0.020366","0.055244","0.002036","446.214268","6.606809","445.701688","13.333098","420.42","81.4725","446.214268","6.606809","0.114873","184.752846","108.557271","15.911194","0.587581","LA_ICP_MS","siliciclastic","53","MT1-18",,,,,,,,,,,,,,,,,,,
"Zhang, X et al.","2014","Journal of Asian Earth Sciences","85","0","Provenance analysis of the Miocene accretionary prism of the Hengchun Peninsula, southern Taiwan, and regional geological significance","10.1016/j.jseaes.2014.01.021","MT1","China","Eastern Asia","Asia","Taiwan Island","Mutan Formation","Hengchun Peninsula","22.0995","120.7518","Neogene","Miocene","23.03","14.18","5.33","zircon","LA_ICP_MS","Guangzhou","Key Laboratory of Isotope Geochronology and Geochemistry, Guangzhou Institute of Geochemistry, Chinese Academy of Sciences","Agilent 7500a","detrital","siliciclastic","sandstone","53","MT1-19","rim","32","0.183809","0.003085","1.967781","0.060101","0.076528","0.002299","1087.750383","16.798675","1104.54854","20.565437","1109.26","60.34","1087.750383","16.798675","1.544303","274.70532","163.472858","61.563489","0.595084","LA_ICP_MS","siliciclastic","53","MT1-19",,,,,,,,,,,,,,,,,,,
"Zhang, X et al.","2014","Journal of Asian Earth Sciences","85","0","Provenance analysis of the Miocene accretionary prism of the Hengchun Peninsula, southern Taiwan, and regional geological significance","10.1016/j.jseaes.2014.01.021","MT1","China","Eastern Asia","Asia","Taiwan Island","Mutan Formation","Hengchun Peninsula","22.0995","120.7518","Neogene","Miocene","23.03","14.18","5.33","zircon","LA_ICP_MS","Guangzhou","Key Laboratory of Isotope Geochronology and Geochemistry, Guangzhou Institute of Geochemistry, Chinese Academy of Sciences","Agilent 7500a","detrital","siliciclastic","sandstone","53","MT1-20","rim","32","0.306263","0.00549","4.737123","0.141605","0.110225","0.003259","1722.292493","27.091384","1773.831358","25.066969","1803.39","53.7075","1803.39","53.7075","4.496948","294.836258","154.639723","109.518441","0.524494","LA_ICP_MS","siliciclastic","53","MT1-20",,,,,,,,,,,,,,,,,,,
"Zhang, X et al.","2014","Journal of Asian Earth Sciences","85","0","Provenance analysis of the Miocene accretionary prism of the Hengchun Peninsula, southern Taiwan, and regional geological significance","10.1016/j.jseaes.2014.01.021","MT1","China","Eastern Asia","Asia","Taiwan Island","Mutan Formation","Hengchun Peninsula","22.0995","120.7518","Neogene","Miocene","23.03","14.18","5.33","zircon","LA_ICP_MS","Guangzhou","Key Laboratory of Isotope Geochronology and Geochemistry, Guangzhou Institute of Geochemistry, Chinese Academy of Sciences","Agilent 7500a","detrital","siliciclastic","sandstone","53","MT1-21","rim","32","0.317033","0.005825","5.550024","0.154821","0.125655","0.003462","1775.222418","28.510643","1908.380698","24.004796","2038.885","49.2275","2038.885","49.2275","12.931704","276.535869","54.121212","104.321386","0.195711","LA_ICP_MS","siliciclastic","53","MT1-21",,,,,,,,,,,,,,,,,,,
"Zhang, X et al.","2014","Journal of Asian Earth Sciences","85","0","Provenance analysis of the Miocene accretionary prism of the Hengchun Peninsula, southern Taiwan, and regional geological significance","10.1016/j.jseaes.2014.01.021","MT1","China","Eastern Asia","Asia","Taiwan Island","Mutan Formation","Hengchun Peninsula","22.0995","120.7518","Neogene","Miocene","23.03","14.18","5.33","zircon","LA_ICP_MS","Guangzhou","Key Laboratory of Isotope Geochronology and Geochemistry, Guangzhou Institute of Geochemistry, Chinese Academy of Sciences","Agilent 7500a","detrital","siliciclastic","sandstone","53","MT1-25","rim","32","0.293264","0.004621","4.409865","0.151881","0.108659","0.003524","1657.821209","23.031821","1714.194244","28.514236","1776.855","58.955","1776.855","58.955","6.699128","352.947005","176.601459","127.814893","0.500363","LA_ICP_MS","siliciclastic","53","MT1-25",,,,,,,,,,,,,,,,,,,
"Zhang, X et al.","2014","Journal of Asian Earth Sciences","85","0","Provenance analysis of the Miocene accretionary prism of the Hengchun Peninsula, southern Taiwan, and regional geological significance","10.1016/j.jseaes.2014.01.021","MT1","China","Eastern Asia","Asia","Taiwan Island","Mutan Formation","Hengchun Peninsula","22.0995","120.7518","Neogene","Miocene","23.03","14.18","5.33","zircon","LA_ICP_MS","Guangzhou","Key Laboratory of Isotope Geochronology and Geochemistry, Guangzhou Institute of Geochemistry, Chinese Academy of Sciences","Agilent 7500a","detrital","siliciclastic","sandstone","53","MT1-26","rim","32","0.133572","0.002866","1.195283","0.048738","0.064923","0.002477","808.211973","16.296542","798.406991","22.546472","772.225","74.9925","808.211973","16.296542","1.21317","186.950175","133.986937","31.140417","0.716699","LA_ICP_MS","siliciclastic","53","MT1-26",,,,,,,,,,,,,,,,,,,
"Zhang, X et al.","2014","Journal of Asian Earth Sciences","85","0","Provenance analysis of the Miocene accretionary prism of the Hengchun Peninsula, southern Taiwan, and regional geological significance","10.1016/j.jseaes.2014.01.021","MT1","China","Eastern Asia","Asia","Taiwan Island","Mutan Formation","Hengchun Peninsula","22.0995","120.7518","Neogene","Miocene","23.03","14.18","5.33","zircon","LA_ICP_MS","Guangzhou","Key Laboratory of Isotope Geochronology and Geochemistry, Guangzhou Institute of Geochemistry, Chinese Academy of Sciences","Agilent 7500a","detrital","siliciclastic","sandstone","53","MT1-28","rim","32","0.315153","0.004547","4.946281","0.150023","0.112765","0.003189","1766.01298","22.286158","1810.190311","25.623193","1844.14","51.235","1844.14","51.235","4.236502","224.060564","134.377051","89.796832","0.599735","LA_ICP_MS","siliciclastic","53","MT1-28",,,,,,,,,,,,,,,,,,,
"Zhang, X et al.","2014","Journal of Asian Earth Sciences","85","0","Provenance analysis of the Miocene accretionary prism of the Hengchun Peninsula, southern Taiwan, and regional geological significance","10.1016/j.jseaes.2014.01.021","MT1","China","Eastern Asia","Asia","Taiwan Island","Mutan Formation","Hengchun Peninsula","22.0995","120.7518","Neogene","Miocene","23.03","14.18","5.33","zircon","LA_ICP_MS","Guangzhou","Key Laboratory of Isotope Geochronology and Geochemistry, Guangzhou Institute of Geochemistry, Chinese Academy of Sciences","Agilent 7500a","detrital","siliciclastic","sandstone","53","MT1-29","rim","32","0.070501","0.001103","0.534272","0.019838","0.054434","0.001995","439.172834","6.642173","434.640491","13.129711","390.79","86.1025","439.172834","6.642173","1.032018","387.215541","179.245375","32.288995","0.462909","LA_ICP_MS","siliciclastic","53","MT1-29",,,,,,,,,,,,,,,,,,,
"Zhang, X et al.","2014","Journal of Asian Earth Sciences","85","0","Provenance analysis of the Miocene accretionary prism of the Hengchun Peninsula, southern Taiwan, and regional geological significance","10.1016/j.jseaes.2014.01.021","MT1","China","Eastern Asia","Asia","Taiwan Island","Mutan Formation","Hengchun Peninsula","22.0995","120.7518","Neogene","Miocene","23.03","14.18","5.33","zircon","LA_ICP_MS","Guangzhou","Key Laboratory of Isotope Geochronology and Geochemistry, Guangzhou Institute of Geochemistry, Chinese Academy of Sciences","Agilent 7500a","detrital","siliciclastic","sandstone","53","MT1-30","rim","32","0.32804","0.005373","5.876421","0.190194","0.12825","0.00408","1828.876967","26.082383","1957.758313","28.091466","2075.92","56.175","2075.92","56.175","11.900412","360.343827","181.748314","147.031549","0.504375","LA_ICP_MS","siliciclastic","53","MT1-30",,,,,,,,,,,,,,,,,,,
"Zhang, X et al.","2014","Journal of Asian Earth Sciences","85","0","Provenance analysis of the Miocene accretionary prism of the Hengchun Peninsula, southern Taiwan, and regional geological significance","10.1016/j.jseaes.2014.01.021","MT1","China","Eastern Asia","Asia","Taiwan Island","Mutan Formation","Hengchun Peninsula","22.0995","120.7518","Neogene","Miocene","23.03","14.18","5.33","zircon","LA_ICP_MS","Guangzhou","Key Laboratory of Isotope Geochronology and Geochemistry, Guangzhou Institute of Geochemistry, Chinese Academy of Sciences","Agilent 7500a","detrital","siliciclastic","sandstone","53","MT1-31","rim","32","0.020319","0.000624","0.141991","0.013801","0.052222","0.004762","129.670799","3.944994","134.815282","12.271754","294.505","213.8625","129.670799","3.944994","3.967342","132.483025","77.979088","3.333812","0.588597","LA_ICP_MS","siliciclastic","53","MT1-31",,,,,,,,,,,,,,,,,,,
"Zhang, X et al.","2014","Journal of Asian Earth Sciences","85","0","Provenance analysis of the Miocene accretionary prism of the Hengchun Peninsula, southern Taiwan, and regional geological significance","10.1016/j.jseaes.2014.01.021","MT1","China","Eastern Asia","Asia","Taiwan Island","Mutan Formation","Hengchun Peninsula","22.0995","120.7518","Neogene","Miocene","23.03","14.18","5.33","zircon","LA_ICP_MS","Guangzhou","Key Laboratory of Isotope Geochronology and Geochemistry, Guangzhou Institute of Geochemistry, Chinese Academy of Sciences","Agilent 7500a","detrital","siliciclastic","sandstone","53","MT1-32","rim","32","0.438343","0.005898","9.773001","0.241153","0.16057","0.003994","2343.217396","26.432789","2413.609286","22.73305","2461.41","41.51","2461.41","41.51","4.801825","65.542717","33.447033","36.321764","0.510309","LA_ICP_MS","siliciclastic","53","MT1-32",,,,,,,,,,,,,,,,,,,
"Zhang, X et al.","2014","Journal of Asian Earth Sciences","85","0","Provenance analysis of the Miocene accretionary prism of the Hengchun Peninsula, southern Taiwan, and regional geological significance","10.1016/j.jseaes.2014.01.021","MT1","China","Eastern Asia","Asia","Taiwan Island","Mutan Formation","Hengchun Peninsula","22.0995","120.7518","Neogene","Miocene","23.03","14.18","5.33","zircon","LA_ICP_MS","Guangzhou","Key Laboratory of Isotope Geochronology and Geochemistry, Guangzhou Institute of Geochemistry, Chinese Academy of Sciences","Agilent 7500a","detrital","siliciclastic","sandstone","53","MT1-33","rim","32","0.345489","0.003992","6.177887","0.099107","0.12893","0.002074","1913.023633","19.128507","2001.325161","14.020616","2083.64","33.7975","2083.64","33.7975","8.18838","488.785131","158.997979","200.897739","0.325292","LA_ICP_MS","siliciclastic","53","MT1-33",,,,,,,,,,,,,,,,,,,
"Zhang, X et al.","2014","Journal of Asian Earth Sciences","85","0","Provenance analysis of the Miocene accretionary prism of the Hengchun Peninsula, southern Taiwan, and regional geological significance","10.1016/j.jseaes.2014.01.021","MT1","China","Eastern Asia","Asia","Taiwan Island","Mutan Formation","Hengchun Peninsula","22.0995","120.7518","Neogene","Miocene","23.03","14.18","5.33","zircon","LA_ICP_MS","Guangzhou","Key Laboratory of Isotope Geochronology and Geochemistry, Guangzhou Institute of Geochemistry, Chinese Academy of Sciences","Agilent 7500a","detrital","siliciclastic","sandstone","53","MT1-34","rim","32","0.020701","0.000253","0.148427","0.0045","0.051783","0.001543","132.085929","1.600953","140.522232","3.978329","275.99","68.51","132.085929","1.600953","6.386981","1053.14483","718.581702","26.791932","0.68232","LA_ICP_MS","siliciclastic","53","MT1-34",,,,,,,,,,,,,,,,,,,
"Zhang, X et al.","2014","Journal of Asian Earth Sciences","85","0","Provenance analysis of the Miocene accretionary prism of the Hengchun Peninsula, southern Taiwan, and regional geological significance","10.1016/j.jseaes.2014.01.021","MT1","China","Eastern Asia","Asia","Taiwan Island","Mutan Formation","Hengchun Peninsula","22.0995","120.7518","Neogene","Miocene","23.03","14.18","5.33","zircon","LA_ICP_MS","Guangzhou","Key Laboratory of Isotope Geochronology and Geochemistry, Guangzhou Institute of Geochemistry, Chinese Academy of Sciences","Agilent 7500a","detrital","siliciclastic","sandstone","53","MT1-35","rim","32","0.16368","0.001855","1.624187","0.032035","0.071688","0.001243","977.194965","10.274636","979.612244","12.396075","976.855","35.185","977.194965","10.274636","0.247369","342.400883","135.449068","64.011702","0.395586","LA_ICP_MS","siliciclastic","53","MT1-35",,,,,,,,,,,,,,,,,,,
"Zhang, X et al.","2014","Journal of Asian Earth Sciences","85","0","Provenance analysis of the Miocene accretionary prism of the Hengchun Peninsula, southern Taiwan, and regional geological significance","10.1016/j.jseaes.2014.01.021","MT1","China","Eastern Asia","Asia","Taiwan Island","Mutan Formation","Hengchun Peninsula","22.0995","120.7518","Neogene","Miocene","23.03","14.18","5.33","zircon","LA_ICP_MS","Guangzhou","Key Laboratory of Isotope Geochronology and Geochemistry, Guangzhou Institute of Geochemistry, Chinese Academy of Sciences","Agilent 7500a","detrital","siliciclastic","sandstone","53","MT1-37","rim","32","0.036228","0.000613","0.240525","0.010737","0.048052","0.002146","229.409725","3.816553","218.850036","8.788719","101.94","109.245","229.409725","3.816553","4.602982","596.923994","274.061005","24.085599","0.459122","LA_ICP_MS","siliciclastic","53","MT1-37",,,,,,,,,,,,,,,,,,,
"Zhang, X et al.","2014","Journal of Asian Earth Sciences","85","0","Provenance analysis of the Miocene accretionary prism of the Hengchun Peninsula, southern Taiwan, and regional geological significance","10.1016/j.jseaes.2014.01.021","MT1","China","Eastern Asia","Asia","Taiwan Island","Mutan Formation","Hengchun Peninsula","22.0995","120.7518","Neogene","Miocene","23.03","14.18","5.33","zircon","LA_ICP_MS","Guangzhou","Key Laboratory of Isotope Geochronology and Geochemistry, Guangzhou Institute of Geochemistry, Chinese Academy of Sciences","Agilent 7500a","detrital","siliciclastic","sandstone","53","MT1-38","rim","32","0.452236","0.007234","9.750071","0.30522","0.154775","0.005106","2405.184299","32.109793","2411.445793","28.836843","2399.075","56.1675","2399.075","56.1675","0.254652","55.412041","50.412621","33.278804","0.909777","LA_ICP_MS","siliciclastic","53","MT1-38",,,,,,,,,,,,,,,,,,,
"Zhang, X et al.","2014","Journal of Asian Earth Sciences","85","0","Provenance analysis of the Miocene accretionary prism of the Hengchun Peninsula, southern Taiwan, and regional geological significance","10.1016/j.jseaes.2014.01.021","MT1","China","Eastern Asia","Asia","Taiwan Island","Mutan Formation","Hengchun Peninsula","22.0995","120.7518","Neogene","Miocene","23.03","14.18","5.33","zircon","LA_ICP_MS","Guangzhou","Key Laboratory of Isotope Geochronology and Geochemistry, Guangzhou Institute of Geochemistry, Chinese Academy of Sciences","Agilent 7500a","detrital","siliciclastic","sandstone","53","MT1-40","rim","32","0.44985","0.00867","10.043399","0.438186","0.159136","0.007566","2394.586414","38.550944","2438.780352","40.310068","2446.6","80.0875","2446.6","80.0875","2.125954","73.478512","105.331839","48.190726","1.433505","LA_ICP_MS","siliciclastic","53","MT1-40",,,,,,,,,,,,,,,,,,,
"Zhang, X et al.","2014","Journal of Asian Earth Sciences","85","0","Provenance analysis of the Miocene accretionary prism of the Hengchun Peninsula, southern Taiwan, and regional geological significance","10.1016/j.jseaes.2014.01.021","MT1","China","Eastern Asia","Asia","Taiwan Island","Mutan Formation","Hengchun Peninsula","22.0995","120.7518","Neogene","Miocene","23.03","14.18","5.33","zircon","LA_ICP_MS","Guangzhou","Key Laboratory of Isotope Geochronology and Geochemistry, Guangzhou Institute of Geochemistry, Chinese Academy of Sciences","Agilent 7500a","detrital","siliciclastic","sandstone","53","MT1-42","rim","32","0.335943","0.004936","5.473731","0.161939","0.116656","0.003617","1867.12211","23.816554","1896.484318","25.404879","1905.865","55.555","1905.865","55.53501","2.032824","120.342456","158.410311","57.140505","1.316329","LA_ICP_MS","siliciclastic","53","MT1-42",,,,,,,,,,,,,,,,,,,
"Zhang, X et al.","2014","Journal of Asian Earth Sciences","85","0","Provenance analysis of the Miocene accretionary prism of the Hengchun Peninsula, southern Taiwan, and regional geological significance","10.1016/j.jseaes.2014.01.021","MT1","China","Eastern Asia","Asia","Taiwan Island","Mutan Formation","Hengchun Peninsula","22.0995","120.7518","Neogene","Miocene","23.03","14.18","5.33","zircon","LA_ICP_MS","Guangzhou","Key Laboratory of Isotope Geochronology and Geochemistry, Guangzhou Institute of Geochemistry, Chinese Academy of Sciences","Agilent 7500a","detrital","siliciclastic","sandstone","53","MT1-45","rim","32","0.256439","0.002763","3.899897","0.067149","0.109309","0.001287","1471.595836","14.177361","1613.661189","13.915935","1787.965","21.3","1787.965","21.3","17.694371","670.339952","62.311927","187.807427","0.092956","LA_ICP_MS","siliciclastic","53","MT1-45",,,,,,,,,,,,,,,,,,,
"Zhang, X et al.","2014","Journal of Asian Earth Sciences","85","0","Provenance analysis of the Miocene accretionary prism of the Hengchun Peninsula, southern Taiwan, and regional geological significance","10.1016/j.jseaes.2014.01.021","MT1","China","Eastern Asia","Asia","Taiwan Island","Mutan Formation","Hengchun Peninsula","22.0995","120.7518","Neogene","Miocene","23.03","14.18","5.33","zircon","LA_ICP_MS","Guangzhou","Key Laboratory of Isotope Geochronology and Geochemistry, Guangzhou Institute of Geochemistry, Chinese Academy of Sciences","Agilent 7500a","detrital","siliciclastic","sandstone","53","MT1-48","rim","32","0.016869","0.000583","0.115543","0.010296","0.051574","0.004895","107.840574","3.697695","111.02336","9.371697","264.88","220.3425","107.840574","3.697695","2.95138","203.144258","158.845675","4.198662","0.781935","LA_ICP_MS","siliciclastic","53","MT1-48",,,,,,,,,,,,,,,,,,,
"Zhang, X et al.","2014","Journal of Asian Earth Sciences","85","0","Provenance analysis of the Miocene accretionary prism of the Hengchun Peninsula, southern Taiwan, and regional geological significance","10.1016/j.jseaes.2014.01.021","MT1","China","Eastern Asia","Asia","Taiwan Island","Mutan Formation","Hengchun Peninsula","22.0995","120.7518","Neogene","Miocene","23.03","14.18","5.33","zircon","LA_ICP_MS","Guangzhou","Key Laboratory of Isotope Geochronology and Geochemistry, Guangzhou Institute of Geochemistry, Chinese Academy of Sciences","Agilent 7500a","detrital","siliciclastic","sandstone","53","MT1-49","rim","32","0.022701","0.000388","0.155414","0.010072","0.049711","0.003429","144.704453","2.442886","146.681312","8.851607","188.97","165.72","144.704453","2.442886","1.366135","349.50741","188.857909","9.304485","0.540355","LA_ICP_MS","siliciclastic","53","MT1-49",,,,,,,,,,,,,,,,,,,
"Zhang, X et al.","2014","Journal of Asian Earth Sciences","85","0","Provenance analysis of the Miocene accretionary prism of the Hengchun Peninsula, southern Taiwan, and regional geological significance","10.1016/j.jseaes.2014.01.021","MT1","China","Eastern Asia","Asia","Taiwan Island","Mutan Formation","Hengchun Peninsula","22.0995","120.7518","Neogene","Miocene","23.03","14.18","5.33","zircon","LA_ICP_MS","Guangzhou","Key Laboratory of Isotope Geochronology and Geochemistry, Guangzhou Institute of Geochemistry, Chinese Academy of Sciences","Agilent 7500a","detrital","siliciclastic","sandstone","53","MT1-50","rim","32","0.127","0.002555","1.187987","0.043187","0.067195","0.002412","770.728978","14.612724","795.026491","20.044704","842.59","74.0725","770.728978","14.612724","3.152537","1039.808303","192.451194","139.376449","0.185083","LA_ICP_MS","siliciclastic","53","MT1-50",,,,,,,,,,,,,,,,,,,
"Zhang, X et al.","2014","Journal of Asian Earth Sciences","85","0","Provenance analysis of the Miocene accretionary prism of the Hengchun Peninsula, southern Taiwan, and regional geological significance","10.1016/j.jseaes.2014.01.021","MT1","China","Eastern Asia","Asia","Taiwan Island","Mutan Formation","Hengchun Peninsula","22.0995","120.7518","Neogene","Miocene","23.03","14.18","5.33","zircon","LA_ICP_MS","Guangzhou","Key Laboratory of Isotope Geochronology and Geochemistry, Guangzhou Institute of Geochemistry, Chinese Academy of Sciences","Agilent 7500a","detrital","siliciclastic","sandstone","53","MT1-52","rim","32","0.282383","0.003438","4.275594","0.130376","0.109397","0.00326","1603.353891","17.280406","1688.674756","25.098299","1790.74","21.4525","1790.74","21.4525","10.464172","341.886444","338.251701","126.62263","0.989369","LA_ICP_MS","siliciclastic","53","MT1-52",,,,,,,,,,,,,,,,,,,
"Zhang, X et al.","2014","Journal of Asian Earth Sciences","85","0","Provenance analysis of the Miocene accretionary prism of the Hengchun Peninsula, southern Taiwan, and regional geological significance","10.1016/j.jseaes.2014.01.021","MT1","China","Eastern Asia","Asia","Taiwan Island","Mutan Formation","Hengchun Peninsula","22.0995","120.7518","Neogene","Miocene","23.03","14.18","5.33","zircon","LA_ICP_MS","Guangzhou","Key Laboratory of Isotope Geochronology and Geochemistry, Guangzhou Institute of Geochemistry, Chinese Academy of Sciences","Agilent 7500a","detrital","siliciclastic","sandstone","53","MT1-55","rim","32","0.035155","0.000811","0.25459","0.017083","0.052846","0.003294","222.728367","5.049392","230.297688","13.826856","320.43","142.5725","222.728367","5.049392","3.398454","303.772409","129.294689","12.226462","0.42563","LA_ICP_MS","siliciclastic","53","MT1-55",,,,,,,,,,,,,,,,,,,
"Zhang, X et al.","2014","Journal of Asian Earth Sciences","85","0","Provenance analysis of the Miocene accretionary prism of the Hengchun Peninsula, southern Taiwan, and regional geological significance","10.1016/j.jseaes.2014.01.021","MT1","China","Eastern Asia","Asia","Taiwan Island","Mutan Formation","Hengchun Peninsula","22.0995","120.7518","Neogene","Miocene","23.03","14.18","5.33","zircon","LA_ICP_MS","Guangzhou","Key Laboratory of Isotope Geochronology and Geochemistry, Guangzhou Institute of Geochemistry, Chinese Academy of Sciences","Agilent 7500a","detrital","siliciclastic","sandstone","53","MT1-57","rim","32","0.028036","0.000907","0.208563","0.02146","0.056752","0.006627","178.246689","5.689263","192.346224","18.031387","483.375","254.5975","178.246689","5.689263","7.910124","96.916975","75.957981","3.395841","0.783743","LA_ICP_MS","siliciclastic","53","MT1-57",,,,,,,,,,,,,,,,,,,
"Zhang, X et al.","2014","Journal of Asian Earth Sciences","85","0","Provenance analysis of the Miocene accretionary prism of the Hengchun Peninsula, southern Taiwan, and regional geological significance","10.1016/j.jseaes.2014.01.021","MT1","China","Eastern Asia","Asia","Taiwan Island","Mutan Formation","Hengchun Peninsula","22.0995","120.7518","Neogene","Miocene","23.03","14.18","5.33","zircon","LA_ICP_MS","Guangzhou","Key Laboratory of Isotope Geochronology and Geochemistry, Guangzhou Institute of Geochemistry, Chinese Academy of Sciences","Agilent 7500a","detrital","siliciclastic","sandstone","53","MT1-59","rim","32","0.151743","0.002654","1.44327","0.059358","0.06862","0.00272","910.72862","14.856073","907.079767","24.672949","887.035","82.5625","910.72862","14.856073","0.400652","149.993534","118.153756","28.610889","0.787726","LA_ICP_MS","siliciclastic","53","MT1-59",,,,,,,,,,,,,,,,,,,
"Zhang, X et al.","2014","Journal of Asian Earth Sciences","85","0","Provenance analysis of the Miocene accretionary prism of the Hengchun Peninsula, southern Taiwan, and regional geological significance","10.1016/j.jseaes.2014.01.021","MT1","China","Eastern Asia","Asia","Taiwan Island","Mutan Formation","Hengchun Peninsula","22.0995","120.7518","Neogene","Miocene","23.03","14.18","5.33","zircon","LA_ICP_MS","Guangzhou","Key Laboratory of Isotope Geochronology and Geochemistry, Guangzhou Institute of Geochemistry, Chinese Academy of Sciences","Agilent 7500a","detrital","siliciclastic","sandstone","53","MT1-62","rim","32","0.028751","0.000577","0.200683","0.008744","0.050464","0.002221","182.726028","3.613993","185.70356","7.394481","216.74","99.985","182.726028","3.613993","1.629506","478.346906","281.538331","16.502278","0.588565","LA_ICP_MS","siliciclastic","53","MT1-62",,,,,,,,,,,,,,,,,,,
"Zhang, X et al.","2014","Journal of Asian Earth Sciences","85","0","Provenance analysis of the Miocene accretionary prism of the Hengchun Peninsula, southern Taiwan, and regional geological significance","10.1016/j.jseaes.2014.01.021","MT1","China","Eastern Asia","Asia","Taiwan Island","Mutan Formation","Hengchun Peninsula","22.0995","120.7518","Neogene","Miocene","23.03","14.18","5.33","zircon","LA_ICP_MS","Guangzhou","Key Laboratory of Isotope Geochronology and Geochemistry, Guangzhou Institute of Geochemistry, Chinese Academy of Sciences","Agilent 7500a","detrital","siliciclastic","sandstone","53","MT1-66","rim","32","0.251841","0.007794","3.796757","0.184678","0.107888","0.003672","1447.96275","40.134798","1592.059815","39.112081","1764.81","61.5725","1764.81","61.5725","17.953618","215.17975","66.095284","61.7494","0.307163","LA_ICP_MS","siliciclastic","53","MT1-66",,,,,,,,,,,,,,,,,,,
"Zhang, X et al.","2014","Journal of Asian Earth Sciences","85","0","Provenance analysis of the Miocene accretionary prism of the Hengchun Peninsula, southern Taiwan, and regional geological significance","10.1016/j.jseaes.2014.01.021","MT1","China","Eastern Asia","Asia","Taiwan Island","Mutan Formation","Hengchun Peninsula","22.0995","120.7518","Neogene","Miocene","23.03","14.18","5.33","zircon","LA_ICP_MS","Guangzhou","Key Laboratory of Isotope Geochronology and Geochemistry, Guangzhou Institute of Geochemistry, Chinese Academy of Sciences","Agilent 7500a","detrital","siliciclastic","sandstone","53","MT1-68","rim","32","0.017879","0.000383","0.125097","0.011283","0.050931","0.004596","114.235345","2.424957","119.682061","10.182838","238.955","209.2325","114.235345","2.424957","4.767978","271.068097","177.951344","5.970093","0.656482","LA_ICP_MS","siliciclastic","53","MT1-68",,,,,,,,,,,,,,,,,,,
"Zhang, X et al.","2014","Journal of Asian Earth Sciences","85","0","Provenance analysis of the Miocene accretionary prism of the Hengchun Peninsula, southern Taiwan, and regional geological significance","10.1016/j.jseaes.2014.01.021","MT1","China","Eastern Asia","Asia","Taiwan Island","Mutan Formation","Hengchun Peninsula","22.0995","120.7518","Neogene","Miocene","23.03","14.18","5.33","zircon","LA_ICP_MS","Guangzhou","Key Laboratory of Isotope Geochronology and Geochemistry, Guangzhou Institute of Geochemistry, Chinese Academy of Sciences","Agilent 7500a","detrital","siliciclastic","sandstone","53","MT1-73","rim","32","0.334217","0.004642","5.545399","0.154262","0.118513","0.003644","1858.789338","22.42705","1907.663508","23.934968","1944.45","54.1675","1944.45","54.1675","4.405393","126.156486","96.563647","54.557625","0.765428","LA_ICP_MS","siliciclastic","53","MT1-73",,,,,,,,,,,,,,,,,,,
"Zhang, X et al.","2014","Journal of Asian Earth Sciences","85","0","Provenance analysis of the Miocene accretionary prism of the Hengchun Peninsula, southern Taiwan, and regional geological significance","10.1016/j.jseaes.2014.01.021","MT1","China","Eastern Asia","Asia","Taiwan Island","Mutan Formation","Hengchun Peninsula","22.0995","120.7518","Neogene","Miocene","23.03","14.18","5.33","zircon","LA_ICP_MS","Guangzhou","Key Laboratory of Isotope Geochronology and Geochemistry, Guangzhou Institute of Geochemistry, Chinese Academy of Sciences","Agilent 7500a","detrital","siliciclastic","sandstone","53","MT1-76","rim","32","0.042097","0.001052","0.334776","0.018722","0.056667","0.002898","265.815441","6.508877","293.205716","14.243228","479.67","112.95","265.815441","6.508877","10.304245","347.06734","255.16293","17.410165","0.735197","LA_ICP_MS","siliciclastic","53","MT1-76",,,,,,,,,,,,,,,,,,,
"Zhang, X et al.","2014","Journal of Asian Earth Sciences","85","0","Provenance analysis of the Miocene accretionary prism of the Hengchun Peninsula, southern Taiwan, and regional geological significance","10.1016/j.jseaes.2014.01.021","MT1","China","Eastern Asia","Asia","Taiwan Island","Mutan Formation","Hengchun Peninsula","22.0995","120.7518","Neogene","Miocene","23.03","14.18","5.33","zircon","LA_ICP_MS","Guangzhou","Key Laboratory of Isotope Geochronology and Geochemistry, Guangzhou Institute of Geochemistry, Chinese Academy of Sciences","Agilent 7500a","detrital","siliciclastic","sandstone","53","MT1-77","rim","32","0.286599","0.004725","4.602009","0.18623","0.114511","0.004467","1624.509869","23.676045","1749.632269","33.767218","1871.915","65.745","1871.915","65.745","13.216686","120.86523","133.895565","48.479713","1.107809","LA_ICP_MS","siliciclastic","53","MT1-77",,,,,,,,,,,,,,,,,,,
"Zhang, X et al.","2014","Journal of Asian Earth Sciences","85","0","Provenance analysis of the Miocene accretionary prism of the Hengchun Peninsula, southern Taiwan, and regional geological significance","10.1016/j.jseaes.2014.01.021","MT1","China","Eastern Asia","Asia","Taiwan Island","Mutan Formation","Hengchun Peninsula","22.0995","120.7518","Neogene","Miocene","23.03","14.18","5.33","zircon","LA_ICP_MS","Guangzhou","Key Laboratory of Isotope Geochronology and Geochemistry, Guangzhou Institute of Geochemistry, Chinese Academy of Sciences","Agilent 7500a","detrital","siliciclastic","sandstone","53","MT1-78","rim","32","0.473246","0.009273","11.007904","0.406323","0.166839","0.006389","2497.779872","40.575087","2523.800639","34.371634","2527.775","65.28","2527.775","65.28","1.186622","50.586696","27.888698","29.923419","0.551305","LA_ICP_MS","siliciclastic","53","MT1-78",,,,,,,,,,,,,,,,,,,
"Zhang, X et al.","2014","Journal of Asian Earth Sciences","85","0","Provenance analysis of the Miocene accretionary prism of the Hengchun Peninsula, southern Taiwan, and regional geological significance","10.1016/j.jseaes.2014.01.021","MT1","China","Eastern Asia","Asia","Taiwan Island","Mutan Formation","Hengchun Peninsula","22.0995","120.7518","Neogene","Miocene","23.03","14.18","5.33","zircon","LA_ICP_MS","Guangzhou","Key Laboratory of Isotope Geochronology and Geochemistry, Guangzhou Institute of Geochemistry, Chinese Academy of Sciences","Agilent 7500a","detrital","siliciclastic","sandstone","53","MT1-79","rim","32","0.488985","0.008803","10.908972","0.425385","0.158929","0.005946","2566.281531","38.110739","2515.40035","36.284624","2444.13","63.58","2444.13","63.58","4.997751","542.778261","82.486944","294.637215","0.151972","LA_ICP_MS","siliciclastic","53","MT1-79",,,,,,,,,,,,,,,,,,,
"Zhang, X et al.","2014","Journal of Asian Earth Sciences","85","0","Provenance analysis of the Miocene accretionary prism of the Hengchun Peninsula, southern Taiwan, and regional geological significance","10.1016/j.jseaes.2014.01.021","MT1","China","Eastern Asia","Asia","Taiwan Island","Mutan Formation","Hengchun Peninsula","22.0995","120.7518","Neogene","Miocene","23.03","14.18","5.33","zircon","LA_ICP_MS","Guangzhou","Key Laboratory of Isotope Geochronology and Geochemistry, Guangzhou Institute of Geochemistry, Chinese Academy of Sciences","Agilent 7500a","detrital","siliciclastic","sandstone","53","MT1-80","rim","32","0.359958","0.007107","5.846403","0.273464","0.115806","0.005331","1981.974652","33.690236","1953.316209","40.578738","1892.28","83.025","1892.28","83.025","4.740031","260.571564","66.822001","102.478417","0.256444","LA_ICP_MS","siliciclastic","53","MT1-80",,,,,,,,,,,,,,,,,,,
"Zhang, X et al.","2014","Journal of Asian Earth Sciences","85","0","Provenance analysis of the Miocene accretionary prism of the Hengchun Peninsula, southern Taiwan, and regional geological significance","10.1016/j.jseaes.2014.01.021","MT1","China","Eastern Asia","Asia","Taiwan Island","Mutan Formation","Hengchun Peninsula","22.0995","120.7518","Neogene","Miocene","23.03","14.18","5.33","zircon","LA_ICP_MS","Guangzhou","Key Laboratory of Isotope Geochronology and Geochemistry, Guangzhou Institute of Geochemistry, Chinese Academy of Sciences","Agilent 7500a","detrital","siliciclastic","sandstone","53","MT1-81","rim","32","0.052899","0.001064","0.424679","0.025425","0.057993","0.003459","332.294516","6.513783","359.391211","18.122621","527.815","129.6125","332.294516","6.513783","8.154421","228.650817","177.848415","14.898855","0.777817","LA_ICP_MS","siliciclastic","53","MT1-81",,,,,,,,,,,,,,,,,,,
"Zhang, X et al.","2014","Journal of Asian Earth Sciences","85","0","Provenance analysis of the Miocene accretionary prism of the Hengchun Peninsula, southern Taiwan, and regional geological significance","10.1016/j.jseaes.2014.01.021","MT1","China","Eastern Asia","Asia","Taiwan Island","Mutan Formation","Hengchun Peninsula","22.0995","120.7518","Neogene","Miocene","23.03","14.18","5.33","zircon","LA_ICP_MS","Guangzhou","Key Laboratory of Isotope Geochronology and Geochemistry, Guangzhou Institute of Geochemistry, Chinese Academy of Sciences","Agilent 7500a","detrital","siliciclastic","sandstone","53","MT1-82","rim","32","0.057836","0.001345","0.407906","0.026728","0.052198","0.003701","362.452564","8.198898","347.366341","19.278755","294.505","165.72","362.452564","8.198898","4.162262","132.983514","103.116154","9.401262","0.775406","LA_ICP_MS","siliciclastic","53","MT1-82",,,,,,,,,,,,,,,,,,,
"Zhang, X et al.","2014","Journal of Asian Earth Sciences","85","0","Provenance analysis of the Miocene accretionary prism of the Hengchun Peninsula, southern Taiwan, and regional geological significance","10.1016/j.jseaes.2014.01.021","MT1","China","Eastern Asia","Asia","Taiwan Island","Mutan Formation","Hengchun Peninsula","22.0995","120.7518","Neogene","Miocene","23.03","14.18","5.33","zircon","LA_ICP_MS","Guangzhou","Key Laboratory of Isotope Geochronology and Geochemistry, Guangzhou Institute of Geochemistry, Chinese Academy of Sciences","Agilent 7500a","detrital","siliciclastic","sandstone","53","MT1-86","rim","32","0.299882","0.004236","4.8065","0.126577","0.115681","0.002912","1690.723035","21.009001","1786.036475","22.138071","1890.43","39.66","1890.43","39.66","10.564103","157.359591","137.484301","61.523779","0.873695","LA_ICP_MS","siliciclastic","53","MT1-86",,,,,,,,,,,,,,,,,,,
"Zhang, X et al.","2014","Journal of Asian Earth Sciences","85","0","Provenance analysis of the Miocene accretionary prism of the Hengchun Peninsula, southern Taiwan, and regional geological significance","10.1016/j.jseaes.2014.01.021","MT1","China","Eastern Asia","Asia","Taiwan Island","Mutan Formation","Hengchun Peninsula","22.0995","120.7518","Neogene","Miocene","23.03","14.18","5.33","zircon","LA_ICP_MS","Guangzhou","Key Laboratory of Isotope Geochronology and Geochemistry, Guangzhou Institute of Geochemistry, Chinese Academy of Sciences","Agilent 7500a","detrital","siliciclastic","sandstone","53","MT1-96","rim","32","0.31656","0.005504","4.855683","0.164411","0.109933","0.0036","1772.906855","26.951141","1794.600819","28.516645","1798.46","59.2625","1798.46","59.2625","1.420835","272.603908","60.586894","93.067881","0.222252","LA_ICP_MS","siliciclastic","53","MT1-96",,,,,,,,,,,,,,,,,,,
"Zhang, X et al.","2014","Journal of Asian Earth Sciences","85","0","Provenance analysis of the Miocene accretionary prism of the Hengchun Peninsula, southern Taiwan, and regional geological significance","10.1016/j.jseaes.2014.01.021","MT1","China","Eastern Asia","Asia","Taiwan Island","Mutan Formation","Hengchun Peninsula","22.0995","120.7518","Neogene","Miocene","23.03","14.18","5.33","zircon","LA_ICP_MS","Guangzhou","Key Laboratory of Isotope Geochronology and Geochemistry, Guangzhou Institute of Geochemistry, Chinese Academy of Sciences","Agilent 7500a","detrital","siliciclastic","sandstone","53","MT1-101","rim","32","0.019609","0.000469","0.126281","0.011522","0.046566","0.004384","125.187452","2.963134","120.750277","10.387689","33.43","205.525","125.187452","2.963134","3.544425","273.116823","267.842578","7.105273","0.980689","LA_ICP_MS","siliciclastic","53","MT1-101",,,,,,,,,,,,,,,,,,,
"Zhang, X et al.","2014","Journal of Asian Earth Sciences","85","0","Provenance analysis of the Miocene accretionary prism of the Hengchun Peninsula, southern Taiwan, and regional geological significance","10.1016/j.jseaes.2014.01.021","MT1","China","Eastern Asia","Asia","Taiwan Island","Mutan Formation","Hengchun Peninsula","22.0995","120.7518","Neogene","Miocene","23.03","14.18","5.33","zircon","LA_ICP_MS","Guangzhou","Key Laboratory of Isotope Geochronology and Geochemistry, Guangzhou Institute of Geochemistry, Chinese Academy of Sciences","Agilent 7500a","detrital","siliciclastic","sandstone","53","MT1-106","rim","32","0.033714","0.000704","0.257619","0.014196","0.055363","0.00333","213.752285","4.39129","232.746175","11.462355","427.825","139.8","213.752285","4.39129","8.885935","380.194598","123.004358","14.647987","0.32353","LA_ICP_MS","siliciclastic","53","MT1-106",,,,,,,,,,,,,,,,,,,
"Zhang, X et al.","2014","Journal of Asian Earth Sciences","85","0","Provenance analysis of the Miocene accretionary prism of the Hengchun Peninsula, southern Taiwan, and regional geological significance","10.1016/j.jseaes.2014.01.021","LS11","China","Eastern Asia","Asia","Taiwan Island","Loshui Formation","Hengchun Peninsula","21.9977","120.8662","Neogene","Miocene","23.03","14.18","5.33","zircon","LA_ICP_MS","Guangzhou","Key Laboratory of Isotope Geochronology and Geochemistry, Guangzhou Institute of Geochemistry, Chinese Academy of Sciences","Agilent 7500a","detrital","siliciclastic","sandstone","82","LS11-01","rim","32","0.033908","0.000872","0.214439","0.014681","0.046557","0.00321","214.959353","5.434203","197.271033","12.275441","33.43","149.985","214.959353","5.434203","8.228681","141.785824","104.045005","5.818708","0.733818","LA_ICP_MS","siliciclastic","82","LS11-01",,,,,,,,,,,,,,,,,,,
"Zhang, X et al.","2014","Journal of Asian Earth Sciences","85","0","Provenance analysis of the Miocene accretionary prism of the Hengchun Peninsula, southern Taiwan, and regional geological significance","10.1016/j.jseaes.2014.01.021","LS11","China","Eastern Asia","Asia","Taiwan Island","Loshui Formation","Hengchun Peninsula","21.9977","120.8662","Neogene","Miocene","23.03","14.18","5.33","zircon","LA_ICP_MS","Guangzhou","Key Laboratory of Isotope Geochronology and Geochemistry, Guangzhou Institute of Geochemistry, Chinese Academy of Sciences","Agilent 7500a","detrital","siliciclastic","sandstone","82","LS11-02","rim","32","0.026751","0.000541","0.183163","0.011906","0.049661","0.003303","170.180072","3.397208","170.778248","10.218111","188.97","155.535","170.180072","3.397208","0.351496","238.300847","116.489737","7.369851","0.488835","LA_ICP_MS","siliciclastic","82","LS11-02",,,,,,,,,,,,,,,,,,,
"Zhang, X et al.","2014","Journal of Asian Earth Sciences","85","0","Provenance analysis of the Miocene accretionary prism of the Hengchun Peninsula, southern Taiwan, and regional geological significance","10.1016/j.jseaes.2014.01.021","LS11","China","Eastern Asia","Asia","Taiwan Island","Loshui Formation","Hengchun Peninsula","21.9977","120.8662","Neogene","Miocene","23.03","14.18","5.33","zircon","LA_ICP_MS","Guangzhou","Key Laboratory of Isotope Geochronology and Geochemistry, Guangzhou Institute of Geochemistry, Chinese Academy of Sciences","Agilent 7500a","detrital","siliciclastic","sandstone","82","LS11-03","rim","32","0.029469","0.000679","0.188611","0.011775","0.046958","0.003284","187.226142","4.253002","175.4433","10.05885","55.65","149.98","187.226142","4.253002","6.293374","194.077205","160.381911","7.031427","0.826382","LA_ICP_MS","siliciclastic","82","LS11-03",,,,,,,,,,,,,,,,,,,
"Zhang, X et al.","2014","Journal of Asian Earth Sciences","85","0","Provenance analysis of the Miocene accretionary prism of the Hengchun Peninsula, southern Taiwan, and regional geological significance","10.1016/j.jseaes.2014.01.021","LS11","China","Eastern Asia","Asia","Taiwan Island","Loshui Formation","Hengchun Peninsula","21.9977","120.8662","Neogene","Miocene","23.03","14.18","5.33","zircon","LA_ICP_MS","Guangzhou","Key Laboratory of Isotope Geochronology and Geochemistry, Guangzhou Institute of Geochemistry, Chinese Academy of Sciences","Agilent 7500a","detrital","siliciclastic","sandstone","82","LS11-04","rim","32","0.034581","0.000551","0.246033","0.011733","0.051086","0.002347","219.157347","3.433551","223.348248","9.561094","255.62","73.1375","219.157347","3.433551","1.912279","475.940493","63.981284","17.013592","0.134431","LA_ICP_MS","siliciclastic","82","LS11-04",,,,,,,,,,,,,,,,,,,
"Zhang, X et al.","2014","Journal of Asian Earth Sciences","85","0","Provenance analysis of the Miocene accretionary prism of the Hengchun Peninsula, southern Taiwan, and regional geological significance","10.1016/j.jseaes.2014.01.021","LS11","China","Eastern Asia","Asia","Taiwan Island","Loshui Formation","Hengchun Peninsula","21.9977","120.8662","Neogene","Miocene","23.03","14.18","5.33","zircon","LA_ICP_MS","Guangzhou","Key Laboratory of Isotope Geochronology and Geochemistry, Guangzhou Institute of Geochemistry, Chinese Academy of Sciences","Agilent 7500a","detrital","siliciclastic","sandstone","82","LS11-07","rim","32","0.29111","0.012189","4.878403","0.283828","0.117848","0.00385","1647.072318","60.858445","1798.532873","49.064008","1923.77","58.175","1923.77","58.175","14.383096","596.868989","48.914751","178.965934","0.081952","LA_ICP_MS","siliciclastic","82","LS11-07",,,,,,,,,,,,,,,,,,,
"Zhang, X et al.","2014","Journal of Asian Earth Sciences","85","0","Provenance analysis of the Miocene accretionary prism of the Hengchun Peninsula, southern Taiwan, and regional geological significance","10.1016/j.jseaes.2014.01.021","LS11","China","Eastern Asia","Asia","Taiwan Island","Loshui Formation","Hengchun Peninsula","21.9977","120.8662","Neogene","Miocene","23.03","14.18","5.33","zircon","LA_ICP_MS","Guangzhou","Key Laboratory of Isotope Geochronology and Geochemistry, Guangzhou Institute of Geochemistry, Chinese Academy of Sciences","Agilent 7500a","detrital","siliciclastic","sandstone","82","LS11-08","rim","32","0.024919","0.000513","0.164291","0.009997","0.047741","0.002964","158.668096","3.22658","154.451948","8.718629","87.13","140.715","158.668096","3.22658","2.657213","339.602205","54.338302","8.966938","0.160006","LA_ICP_MS","siliciclastic","82","LS11-08",,,,,,,,,,,,,,,,,,,
"Zhang, X et al.","2014","Journal of Asian Earth Sciences","85","0","Provenance analysis of the Miocene accretionary prism of the Hengchun Peninsula, southern Taiwan, and regional geological significance","10.1016/j.jseaes.2014.01.021","LS11","China","Eastern Asia","Asia","Taiwan Island","Loshui Formation","Hengchun Peninsula","21.9977","120.8662","Neogene","Miocene","23.03","14.18","5.33","zircon","LA_ICP_MS","Guangzhou","Key Laboratory of Isotope Geochronology and Geochemistry, Guangzhou Institute of Geochemistry, Chinese Academy of Sciences","Agilent 7500a","detrital","siliciclastic","sandstone","82","LS11-09","rim","32","0.029013","0.000539","0.220884","0.013763","0.055497","0.003642","184.370702","3.377881","202.644865","11.446551","431.53","146.2825","184.370702","3.377881","9.911642","474.156471","266.331044","16.4637","0.561694","LA_ICP_MS","siliciclastic","82","LS11-09",,,,,,,,,,,,,,,,,,,
"Zhang, X et al.","2014","Journal of Asian Earth Sciences","85","0","Provenance analysis of the Miocene accretionary prism of the Hengchun Peninsula, southern Taiwan, and regional geological significance","10.1016/j.jseaes.2014.01.021","LS11","China","Eastern Asia","Asia","Taiwan Island","Loshui Formation","Hengchun Peninsula","21.9977","120.8662","Neogene","Miocene","23.03","14.18","5.33","zircon","LA_ICP_MS","Guangzhou","Key Laboratory of Isotope Geochronology and Geochemistry, Guangzhou Institute of Geochemistry, Chinese Academy of Sciences","Agilent 7500a","detrital","siliciclastic","sandstone","82","LS11-10","rim","32","0.24729","0.004306","3.613842","0.13082","0.105278","0.003851","1424.483342","22.252916","1552.582468","28.797678","1720.37","67.2875","1720.37","67.2875","17.199013","361.215255","27.935831","96.808246","0.077338","LA_ICP_MS","siliciclastic","82","LS11-10",,,,,,,,,,,,,,,,,,,
"Zhang, X et al.","2014","Journal of Asian Earth Sciences","85","0","Provenance analysis of the Miocene accretionary prism of the Hengchun Peninsula, southern Taiwan, and regional geological significance","10.1016/j.jseaes.2014.01.021","LS11","China","Eastern Asia","Asia","Taiwan Island","Loshui Formation","Hengchun Peninsula","21.9977","120.8662","Neogene","Miocene","23.03","14.18","5.33","zircon","LA_ICP_MS","Guangzhou","Key Laboratory of Isotope Geochronology and Geochemistry, Guangzhou Institute of Geochemistry, Chinese Academy of Sciences","Agilent 7500a","detrital","siliciclastic","sandstone","82","LS11-11","rim","32","0.01928","0.000436","0.136117","0.010825","0.052452","0.004701","123.102494","2.757649","129.579689","9.675184","305.615","205.53","123.102494","2.757649","5.261628","265.080105","180.419548","6.411449","0.680623","LA_ICP_MS","siliciclastic","82","LS11-11",,,,,,,,,,,,,,,,,,,
"Zhang, X et al.","2014","Journal of Asian Earth Sciences","85","0","Provenance analysis of the Miocene accretionary prism of the Hengchun Peninsula, southern Taiwan, and regional geological significance","10.1016/j.jseaes.2014.01.021","LS11","China","Eastern Asia","Asia","Taiwan Island","Loshui Formation","Hengchun Peninsula","21.9977","120.8662","Neogene","Miocene","23.03","14.18","5.33","zircon","LA_ICP_MS","Guangzhou","Key Laboratory of Isotope Geochronology and Geochemistry, Guangzhou Institute of Geochemistry, Chinese Academy of Sciences","Agilent 7500a","detrital","siliciclastic","sandstone","82","LS11-13","rim","32","0.026467","0.000732","0.171731","0.012632","0.047078","0.003412","168.39601","4.600096","160.920184","10.947276","53.8","162.94","168.39601","4.600096","4.439432","242.16995","197.362261","8.095162","0.814974","LA_ICP_MS","siliciclastic","82","LS11-13",,,,,,,,,,,,,,,,,,,
"Zhang, X et al.","2014","Journal of Asian Earth Sciences","85","0","Provenance analysis of the Miocene accretionary prism of the Hengchun Peninsula, southern Taiwan, and regional geological significance","10.1016/j.jseaes.2014.01.021","LS11","China","Eastern Asia","Asia","Taiwan Island","Loshui Formation","Hengchun Peninsula","21.9977","120.8662","Neogene","Miocene","23.03","14.18","5.33","zircon","LA_ICP_MS","Guangzhou","Key Laboratory of Isotope Geochronology and Geochemistry, Guangzhou Institute of Geochemistry, Chinese Academy of Sciences","Agilent 7500a","detrital","siliciclastic","sandstone","82","LS11-14","rim","32","0.026817","0.000532","0.194523","0.013901","0.052613","0.003728","170.597326","3.338574","180.481571","11.816875","322.28","161.09","170.597326","3.338574","5.793904","269.482527","114.922874","8.409906","0.426458","LA_ICP_MS","siliciclastic","82","LS11-14",,,,,,,,,,,,,,,,,,,
"Zhang, X et al.","2014","Journal of Asian Earth Sciences","85","0","Provenance analysis of the Miocene accretionary prism of the Hengchun Peninsula, southern Taiwan, and regional geological significance","10.1016/j.jseaes.2014.01.021","LS11","China","Eastern Asia","Asia","Taiwan Island","Loshui Formation","Hengchun Peninsula","21.9977","120.8662","Neogene","Miocene","23.03","14.18","5.33","zircon","LA_ICP_MS","Guangzhou","Key Laboratory of Isotope Geochronology and Geochemistry, Guangzhou Institute of Geochemistry, Chinese Academy of Sciences","Agilent 7500a","detrital","siliciclastic","sandstone","82","LS11-18","rim","32","0.258508","0.005372","3.877112","0.137277","0.107298","0.003567","1482.206464","27.515115","1608.928598","28.587817","1754.01","61.11","1754.01","61.11","15.496122","371.742513","27.932968","105.119768","0.075141","LA_ICP_MS","siliciclastic","82","LS11-18",,,,,,,,,,,,,,,,,,,
"Zhang, X et al.","2014","Journal of Asian Earth Sciences","85","0","Provenance analysis of the Miocene accretionary prism of the Hengchun Peninsula, southern Taiwan, and regional geological significance","10.1016/j.jseaes.2014.01.021","LS11","China","Eastern Asia","Asia","Taiwan Island","Loshui Formation","Hengchun Peninsula","21.9977","120.8662","Neogene","Miocene","23.03","14.18","5.33","zircon","LA_ICP_MS","Guangzhou","Key Laboratory of Isotope Geochronology and Geochemistry, Guangzhou Institute of Geochemistry, Chinese Academy of Sciences","Agilent 7500a","detrital","siliciclastic","sandstone","82","LS11-19","rim","32","0.294686","0.006681","4.91861","0.199574","0.118732","0.00439","1664.90176","33.264902","1805.454257","34.251446","1938.895","66.3575","1938.895","66.3575","14.131412","274.727463","106.775906","97.249247","0.388661","LA_ICP_MS","siliciclastic","82","LS11-19",,,,,,,,,,,,,,,,,,,
"Zhang, X et al.","2014","Journal of Asian Earth Sciences","85","0","Provenance analysis of the Miocene accretionary prism of the Hengchun Peninsula, southern Taiwan, and regional geological significance","10.1016/j.jseaes.2014.01.021","LS11","China","Eastern Asia","Asia","Taiwan Island","Loshui Formation","Hengchun Peninsula","21.9977","120.8662","Neogene","Miocene","23.03","14.18","5.33","zircon","LA_ICP_MS","Guangzhou","Key Laboratory of Isotope Geochronology and Geochemistry, Guangzhou Institute of Geochemistry, Chinese Academy of Sciences","Agilent 7500a","detrital","siliciclastic","sandstone","82","LS11-20","rim","32","0.341492","0.006702","5.870527","0.230295","0.123049","0.00539","1893.845002","32.205125","1956.887651","34.047621","2066.665","78.0825","2066.665","78.0825","8.362265","279.035103","168.936582","114.684087","0.605431","LA_ICP_MS","siliciclastic","82","LS11-20",,,,,,,,,,,,,,,,,,,
"Zhang, X et al.","2014","Journal of Asian Earth Sciences","85","0","Provenance analysis of the Miocene accretionary prism of the Hengchun Peninsula, southern Taiwan, and regional geological significance","10.1016/j.jseaes.2014.01.021","LS11","China","Eastern Asia","Asia","Taiwan Island","Loshui Formation","Hengchun Peninsula","21.9977","120.8662","Neogene","Miocene","23.03","14.18","5.33","zircon","LA_ICP_MS","Guangzhou","Key Laboratory of Isotope Geochronology and Geochemistry, Guangzhou Institute of Geochemistry, Chinese Academy of Sciences","Agilent 7500a","detrital","siliciclastic","sandstone","82","LS11-21","rim","32","0.026325","0.000695","0.194856","0.01408","0.054046","0.004373","167.507727","4.368347","180.764321","11.965286","372.275","178.68","167.507727","4.368347","7.91402","282.812915","161.097777","8.658844","0.569627","LA_ICP_MS","siliciclastic","82","LS11-21",,,,,,,,,,,,,,,,,,,
"Zhang, X et al.","2014","Journal of Asian Earth Sciences","85","0","Provenance analysis of the Miocene accretionary prism of the Hengchun Peninsula, southern Taiwan, and regional geological significance","10.1016/j.jseaes.2014.01.021","LS11","China","Eastern Asia","Asia","Taiwan Island","Loshui Formation","Hengchun Peninsula","21.9977","120.8662","Neogene","Miocene","23.03","14.18","5.33","zircon","LA_ICP_MS","Guangzhou","Key Laboratory of Isotope Geochronology and Geochemistry, Guangzhou Institute of Geochemistry, Chinese Academy of Sciences","Agilent 7500a","detrital","siliciclastic","sandstone","82","LS11-22","rim","32","0.033368","0.000991","0.242287","0.018398","0.053232","0.004311","211.591966","6.179644","220.291801","15.03906","338.945","189.79","211.591966","6.179644","4.111609","190.922008","212.366974","8.213692","1.112323","LA_ICP_MS","siliciclastic","82","LS11-22",,,,,,,,,,,,,,,,,,,
"Zhang, X et al.","2014","Journal of Asian Earth Sciences","85","0","Provenance analysis of the Miocene accretionary prism of the Hengchun Peninsula, southern Taiwan, and regional geological significance","10.1016/j.jseaes.2014.01.021","LS11","China","Eastern Asia","Asia","Taiwan Island","Loshui Formation","Hengchun Peninsula","21.9977","120.8662","Neogene","Miocene","23.03","14.18","5.33","zircon","LA_ICP_MS","Guangzhou","Key Laboratory of Isotope Geochronology and Geochemistry, Guangzhou Institute of Geochemistry, Chinese Academy of Sciences","Agilent 7500a","detrital","siliciclastic","sandstone","82","LS11-24","rim","32","0.039471","0.000962","0.269227","0.015988","0.048811","0.002996","249.550035","5.963347","242.07554","12.790796","138.975","137.015","249.550035","5.963347","2.995189","447.70203","98.118155","19.014779","0.21916","LA_ICP_MS","siliciclastic","82","LS11-24",,,,,,,,,,,,,,,,,,,
"Zhang, X et al.","2014","Journal of Asian Earth Sciences","85","0","Provenance analysis of the Miocene accretionary prism of the Hengchun Peninsula, southern Taiwan, and regional geological significance","10.1016/j.jseaes.2014.01.021","LS11","China","Eastern Asia","Asia","Taiwan Island","Loshui Formation","Hengchun Peninsula","21.9977","120.8662","Neogene","Miocene","23.03","14.18","5.33","zircon","LA_ICP_MS","Guangzhou","Key Laboratory of Isotope Geochronology and Geochemistry, Guangzhou Institute of Geochemistry, Chinese Academy of Sciences","Agilent 7500a","detrital","siliciclastic","sandstone","82","LS11-25","rim","32","0.033549","0.000882","0.257445","0.018084","0.05508","0.003902","212.722377","5.501787","232.606174","14.603973","416.715","154.615","212.722377","5.501787","9.347299","297.731951","130.201003","11.539295","0.437309","LA_ICP_MS","siliciclastic","82","LS11-25",,,,,,,,,,,,,,,,,,,
"Zhang, X et al.","2014","Journal of Asian Earth Sciences","85","0","Provenance analysis of the Miocene accretionary prism of the Hengchun Peninsula, southern Taiwan, and regional geological significance","10.1016/j.jseaes.2014.01.021","LS11","China","Eastern Asia","Asia","Taiwan Island","Loshui Formation","Hengchun Peninsula","21.9977","120.8662","Neogene","Miocene","23.03","14.18","5.33","zircon","LA_ICP_MS","Guangzhou","Key Laboratory of Isotope Geochronology and Geochemistry, Guangzhou Institute of Geochemistry, Chinese Academy of Sciences","Agilent 7500a","detrital","siliciclastic","sandstone","82","LS11-28","rim","32","0.023173","0.000576","0.173976","0.013042","0.054484","0.004515","147.681016","3.626972","162.86366","11.28048","390.79","187.0125","147.681016","3.626972","10.280701","302.754878","46.511897","7.39661","0.153629","LA_ICP_MS","siliciclastic","82","LS11-28",,,,,,,,,,,,,,,,,,,
"Zhang, X et al.","2014","Journal of Asian Earth Sciences","85","0","Provenance analysis of the Miocene accretionary prism of the Hengchun Peninsula, southern Taiwan, and regional geological significance","10.1016/j.jseaes.2014.01.021","LS11","China","Eastern Asia","Asia","Taiwan Island","Loshui Formation","Hengchun Peninsula","21.9977","120.8662","Neogene","Miocene","23.03","14.18","5.33","zircon","LA_ICP_MS","Guangzhou","Key Laboratory of Isotope Geochronology and Geochemistry, Guangzhou Institute of Geochemistry, Chinese Academy of Sciences","Agilent 7500a","detrital","siliciclastic","sandstone","82","LS11-29","rim","32","0.28628","0.005674","4.353202","0.168841","0.107741","0.003989","1622.911842","28.437984","1703.502964","32.036075","1761.42","67.595","1761.42","67.595","7.863437","1995.089217","33.564357","606.714005","0.016823","LA_ICP_MS","siliciclastic","82","LS11-29",,,,,,,,,,,,,,,,,,,
"Zhang, X et al.","2014","Journal of Asian Earth Sciences","85","0","Provenance analysis of the Miocene accretionary prism of the Hengchun Peninsula, southern Taiwan, and regional geological significance","10.1016/j.jseaes.2014.01.021","LS11","China","Eastern Asia","Asia","Taiwan Island","Loshui Formation","Hengchun Peninsula","21.9977","120.8662","Neogene","Miocene","23.03","14.18","5.33","zircon","LA_ICP_MS","Guangzhou","Key Laboratory of Isotope Geochronology and Geochemistry, Guangzhou Institute of Geochemistry, Chinese Academy of Sciences","Agilent 7500a","detrital","siliciclastic","sandstone","82","LS11-30","rim","32","0.332805","0.006681","4.943374","0.211872","0.105424","0.00448","1851.963965","32.312925","1809.693888","36.212183","1721.91","77.78","1721.91","77.78","7.55289","1763.906774","132.522487","627.363716","0.07513","LA_ICP_MS","siliciclastic","82","LS11-30",,,,,,,,,,,,,,,,,,,
"Zhang, X et al.","2014","Journal of Asian Earth Sciences","85","0","Provenance analysis of the Miocene accretionary prism of the Hengchun Peninsula, southern Taiwan, and regional geological significance","10.1016/j.jseaes.2014.01.021","LS11","China","Eastern Asia","Asia","Taiwan Island","Loshui Formation","Hengchun Peninsula","21.9977","120.8662","Neogene","Miocene","23.03","14.18","5.33","zircon","LA_ICP_MS","Guangzhou","Key Laboratory of Isotope Geochronology and Geochemistry, Guangzhou Institute of Geochemistry, Chinese Academy of Sciences","Agilent 7500a","detrital","siliciclastic","sandstone","82","LS11-31","rim","32","0.034238","0.000821","0.23506","0.021399","0.048451","0.00407","217.015353","5.120382","214.367157","17.594689","120.46","188.86","217.015353","5.120382","1.220281","316.299039","279.595089","13.884596","0.883958","LA_ICP_MS","siliciclastic","82","LS11-31",,,,,,,,,,,,,,,,,,,
"Zhang, X et al.","2014","Journal of Asian Earth Sciences","85","0","Provenance analysis of the Miocene accretionary prism of the Hengchun Peninsula, southern Taiwan, and regional geological significance","10.1016/j.jseaes.2014.01.021","LS11","China","Eastern Asia","Asia","Taiwan Island","Loshui Formation","Hengchun Peninsula","21.9977","120.8662","Neogene","Miocene","23.03","14.18","5.33","zircon","LA_ICP_MS","Guangzhou","Key Laboratory of Isotope Geochronology and Geochemistry, Guangzhou Institute of Geochemistry, Chinese Academy of Sciences","Agilent 7500a","detrital","siliciclastic","sandstone","82","LS11-34","rim","32","0.028255","0.000715","0.199329","0.01589","0.050077","0.003967","179.614802","4.484393","184.55867","13.45409","198.23","13.9","179.614802","4.484393","2.752484","457.173312","110.220301","14.279015","0.241091","LA_ICP_MS","siliciclastic","82","LS11-34",,,,,,,,,,,,,,,,,,,
"Zhang, X et al.","2014","Journal of Asian Earth Sciences","85","0","Provenance analysis of the Miocene accretionary prism of the Hengchun Peninsula, southern Taiwan, and regional geological significance","10.1016/j.jseaes.2014.01.021","LS11","China","Eastern Asia","Asia","Taiwan Island","Loshui Formation","Hengchun Peninsula","21.9977","120.8662","Neogene","Miocene","23.03","14.18","5.33","zircon","LA_ICP_MS","Guangzhou","Key Laboratory of Isotope Geochronology and Geochemistry, Guangzhou Institute of Geochemistry, Chinese Academy of Sciences","Agilent 7500a","detrital","siliciclastic","sandstone","82","LS11-35","rim","32","0.415","0.009818","9.221182","0.570205","0.156019","0.009623","2237.738889","44.731524","2360.21956","56.703649","2413.27","104.165","2413.27","104.165","7.273579","127.529806","77.89138","69.79045","0.61077","LA_ICP_MS","siliciclastic","82","LS11-35",,,,,,,,,,,,,,,,,,,
"Zhang, X et al.","2014","Journal of Asian Earth Sciences","85","0","Provenance analysis of the Miocene accretionary prism of the Hengchun Peninsula, southern Taiwan, and regional geological significance","10.1016/j.jseaes.2014.01.021","LS11","China","Eastern Asia","Asia","Taiwan Island","Loshui Formation","Hengchun Peninsula","21.9977","120.8662","Neogene","Miocene","23.03","14.18","5.33","zircon","LA_ICP_MS","Guangzhou","Key Laboratory of Isotope Geochronology and Geochemistry, Guangzhou Institute of Geochemistry, Chinese Academy of Sciences","Agilent 7500a","detrital","siliciclastic","sandstone","82","LS11-36","rim","32","0.374911","0.011086","8.125141","0.503764","0.152011","0.008792","2052.467289","51.979774","2245.045821","56.112436","2368.83","98.7625","2368.83","98.7625","13.355231","986.878815","254.516109","445.402666","0.2579","LA_ICP_MS","siliciclastic","82","LS11-36",,,,,,,,,,,,,,,,,,,
"Zhang, X et al.","2014","Journal of Asian Earth Sciences","85","0","Provenance analysis of the Miocene accretionary prism of the Hengchun Peninsula, southern Taiwan, and regional geological significance","10.1016/j.jseaes.2014.01.021","LS11","China","Eastern Asia","Asia","Taiwan Island","Loshui Formation","Hengchun Peninsula","21.9977","120.8662","Neogene","Miocene","23.03","14.18","5.33","zircon","LA_ICP_MS","Guangzhou","Key Laboratory of Isotope Geochronology and Geochemistry, Guangzhou Institute of Geochemistry, Chinese Academy of Sciences","Agilent 7500a","detrital","siliciclastic","sandstone","82","LS11-37","rim","32","0.027499","0.000562","0.196489","0.011319","0.050706","0.00302","174.876347","3.528467","182.150721","9.606205","227.845","141.6475","174.876347","3.528467","4.159725","1097.78687","1002.722191","40.82646","0.913403","LA_ICP_MS","siliciclastic","82","LS11-37",,,,,,,,,,,,,,,,,,,
"Zhang, X et al.","2014","Journal of Asian Earth Sciences","85","0","Provenance analysis of the Miocene accretionary prism of the Hengchun Peninsula, southern Taiwan, and regional geological significance","10.1016/j.jseaes.2014.01.021","LS11","China","Eastern Asia","Asia","Taiwan Island","Loshui Formation","Hengchun Peninsula","21.9977","120.8662","Neogene","Miocene","23.03","14.18","5.33","zircon","LA_ICP_MS","Guangzhou","Key Laboratory of Isotope Geochronology and Geochemistry, Guangzhou Institute of Geochemistry, Chinese Academy of Sciences","Agilent 7500a","detrital","siliciclastic","sandstone","82","LS11-38","rim","32","0.407544","0.009151","7.987424","0.371004","0.138924","0.006206","2203.685338","41.910926","2229.604774","41.939229","2213.885","50","2213.885","50","0.460713","144.150126","127.374154","79.733761","0.883622","LA_ICP_MS","siliciclastic","82","LS11-38",,,,,,,,,,,,,,,,,,,
"Zhang, X et al.","2014","Journal of Asian Earth Sciences","85","0","Provenance analysis of the Miocene accretionary prism of the Hengchun Peninsula, southern Taiwan, and regional geological significance","10.1016/j.jseaes.2014.01.021","LS11","China","Eastern Asia","Asia","Taiwan Island","Loshui Formation","Hengchun Peninsula","21.9977","120.8662","Neogene","Miocene","23.03","14.18","5.33","zircon","LA_ICP_MS","Guangzhou","Key Laboratory of Isotope Geochronology and Geochemistry, Guangzhou Institute of Geochemistry, Chinese Academy of Sciences","Agilent 7500a","detrital","siliciclastic","sandstone","82","LS11-40","rim","32","0.019482","0.000704","0.138069","0.015772","0.052453","0.006019","124.382369","4.453222","131.322384","14.072908","305.615","262.93","124.382369","4.453222","5.579581","177.903559","162.483197","4.428816","0.913322","LA_ICP_MS","siliciclastic","82","LS11-40",,,,,,,,,,,,,,,,,,,
"Zhang, X et al.","2014","Journal of Asian Earth Sciences","85","0","Provenance analysis of the Miocene accretionary prism of the Hengchun Peninsula, southern Taiwan, and regional geological significance","10.1016/j.jseaes.2014.01.021","LS11","China","Eastern Asia","Asia","Taiwan Island","Loshui Formation","Hengchun Peninsula","21.9977","120.8662","Neogene","Miocene","23.03","14.18","5.33","zircon","LA_ICP_MS","Guangzhou","Key Laboratory of Isotope Geochronology and Geochemistry, Guangzhou Institute of Geochemistry, Chinese Academy of Sciences","Agilent 7500a","detrital","siliciclastic","sandstone","82","LS11-43","rim","32","0.291368","0.005114","3.914118","0.157439","0.095906","0.00386","1648.360908","25.528612","1616.603804","32.542159","1546.3","43.5175","1546.3","43.5175","6.60033","707.154175","59.669634","229.198233","0.08438","LA_ICP_MS","siliciclastic","82","LS11-43",,,,,,,,,,,,,,,,,,,
"Zhang, X et al.","2014","Journal of Asian Earth Sciences","85","0","Provenance analysis of the Miocene accretionary prism of the Hengchun Peninsula, southern Taiwan, and regional geological significance","10.1016/j.jseaes.2014.01.021","LS11","China","Eastern Asia","Asia","Taiwan Island","Loshui Formation","Hengchun Peninsula","21.9977","120.8662","Neogene","Miocene","23.03","14.18","5.33","zircon","LA_ICP_MS","Guangzhou","Key Laboratory of Isotope Geochronology and Geochemistry, Guangzhou Institute of Geochemistry, Chinese Academy of Sciences","Agilent 7500a","detrital","siliciclastic","sandstone","82","LS11-44","rim","32","0.313176","0.006026","4.2524","0.192608","0.096818","0.00435","1756.315558","29.581027","1684.200815","37.2513","1564.82","89.3475","1564.80001","89.36749","12.237545","423.098029","69.991349","149.267911","0.165426","LA_ICP_MS","siliciclastic","82","LS11-44",,,,,,,,,,,,,,,,,,,
"Zhang, X et al.","2014","Journal of Asian Earth Sciences","85","0","Provenance analysis of the Miocene accretionary prism of the Hengchun Peninsula, southern Taiwan, and regional geological significance","10.1016/j.jseaes.2014.01.021","LS11","China","Eastern Asia","Asia","Taiwan Island","Loshui Formation","Hengchun Peninsula","21.9977","120.8662","Neogene","Miocene","23.03","14.18","5.33","zircon","LA_ICP_MS","Guangzhou","Key Laboratory of Isotope Geochronology and Geochemistry, Guangzhou Institute of Geochemistry, Chinese Academy of Sciences","Agilent 7500a","detrital","siliciclastic","sandstone","82","LS11-45","rim","32","0.036006","0.001461","0.281477","0.039046","0.058436","0.008268","228.028929","9.089403","251.828466","30.94796","546.33","308.295","228.028929","9.089403","10.437069","141.602159","44.453242","5.567774","0.313931","LA_ICP_MS","siliciclastic","82","LS11-45",,,,,,,,,,,,,,,,,,,
"Zhang, X et al.","2014","Journal of Asian Earth Sciences","85","0","Provenance analysis of the Miocene accretionary prism of the Hengchun Peninsula, southern Taiwan, and regional geological significance","10.1016/j.jseaes.2014.01.021","LS11","China","Eastern Asia","Asia","Taiwan Island","Loshui Formation","Hengchun Peninsula","21.9977","120.8662","Neogene","Miocene","23.03","14.18","5.33","zircon","LA_ICP_MS","Guangzhou","Key Laboratory of Isotope Geochronology and Geochemistry, Guangzhou Institute of Geochemistry, Chinese Academy of Sciences","Agilent 7500a","detrital","siliciclastic","sandstone","82","LS11-47","rim","32","0.037401","0.000773","0.268375","0.014367","0.0512","0.002708","236.701263","4.802783","241.393561","11.501517","250.065","122.205","236.701263","4.802783","1.982371","1087.289554","66.870251","42.292883","0.061502","LA_ICP_MS","siliciclastic","82","LS11-47",,,,,,,,,,,,,,,,,,,
"Zhang, X et al.","2014","Journal of Asian Earth Sciences","85","0","Provenance analysis of the Miocene accretionary prism of the Hengchun Peninsula, southern Taiwan, and regional geological significance","10.1016/j.jseaes.2014.01.021","LS11","China","Eastern Asia","Asia","Taiwan Island","Loshui Formation","Hengchun Peninsula","21.9977","120.8662","Neogene","Miocene","23.03","14.18","5.33","zircon","LA_ICP_MS","Guangzhou","Key Laboratory of Isotope Geochronology and Geochemistry, Guangzhou Institute of Geochemistry, Chinese Academy of Sciences","Agilent 7500a","detrital","siliciclastic","sandstone","82","LS11-50","rim","32","0.318765","0.011338","5.889975","0.400802","0.12829","0.006783","1783.694581","55.422869","1959.757737","59.133384","2075.92","88.115","2075.92","88.115","14.076911","228.783157","84.661473","84.068919","0.370051","LA_ICP_MS","siliciclastic","82","LS11-50",,,,,,,,,,,,,,,,,,,
"Zhang, X et al.","2014","Journal of Asian Earth Sciences","85","0","Provenance analysis of the Miocene accretionary prism of the Hengchun Peninsula, southern Taiwan, and regional geological significance","10.1016/j.jseaes.2014.01.021","LS11","China","Eastern Asia","Asia","Taiwan Island","Loshui Formation","Hengchun Peninsula","21.9977","120.8662","Neogene","Miocene","23.03","14.18","5.33","zircon","LA_ICP_MS","Guangzhou","Key Laboratory of Isotope Geochronology and Geochemistry, Guangzhou Institute of Geochemistry, Chinese Academy of Sciences","Agilent 7500a","detrital","siliciclastic","sandstone","82","LS11-51","rim","32","0.034815","0.000729","0.239284","0.013477","0.048956","0.002952","220.61453","4.543175","217.833704","11.042785","146.38","133.31","220.61453","4.543175","1.260491","614.195188","134.292874","22.815556","0.218649","LA_ICP_MS","siliciclastic","82","LS11-51",,,,,,,,,,,,,,,,,,,
"Zhang, X et al.","2014","Journal of Asian Earth Sciences","85","0","Provenance analysis of the Miocene accretionary prism of the Hengchun Peninsula, southern Taiwan, and regional geological significance","10.1016/j.jseaes.2014.01.021","LS11","China","Eastern Asia","Asia","Taiwan Island","Loshui Formation","Hengchun Peninsula","21.9977","120.8662","Neogene","Miocene","23.03","14.18","5.33","zircon","LA_ICP_MS","Guangzhou","Key Laboratory of Isotope Geochronology and Geochemistry, Guangzhou Institute of Geochemistry, Chinese Academy of Sciences","Agilent 7500a","detrital","siliciclastic","sandstone","82","LS11-52","rim","32","0.027851","0.000563","0.19596","0.012511","0.050092","0.003353","177.08513","3.532507","181.702282","10.622421","198.23","155.535","177.08513","3.532507","2.607307","616.649173","71.581909","18.106919","0.116082","LA_ICP_MS","siliciclastic","82","LS11-52",,,,,,,,,,,,,,,,,,,
"Zhang, X et al.","2014","Journal of Asian Earth Sciences","85","0","Provenance analysis of the Miocene accretionary prism of the Hengchun Peninsula, southern Taiwan, and regional geological significance","10.1016/j.jseaes.2014.01.021","LS11","China","Eastern Asia","Asia","Taiwan Island","Loshui Formation","Hengchun Peninsula","21.9977","120.8662","Neogene","Miocene","23.03","14.18","5.33","zircon","LA_ICP_MS","Guangzhou","Key Laboratory of Isotope Geochronology and Geochemistry, Guangzhou Institute of Geochemistry, Chinese Academy of Sciences","Agilent 7500a","detrital","siliciclastic","sandstone","82","LS11-54","rim","32","0.136801","0.003087","1.287731","0.068744","0.06623","0.003725","826.547197","17.505654","840.291022","30.520571","812.96","113.8825","826.547197","17.505654","1.6628","219.463106","173.836812","37.877087","0.7921","LA_ICP_MS","siliciclastic","82","LS11-54",,,,,,,,,,,,,,,,,,,
"Zhang, X et al.","2014","Journal of Asian Earth Sciences","85","0","Provenance analysis of the Miocene accretionary prism of the Hengchun Peninsula, southern Taiwan, and regional geological significance","10.1016/j.jseaes.2014.01.021","LS11","China","Eastern Asia","Asia","Taiwan Island","Loshui Formation","Hengchun Peninsula","21.9977","120.8662","Neogene","Miocene","23.03","14.18","5.33","zircon","LA_ICP_MS","Guangzhou","Key Laboratory of Isotope Geochronology and Geochemistry, Guangzhou Institute of Geochemistry, Chinese Academy of Sciences","Agilent 7500a","detrital","siliciclastic","sandstone","82","LS11-55","rim","32","0.314162","0.008243","4.76508","0.233353","0.107024","0.005623","1761.152776","40.437183","1778.767342","41.122165","1749.995","96.1475","1749.995","96.1475","0.637589","75.13074","78.154546","31.767133","1.040247","LA_ICP_MS","siliciclastic","82","LS11-55",,,,,,,,,,,,,,,,,,,
"Zhang, X et al.","2014","Journal of Asian Earth Sciences","85","0","Provenance analysis of the Miocene accretionary prism of the Hengchun Peninsula, southern Taiwan, and regional geological significance","10.1016/j.jseaes.2014.01.021","LS11","China","Eastern Asia","Asia","Taiwan Island","Loshui Formation","Hengchun Peninsula","21.9977","120.8662","Neogene","Miocene","23.03","14.18","5.33","zircon","LA_ICP_MS","Guangzhou","Key Laboratory of Isotope Geochronology and Geochemistry, Guangzhou Institute of Geochemistry, Chinese Academy of Sciences","Agilent 7500a","detrital","siliciclastic","sandstone","82","LS11-56","rim","32","0.026003","0.000937","0.175004","0.021597","0.046595","0.005882","165.481662","5.887789","163.752407","18.665096","27.875","277.74","165.481662","5.887789","1.044983","173.656921","108.379284","5.403288","0.6241","LA_ICP_MS","siliciclastic","82","LS11-56",,,,,,,,,,,,,,,,,,,
"Zhang, X et al.","2014","Journal of Asian Earth Sciences","85","0","Provenance analysis of the Miocene accretionary prism of the Hengchun Peninsula, southern Taiwan, and regional geological significance","10.1016/j.jseaes.2014.01.021","LS11","China","Eastern Asia","Asia","Taiwan Island","Loshui Formation","Hengchun Peninsula","21.9977","120.8662","Neogene","Miocene","23.03","14.18","5.33","zircon","LA_ICP_MS","Guangzhou","Key Laboratory of Isotope Geochronology and Geochemistry, Guangzhou Institute of Geochemistry, Chinese Academy of Sciences","Agilent 7500a","detrital","siliciclastic","sandstone","82","LS11-57","rim","32","0.259101","0.006297","3.738797","0.199567","0.100938","0.005882","1485.242385","32.240523","1579.715991","42.786515","1642.59","108.48","1642.59","108.48","9.579239","155.640283","105.09273","50.227255","0.675228","LA_ICP_MS","siliciclastic","82","LS11-57",,,,,,,,,,,,,,,,,,,
"Zhang, X et al.","2014","Journal of Asian Earth Sciences","85","0","Provenance analysis of the Miocene accretionary prism of the Hengchun Peninsula, southern Taiwan, and regional geological significance","10.1016/j.jseaes.2014.01.021","LS11","China","Eastern Asia","Asia","Taiwan Island","Loshui Formation","Hengchun Peninsula","21.9977","120.8662","Neogene","Miocene","23.03","14.18","5.33","zircon","LA_ICP_MS","Guangzhou","Key Laboratory of Isotope Geochronology and Geochemistry, Guangzhou Institute of Geochemistry, Chinese Academy of Sciences","Agilent 7500a","detrital","siliciclastic","sandstone","82","LS11-58","rim","32","0.031723","0.001271","0.21559","0.020134","0.049641","0.004674","201.322196","7.944404","198.232895","16.819319","188.97","194.415","201.322196","7.944404","1.534506","503.747214","192.581895","16.230185","0.382299","LA_ICP_MS","siliciclastic","82","LS11-58",,,,,,,,,,,,,,,,,,,
"Zhang, X et al.","2014","Journal of Asian Earth Sciences","85","0","Provenance analysis of the Miocene accretionary prism of the Hengchun Peninsula, southern Taiwan, and regional geological significance","10.1016/j.jseaes.2014.01.021","LS11","China","Eastern Asia","Asia","Taiwan Island","Loshui Formation","Hengchun Peninsula","21.9977","120.8662","Neogene","Miocene","23.03","14.18","5.33","zircon","LA_ICP_MS","Guangzhou","Key Laboratory of Isotope Geochronology and Geochemistry, Guangzhou Institute of Geochemistry, Chinese Academy of Sciences","Agilent 7500a","detrital","siliciclastic","sandstone","82","LS11-59","rim","32","0.033826","0.000828","0.225261","0.013753","0.046245","0.003124","214.451951","5.164807","206.279407","11.397805","9.36","155.54","214.451951","5.164807","3.810898","1063.697774","253.441845","38.415852","0.238265","LA_ICP_MS","siliciclastic","82","LS11-59",,,,,,,,,,,,,,,,,,,
"Zhang, X et al.","2014","Journal of Asian Earth Sciences","85","0","Provenance analysis of the Miocene accretionary prism of the Hengchun Peninsula, southern Taiwan, and regional geological significance","10.1016/j.jseaes.2014.01.021","LS11","China","Eastern Asia","Asia","Taiwan Island","Loshui Formation","Hengchun Peninsula","21.9977","120.8662","Neogene","Miocene","23.03","14.18","5.33","zircon","LA_ICP_MS","Guangzhou","Key Laboratory of Isotope Geochronology and Geochemistry, Guangzhou Institute of Geochemistry, Chinese Academy of Sciences","Agilent 7500a","detrital","siliciclastic","sandstone","82","LS11-60","rim","32","0.368244","0.009642","6.163635","0.383495","0.115453","0.007914","2021.131794","45.427992","1999.307016","54.409087","1886.73","123.46","1886.73","123.46","7.123531","150.854501","71.490069","65.312453","0.473901","LA_ICP_MS","siliciclastic","82","LS11-60",,,,,,,,,,,,,,,,,,,
"Zhang, X et al.","2014","Journal of Asian Earth Sciences","85","0","Provenance analysis of the Miocene accretionary prism of the Hengchun Peninsula, southern Taiwan, and regional geological significance","10.1016/j.jseaes.2014.01.021","LS11","China","Eastern Asia","Asia","Taiwan Island","Loshui Formation","Hengchun Peninsula","21.9977","120.8662","Neogene","Miocene","23.03","14.18","5.33","zircon","LA_ICP_MS","Guangzhou","Key Laboratory of Isotope Geochronology and Geochemistry, Guangzhou Institute of Geochemistry, Chinese Academy of Sciences","Agilent 7500a","detrital","siliciclastic","sandstone","82","LS11-61","rim","32","0.288644","0.006613","4.53267","0.222545","0.109995","0.00557","1634.751042","33.081178","1736.985917","40.864672","1799.075","91.5125","1799.075","91.5125","9.133803","269.088672","171.786828","95.917566","0.638402","LA_ICP_MS","siliciclastic","82","LS11-61",,,,,,,,,,,,,,,,,,,
"Zhang, X et al.","2014","Journal of Asian Earth Sciences","85","0","Provenance analysis of the Miocene accretionary prism of the Hengchun Peninsula, southern Taiwan, and regional geological significance","10.1016/j.jseaes.2014.01.021","LS11","China","Eastern Asia","Asia","Taiwan Island","Loshui Formation","Hengchun Peninsula","21.9977","120.8662","Neogene","Miocene","23.03","14.18","5.33","zircon","LA_ICP_MS","Guangzhou","Key Laboratory of Isotope Geochronology and Geochemistry, Guangzhou Institute of Geochemistry, Chinese Academy of Sciences","Agilent 7500a","detrital","siliciclastic","sandstone","82","LS11-63","rim","32","0.286722","0.009361","4.693664","0.261753","0.115684","0.005781","1625.129696","46.896833","1766.11055","46.712863","1890.43","95.37","1890.43","95.37","14.03386","398.454742","50.595289","128.510787","0.126979","LA_ICP_MS","siliciclastic","82","LS11-63",,,,,,,,,,,,,,,,,,,
"Zhang, X et al.","2014","Journal of Asian Earth Sciences","85","0","Provenance analysis of the Miocene accretionary prism of the Hengchun Peninsula, southern Taiwan, and regional geological significance","10.1016/j.jseaes.2014.01.021","LS11","China","Eastern Asia","Asia","Taiwan Island","Loshui Formation","Hengchun Peninsula","21.9977","120.8662","Neogene","Miocene","23.03","14.18","5.33","zircon","LA_ICP_MS","Guangzhou","Key Laboratory of Isotope Geochronology and Geochemistry, Guangzhou Institute of Geochemistry, Chinese Academy of Sciences","Agilent 7500a","detrital","siliciclastic","sandstone","82","LS11-64","rim","32","0.325754","0.006501","5.781346","0.3114","0.12695","0.007241","1817.769268","31.610259","1943.621433","46.659334","2057.4","99.84","2057.4","99.84","11.64726","92.205121","55.418054","37.163284","0.60103","LA_ICP_MS","siliciclastic","82","LS11-64",,,,,,,,,,,,,,,,,,,
"Zhang, X et al.","2014","Journal of Asian Earth Sciences","85","0","Provenance analysis of the Miocene accretionary prism of the Hengchun Peninsula, southern Taiwan, and regional geological significance","10.1016/j.jseaes.2014.01.021","LS11","China","Eastern Asia","Asia","Taiwan Island","Loshui Formation","Hengchun Peninsula","21.9977","120.8662","Neogene","Miocene","23.03","14.18","5.33","zircon","LA_ICP_MS","Guangzhou","Key Laboratory of Isotope Geochronology and Geochemistry, Guangzhou Institute of Geochemistry, Chinese Academy of Sciences","Agilent 7500a","detrital","siliciclastic","sandstone","82","LS11-67","rim","32","0.027249","0.000562","0.203474","0.013481","0.053672","0.00358","173.310528","3.528369","188.061394","11.374767","366.72","151.83","173.310528","3.528369","8.511235","679.486346","507.251185","23.096061","0.746522","LA_ICP_MS","siliciclastic","82","LS11-67",,,,,,,,,,,,,,,,,,,
"Zhang, X et al.","2014","Journal of Asian Earth Sciences","85","0","Provenance analysis of the Miocene accretionary prism of the Hengchun Peninsula, southern Taiwan, and regional geological significance","10.1016/j.jseaes.2014.01.021","LS11","China","Eastern Asia","Asia","Taiwan Island","Loshui Formation","Hengchun Peninsula","21.9977","120.8662","Neogene","Miocene","23.03","14.18","5.33","zircon","LA_ICP_MS","Guangzhou","Key Laboratory of Isotope Geochronology and Geochemistry, Guangzhou Institute of Geochemistry, Chinese Academy of Sciences","Agilent 7500a","detrital","siliciclastic","sandstone","82","LS11-69","rim","32","0.028389","0.000663","0.189633","0.012593","0.047835","0.003111","180.454731","4.155489","176.315964","10.749156","100.09","138.865","180.454731","4.155489","2.293521","656.35905","197.838095","20.272588","0.301417","LA_ICP_MS","siliciclastic","82","LS11-69",,,,,,,,,,,,,,,,,,,
"Zhang, X et al.","2014","Journal of Asian Earth Sciences","85","0","Provenance analysis of the Miocene accretionary prism of the Hengchun Peninsula, southern Taiwan, and regional geological significance","10.1016/j.jseaes.2014.01.021","LS11","China","Eastern Asia","Asia","Taiwan Island","Loshui Formation","Hengchun Peninsula","21.9977","120.8662","Neogene","Miocene","23.03","14.18","5.33","zircon","LA_ICP_MS","Guangzhou","Key Laboratory of Isotope Geochronology and Geochemistry, Guangzhou Institute of Geochemistry, Chinese Academy of Sciences","Agilent 7500a","detrital","siliciclastic","sandstone","82","LS11-71","rim","32","0.393744","0.007521","8.330664","0.374843","0.149137","0.006742","2140.168038","34.788114","2267.661271","40.8132","2336.115","77.775","2336.115","77.775","8.387728","206.740538","129.349055","103.115425","0.625659","LA_ICP_MS","siliciclastic","82","LS11-71",,,,,,,,,,,,,,,,,,,
"Zhang, X et al.","2014","Journal of Asian Earth Sciences","85","0","Provenance analysis of the Miocene accretionary prism of the Hengchun Peninsula, southern Taiwan, and regional geological significance","10.1016/j.jseaes.2014.01.021","LS11","China","Eastern Asia","Asia","Taiwan Island","Loshui Formation","Hengchun Peninsula","21.9977","120.8662","Neogene","Miocene","23.03","14.18","5.33","zircon","LA_ICP_MS","Guangzhou","Key Laboratory of Isotope Geochronology and Geochemistry, Guangzhou Institute of Geochemistry, Chinese Academy of Sciences","Agilent 7500a","detrital","siliciclastic","sandstone","82","LS11-72","rim","32","0.300469","0.005784","4.911333","0.2134","0.114568","0.005019","1693.632893","28.669277","1804.205096","36.671445","1873.15","79.3225","1873.15","79.3225","9.583702","1016.341457","567.464697","370.696321","0.558341","LA_ICP_MS","siliciclastic","82","LS11-72",,,,,,,,,,,,,,,,,,,
"Zhang, X et al.","2014","Journal of Asian Earth Sciences","85","0","Provenance analysis of the Miocene accretionary prism of the Hengchun Peninsula, southern Taiwan, and regional geological significance","10.1016/j.jseaes.2014.01.021","LS11","China","Eastern Asia","Asia","Taiwan Island","Loshui Formation","Hengchun Peninsula","21.9977","120.8662","Neogene","Miocene","23.03","14.18","5.33","zircon","LA_ICP_MS","Guangzhou","Key Laboratory of Isotope Geochronology and Geochemistry, Guangzhou Institute of Geochemistry, Chinese Academy of Sciences","Agilent 7500a","detrital","siliciclastic","sandstone","82","LS11-73","rim","32","0.3713","0.012631","7.448313","0.468738","0.137154","0.006659","2035.514785","59.380275","2166.793643","56.39441","2191.665","84.1075","2191.665","84.1075","7.12473","504.07883","136.640551","211.662051","0.27107","LA_ICP_MS","siliciclastic","82","LS11-73",,,,,,,,,,,,,,,,,,,
"Zhang, X et al.","2014","Journal of Asian Earth Sciences","85","0","Provenance analysis of the Miocene accretionary prism of the Hengchun Peninsula, southern Taiwan, and regional geological significance","10.1016/j.jseaes.2014.01.021","LS11","China","Eastern Asia","Asia","Taiwan Island","Loshui Formation","Hengchun Peninsula","21.9977","120.8662","Neogene","Miocene","23.03","14.18","5.33","zircon","LA_ICP_MS","Guangzhou","Key Laboratory of Isotope Geochronology and Geochemistry, Guangzhou Institute of Geochemistry, Chinese Academy of Sciences","Agilent 7500a","detrital","siliciclastic","sandstone","82","LS11-75","rim","32","0.1281","0.00311","1.217408","0.073101","0.065831","0.004215","777.019748","17.77224","808.588898","33.485982","1200","135.1775","777.019748","17.77224","4.06285","451.833819","187.77705","65.711192","0.415589","LA_ICP_MS","siliciclastic","82","LS11-75",,,,,,,,,,,,,,,,,,,
"Zhang, X et al.","2014","Journal of Asian Earth Sciences","85","0","Provenance analysis of the Miocene accretionary prism of the Hengchun Peninsula, southern Taiwan, and regional geological significance","10.1016/j.jseaes.2014.01.021","LS11","China","Eastern Asia","Asia","Taiwan Island","Loshui Formation","Hengchun Peninsula","21.9977","120.8662","Neogene","Miocene","23.03","14.18","5.33","zircon","LA_ICP_MS","Guangzhou","Key Laboratory of Isotope Geochronology and Geochemistry, Guangzhou Institute of Geochemistry, Chinese Academy of Sciences","Agilent 7500a","detrital","siliciclastic","sandstone","82","LS11-76","rim","32","0.318425","0.008672","4.955946","0.268207","0.107869","0.006092","1782.033902","42.403496","1811.839387","45.755403","1764.81","103.71","1764.81","103.71","0.975964","350.270995","91.057006","128.485988","0.259962","LA_ICP_MS","siliciclastic","82","LS11-76",,,,,,,,,,,,,,,,,,,
"Zhang, X et al.","2014","Journal of Asian Earth Sciences","85","0","Provenance analysis of the Miocene accretionary prism of the Hengchun Peninsula, southern Taiwan, and regional geological significance","10.1016/j.jseaes.2014.01.021","LS11","China","Eastern Asia","Asia","Taiwan Island","Loshui Formation","Hengchun Peninsula","21.9977","120.8662","Neogene","Miocene","23.03","14.18","5.33","zircon","LA_ICP_MS","Guangzhou","Key Laboratory of Isotope Geochronology and Geochemistry, Guangzhou Institute of Geochemistry, Chinese Academy of Sciences","Agilent 7500a","detrital","siliciclastic","sandstone","82","LS11-77","rim","32","0.283973","0.00849","4.429181","0.223965","0.108547","0.005292","1611.341013","42.624216","1717.813238","41.9104","1775.93","88.89","1775.93","88.89","9.267763","402.644413","37.713971","125.226165","0.093666","LA_ICP_MS","siliciclastic","82","LS11-77",,,,,,,,,,,,,,,,,,,
"Zhang, X et al.","2014","Journal of Asian Earth Sciences","85","0","Provenance analysis of the Miocene accretionary prism of the Hengchun Peninsula, southern Taiwan, and regional geological significance","10.1016/j.jseaes.2014.01.021","LS11","China","Eastern Asia","Asia","Taiwan Island","Loshui Formation","Hengchun Peninsula","21.9977","120.8662","Neogene","Miocene","23.03","14.18","5.33","zircon","LA_ICP_MS","Guangzhou","Key Laboratory of Isotope Geochronology and Geochemistry, Guangzhou Institute of Geochemistry, Chinese Academy of Sciences","Agilent 7500a","detrital","siliciclastic","sandstone","82","LS11-78","rim","32","0.146125","0.003513","1.5279","0.081842","0.072996","0.003727","879.202518","19.756323","941.654929","32.884914","1012.96","103.7025","879.202518","19.756323","7.103302","247.640561","102.091852","42.322274","0.412258","LA_ICP_MS","siliciclastic","82","LS11-78",,,,,,,,,,,,,,,,,,,
"Zhang, X et al.","2014","Journal of Asian Earth Sciences","85","0","Provenance analysis of the Miocene accretionary prism of the Hengchun Peninsula, southern Taiwan, and regional geological significance","10.1016/j.jseaes.2014.01.021","LS11","China","Eastern Asia","Asia","Taiwan Island","Loshui Formation","Hengchun Peninsula","21.9977","120.8662","Neogene","Miocene","23.03","14.18","5.33","zircon","LA_ICP_MS","Guangzhou","Key Laboratory of Isotope Geochronology and Geochemistry, Guangzhou Institute of Geochemistry, Chinese Academy of Sciences","Agilent 7500a","detrital","siliciclastic","sandstone","82","LS11-80","rim","32","0.019213","0.000711","0.128155","0.015212","0.048712","0.00587","122.68039","4.494706","122.4385","13.692237","200.075","194.42","122.68039","4.494706","0.197171","276.393382","254.287499","7.105296","0.92002","LA_ICP_MS","siliciclastic","82","LS11-80",,,,,,,,,,,,,,,,,,,
"Zhang, X et al.","2014","Journal of Asian Earth Sciences","85","0","Provenance analysis of the Miocene accretionary prism of the Hengchun Peninsula, southern Taiwan, and regional geological significance","10.1016/j.jseaes.2014.01.021","LS11","China","Eastern Asia","Asia","Taiwan Island","Loshui Formation","Hengchun Peninsula","21.9977","120.8662","Neogene","Miocene","23.03","14.18","5.33","zircon","LA_ICP_MS","Guangzhou","Key Laboratory of Isotope Geochronology and Geochemistry, Guangzhou Institute of Geochemistry, Chinese Academy of Sciences","Agilent 7500a","detrital","siliciclastic","sandstone","82","LS11-81","rim","32","0.038776","0.001038","0.287829","0.01996","0.053902","0.00383","245.242385","6.441576","256.849404","15.738475","368.57","161.09","245.242385","6.441576","4.732877","296.960599","11.410116","12.031762","0.038423","LA_ICP_MS","siliciclastic","82","LS11-81",,,,,,,,,,,,,,,,,,,
"Zhang, X et al.","2014","Journal of Asian Earth Sciences","85","0","Provenance analysis of the Miocene accretionary prism of the Hengchun Peninsula, southern Taiwan, and regional geological significance","10.1016/j.jseaes.2014.01.021","LS11","China","Eastern Asia","Asia","Taiwan Island","Loshui Formation","Hengchun Peninsula","21.9977","120.8662","Neogene","Miocene","23.03","14.18","5.33","zircon","LA_ICP_MS","Guangzhou","Key Laboratory of Isotope Geochronology and Geochemistry, Guangzhou Institute of Geochemistry, Chinese Academy of Sciences","Agilent 7500a","detrital","siliciclastic","sandstone","82","LS11-82","rim","32","0.270484","0.006875","4.141637","0.17932","0.109736","0.004088","1543.257693","34.883088","1662.55933","35.426875","1794.75","67.9075","1794.75","67.9075","14.012665","470.546808","47.536093","139.447266","0.101023","LA_ICP_MS","siliciclastic","82","LS11-82",,,,,,,,,,,,,,,,,,,
"Zhang, X et al.","2014","Journal of Asian Earth Sciences","85","0","Provenance analysis of the Miocene accretionary prism of the Hengchun Peninsula, southern Taiwan, and regional geological significance","10.1016/j.jseaes.2014.01.021","LS11","China","Eastern Asia","Asia","Taiwan Island","Loshui Formation","Hengchun Peninsula","21.9977","120.8662","Neogene","Miocene","23.03","14.18","5.33","zircon","LA_ICP_MS","Guangzhou","Key Laboratory of Isotope Geochronology and Geochemistry, Guangzhou Institute of Geochemistry, Chinese Academy of Sciences","Agilent 7500a","detrital","siliciclastic","sandstone","82","LS11-83","rim","32","0.039589","0.001387","0.293144","0.023719","0.054814","0.004455","250.286619","8.601348","261.030842","18.626167","405.605","181.4625","250.286619","8.601348","4.292768","217.388704","79.282911","9.870756","0.364706","LA_ICP_MS","siliciclastic","82","LS11-83",,,,,,,,,,,,,,,,,,,
"Zhang, X et al.","2014","Journal of Asian Earth Sciences","85","0","Provenance analysis of the Miocene accretionary prism of the Hengchun Peninsula, southern Taiwan, and regional geological significance","10.1016/j.jseaes.2014.01.021","LS11","China","Eastern Asia","Asia","Taiwan Island","Loshui Formation","Hengchun Peninsula","21.9977","120.8662","Neogene","Miocene","23.03","14.18","5.33","zircon","LA_ICP_MS","Guangzhou","Key Laboratory of Isotope Geochronology and Geochemistry, Guangzhou Institute of Geochemistry, Chinese Academy of Sciences","Agilent 7500a","detrital","siliciclastic","sandstone","82","LS11-84","rim","32","0.411403","0.010294","8.711411","0.409612","0.153038","0.006618","2221.334436","47.016275","2308.271867","42.852723","2379.94","74.0725","2379.94","74.0725","6.664267","105.674283","65.862884","55.542836","0.623263","LA_ICP_MS","siliciclastic","82","LS11-84",,,,,,,,,,,,,,,,,,,
"Zhang, X et al.","2014","Journal of Asian Earth Sciences","85","0","Provenance analysis of the Miocene accretionary prism of the Hengchun Peninsula, southern Taiwan, and regional geological significance","10.1016/j.jseaes.2014.01.021","LS11","China","Eastern Asia","Asia","Taiwan Island","Loshui Formation","Hengchun Peninsula","21.9977","120.8662","Neogene","Miocene","23.03","14.18","5.33","zircon","LA_ICP_MS","Guangzhou","Key Laboratory of Isotope Geochronology and Geochemistry, Guangzhou Institute of Geochemistry, Chinese Academy of Sciences","Agilent 7500a","detrital","siliciclastic","sandstone","82","LS11-85","rim","32","0.321158","0.007778","4.943249","0.240115","0.11097","0.004727","1795.379527","37.949921","1809.672447","41.045078","1816.665","77.4725","1816.665","77.4725","1.171678","448.219371","200.172592","170.959705","0.446595","LA_ICP_MS","siliciclastic","82","LS11-85",,,,,,,,,,,,,,,,,,,
"Zhang, X et al.","2014","Journal of Asian Earth Sciences","85","0","Provenance analysis of the Miocene accretionary prism of the Hengchun Peninsula, southern Taiwan, and regional geological significance","10.1016/j.jseaes.2014.01.021","LS11","China","Eastern Asia","Asia","Taiwan Island","Loshui Formation","Hengchun Peninsula","21.9977","120.8662","Neogene","Miocene","23.03","14.18","5.33","zircon","LA_ICP_MS","Guangzhou","Key Laboratory of Isotope Geochronology and Geochemistry, Guangzhou Institute of Geochemistry, Chinese Academy of Sciences","Agilent 7500a","detrital","siliciclastic","sandstone","82","LS11-86","rim","32","0.026226","0.000644","0.181392","0.012845","0.050845","0.003661","166.885605","4.04639","169.257681","11.040168","235.25","166.645","166.885605","4.04639","1.421378","682.040467","458.494553","21.579212","0.67224","LA_ICP_MS","siliciclastic","82","LS11-86",,,,,,,,,,,,,,,,,,,
"Zhang, X et al.","2014","Journal of Asian Earth Sciences","85","0","Provenance analysis of the Miocene accretionary prism of the Hengchun Peninsula, southern Taiwan, and regional geological significance","10.1016/j.jseaes.2014.01.021","LS11","China","Eastern Asia","Asia","Taiwan Island","Loshui Formation","Hengchun Peninsula","21.9977","120.8662","Neogene","Miocene","23.03","14.18","5.33","zircon","LA_ICP_MS","Guangzhou","Key Laboratory of Isotope Geochronology and Geochemistry, Guangzhou Institute of Geochemistry, Chinese Academy of Sciences","Agilent 7500a","detrital","siliciclastic","sandstone","82","LS11-87","rim","32","0.026911","0.000704","0.190488","0.010868","0.050388","0.002457","171.187848","4.419683","177.045806","9.270127","213.035","112.9475","171.187848","4.419683","3.421948","982.508347","278.162531","28.789986","0.283115","LA_ICP_MS","siliciclastic","82","LS11-87",,,,,,,,,,,,,,,,,,,
"Zhang, X et al.","2014","Journal of Asian Earth Sciences","85","0","Provenance analysis of the Miocene accretionary prism of the Hengchun Peninsula, southern Taiwan, and regional geological significance","10.1016/j.jseaes.2014.01.021","LS11","China","Eastern Asia","Asia","Taiwan Island","Loshui Formation","Hengchun Peninsula","21.9977","120.8662","Neogene","Miocene","23.03","14.18","5.33","zircon","LA_ICP_MS","Guangzhou","Key Laboratory of Isotope Geochronology and Geochemistry, Guangzhou Institute of Geochemistry, Chinese Academy of Sciences","Agilent 7500a","detrital","siliciclastic","sandstone","82","LS11-88","rim","32","0.303681","0.011062","5.061003","0.326653","0.116526","0.005253","1709.534107","54.700033","1829.593721","54.776337","1903.39","81.6375","1903.39","81.6375","10.18477","297.22232","111.851646","103.864514","0.376323","LA_ICP_MS","siliciclastic","82","LS11-88",,,,,,,,,,,,,,,,,,,
"Zhang, X et al.","2014","Journal of Asian Earth Sciences","85","0","Provenance analysis of the Miocene accretionary prism of the Hengchun Peninsula, southern Taiwan, and regional geological significance","10.1016/j.jseaes.2014.01.021","LS11","China","Eastern Asia","Asia","Taiwan Island","Loshui Formation","Hengchun Peninsula","21.9977","120.8662","Neogene","Miocene","23.03","14.18","5.33","zircon","LA_ICP_MS","Guangzhou","Key Laboratory of Isotope Geochronology and Geochemistry, Guangzhou Institute of Geochemistry, Chinese Academy of Sciences","Agilent 7500a","detrital","siliciclastic","sandstone","82","LS11-90","rim","32","0.271328","0.005306","4.263447","0.227346","0.111229","0.006277","1547.540984","26.903678","1686.334063","43.885065","1820.37","103.55","1820.37","103.55","14.987558","551.343275","109.510801","170.692937","0.198625","LA_ICP_MS","siliciclastic","82","LS11-90",,,,,,,,,,,,,,,,,,,
"Zhang, X et al.","2014","Journal of Asian Earth Sciences","85","0","Provenance analysis of the Miocene accretionary prism of the Hengchun Peninsula, southern Taiwan, and regional geological significance","10.1016/j.jseaes.2014.01.021","LS11","China","Eastern Asia","Asia","Taiwan Island","Loshui Formation","Hengchun Peninsula","21.9977","120.8662","Neogene","Miocene","23.03","14.18","5.33","zircon","LA_ICP_MS","Guangzhou","Key Laboratory of Isotope Geochronology and Geochemistry, Guangzhou Institute of Geochemistry, Chinese Academy of Sciences","Agilent 7500a","detrital","siliciclastic","sandstone","82","LS11-92","rim","32","0.192631","0.004119","2.191469","0.122488","0.080593","0.004394","1135.610289","22.265355","1178.333111","38.989361","1212.96","107.4075","1135.610289","22.265355","3.762102","147.543972","94.177107","35.138963","0.638299","LA_ICP_MS","siliciclastic","82","LS11-92",,,,,,,,,,,,,,,,,,,
"Zhang, X et al.","2014","Journal of Asian Earth Sciences","85","0","Provenance analysis of the Miocene accretionary prism of the Hengchun Peninsula, southern Taiwan, and regional geological significance","10.1016/j.jseaes.2014.01.021","LS11","China","Eastern Asia","Asia","Taiwan Island","Loshui Formation","Hengchun Peninsula","21.9977","120.8662","Neogene","Miocene","23.03","14.18","5.33","zircon","LA_ICP_MS","Guangzhou","Key Laboratory of Isotope Geochronology and Geochemistry, Guangzhou Institute of Geochemistry, Chinese Academy of Sciences","Agilent 7500a","detrital","siliciclastic","sandstone","82","LS11-93","rim","32","0.030641","0.000902","0.212959","0.015658","0.050325","0.003816","194.556401","5.640405","196.032825","13.107999","209.33","171.275","194.556401","5.640405","0.758867","357.748914","24.121331","11.475826","0.067425","LA_ICP_MS","siliciclastic","82","LS11-93",,,,,,,,,,,,,,,,,,,
"Zhang, X et al.","2014","Journal of Asian Earth Sciences","85","0","Provenance analysis of the Miocene accretionary prism of the Hengchun Peninsula, southern Taiwan, and regional geological significance","10.1016/j.jseaes.2014.01.021","LS11","China","Eastern Asia","Asia","Taiwan Island","Loshui Formation","Hengchun Peninsula","21.9977","120.8662","Neogene","Miocene","23.03","14.18","5.33","zircon","LA_ICP_MS","Guangzhou","Key Laboratory of Isotope Geochronology and Geochemistry, Guangzhou Institute of Geochemistry, Chinese Academy of Sciences","Agilent 7500a","detrital","siliciclastic","sandstone","82","LS11-94","rim","32","0.029108","0.00086","0.201252","0.021012","0.050172","0.005439","184.961104","5.387769","186.185038","17.76269","211.185","224.045","184.961104","5.387769","0.661725","311.030085","245.194393","11.318947","0.78833","LA_ICP_MS","siliciclastic","82","LS11-94",,,,,,,,,,,,,,,,,,,
"Zhang, X et al.","2014","Journal of Asian Earth Sciences","85","0","Provenance analysis of the Miocene accretionary prism of the Hengchun Peninsula, southern Taiwan, and regional geological significance","10.1016/j.jseaes.2014.01.021","LS11","China","Eastern Asia","Asia","Taiwan Island","Loshui Formation","Hengchun Peninsula","21.9977","120.8662","Neogene","Miocene","23.03","14.18","5.33","zircon","LA_ICP_MS","Guangzhou","Key Laboratory of Isotope Geochronology and Geochemistry, Guangzhou Institute of Geochemistry, Chinese Academy of Sciences","Agilent 7500a","detrital","siliciclastic","sandstone","82","LS11-95","rim","32","0.254741","0.005246","3.886698","0.191235","0.108842","0.005534","1462.881526","26.950254","1610.922334","39.756106","1779.94","92.9","1779.94","92.9","17.812874","312.347434","82.312315","94.613791","0.263528","LA_ICP_MS","siliciclastic","82","LS11-95",,,,,,,,,,,,,,,,,,,
"Zhang, X et al.","2014","Journal of Asian Earth Sciences","85","0","Provenance analysis of the Miocene accretionary prism of the Hengchun Peninsula, southern Taiwan, and regional geological significance","10.1016/j.jseaes.2014.01.021","LS11","China","Eastern Asia","Asia","Taiwan Island","Loshui Formation","Hengchun Peninsula","21.9977","120.8662","Neogene","Miocene","23.03","14.18","5.33","zircon","LA_ICP_MS","Guangzhou","Key Laboratory of Isotope Geochronology and Geochemistry, Guangzhou Institute of Geochemistry, Chinese Academy of Sciences","Agilent 7500a","detrital","siliciclastic","sandstone","82","LS11-96","rim","32","0.399364","0.008867","8.169425","0.375889","0.145556","0.006356","2166.110037","40.847163","2249.961526","41.647639","2294.14","75.775","2294.14","75.775","5.580739","967.41495","244.047336","461.539905","0.252267","LA_ICP_MS","siliciclastic","82","LS11-96",,,,,,,,,,,,,,,,,,,
"Zhang, X et al.","2014","Journal of Asian Earth Sciences","85","0","Provenance analysis of the Miocene accretionary prism of the Hengchun Peninsula, southern Taiwan, and regional geological significance","10.1016/j.jseaes.2014.01.021","LS11","China","Eastern Asia","Asia","Taiwan Island","Loshui Formation","Hengchun Peninsula","21.9977","120.8662","Neogene","Miocene","23.03","14.18","5.33","zircon","LA_ICP_MS","Guangzhou","Key Laboratory of Isotope Geochronology and Geochemistry, Guangzhou Institute of Geochemistry, Chinese Academy of Sciences","Agilent 7500a","detrital","siliciclastic","sandstone","82","LS11-97","rim","32","0.444337","0.00857","9.666528","0.405223","0.155528","0.006396","2370.025774","38.249376","2403.524017","38.593171","2409.26","69.7475","2409.26","69.7475","1.628476","185.004321","83.553642","103.154719","0.451631","LA_ICP_MS","siliciclastic","82","LS11-97",,,,,,,,,,,,,,,,,,,
"Zhang, X et al.","2014","Journal of Asian Earth Sciences","85","0","Provenance analysis of the Miocene accretionary prism of the Hengchun Peninsula, southern Taiwan, and regional geological significance","10.1016/j.jseaes.2014.01.021","LS11","China","Eastern Asia","Asia","Taiwan Island","Loshui Formation","Hengchun Peninsula","21.9977","120.8662","Neogene","Miocene","23.03","14.18","5.33","zircon","LA_ICP_MS","Guangzhou","Key Laboratory of Isotope Geochronology and Geochemistry, Guangzhou Institute of Geochemistry, Chinese Academy of Sciences","Agilent 7500a","detrital","siliciclastic","sandstone","82","LS11-99","rim","32","0.035515","0.001147","0.260579","0.019512","0.0546","0.004678","224.973486","7.141114","235.133106","15.717959","394.495","192.57","224.973486","7.141114","4.515919","270.738635","176.698461","11.99927","0.652653","LA_ICP_MS","siliciclastic","82","LS11-99",,,,,,,,,,,,,,,,,,,
"Zhang, X et al.","2014","Journal of Asian Earth Sciences","85","0","Provenance analysis of the Miocene accretionary prism of the Hengchun Peninsula, southern Taiwan, and regional geological significance","10.1016/j.jseaes.2014.01.021","LS11","China","Eastern Asia","Asia","Taiwan Island","Loshui Formation","Hengchun Peninsula","21.9977","120.8662","Neogene","Miocene","23.03","14.18","5.33","zircon","LA_ICP_MS","Guangzhou","Key Laboratory of Isotope Geochronology and Geochemistry, Guangzhou Institute of Geochemistry, Chinese Academy of Sciences","Agilent 7500a","detrital","siliciclastic","sandstone","82","LS11-102","rim","32","0.343555","0.006365","5.3697","0.16486","0.112156","0.00342","1903.747823","30.541096","1880.034863","26.285976","1835.19","49.845","1835.19","49.845","3.735734","468.992013","96.642802","182.519339","0.206065","LA_ICP_MS","siliciclastic","82","LS11-102",,,,,,,,,,,,,,,,,,,
"Zhang, X et al.","2014","Journal of Asian Earth Sciences","85","0","Provenance analysis of the Miocene accretionary prism of the Hengchun Peninsula, southern Taiwan, and regional geological significance","10.1016/j.jseaes.2014.01.021","LS11","China","Eastern Asia","Asia","Taiwan Island","Loshui Formation","Hengchun Peninsula","21.9977","120.8662","Neogene","Miocene","23.03","14.18","5.33","zircon","LA_ICP_MS","Guangzhou","Key Laboratory of Isotope Geochronology and Geochemistry, Guangzhou Institute of Geochemistry, Chinese Academy of Sciences","Agilent 7500a","detrital","siliciclastic","sandstone","82","LS11-104","rim","32","0.029578","0.000866","0.20234","0.015692","0.049918","0.004088","187.909159","5.424285","187.103979","13.252609","190.82","181.455","187.909159","5.424285","0.428494","350.842696","134.454212","11.908079","0.383232","LA_ICP_MS","siliciclastic","82","LS11-104",,,,,,,,,,,,,,,,,,,
"Zhang, X et al.","2014","Journal of Asian Earth Sciences","85","0","Provenance analysis of the Miocene accretionary prism of the Hengchun Peninsula, southern Taiwan, and regional geological significance","10.1016/j.jseaes.2014.01.021","LS11","China","Eastern Asia","Asia","Taiwan Island","Loshui Formation","Hengchun Peninsula","21.9977","120.8662","Neogene","Miocene","23.03","14.18","5.33","zircon","LA_ICP_MS","Guangzhou","Key Laboratory of Isotope Geochronology and Geochemistry, Guangzhou Institute of Geochemistry, Chinese Academy of Sciences","Agilent 7500a","detrital","siliciclastic","sandstone","82","LS11-105","rim","32","0.241627","0.007731","3.330912","0.147839","0.098861","0.003879","1395.152329","40.140981","1488.326403","34.674362","1602.775","74.07","1602.775","74.07","12.95395","238.780967","33.207073","62.666876","0.139069","LA_ICP_MS","siliciclastic","82","LS11-105",,,,,,,,,,,,,,,,,,,
"Zhang, X et al.","2014","Journal of Asian Earth Sciences","85","0","Provenance analysis of the Miocene accretionary prism of the Hengchun Peninsula, southern Taiwan, and regional geological significance","10.1016/j.jseaes.2014.01.021","LS11","China","Eastern Asia","Asia","Taiwan Island","Loshui Formation","Hengchun Peninsula","21.9977","120.8662","Neogene","Miocene","23.03","14.18","5.33","zircon","LA_ICP_MS","Guangzhou","Key Laboratory of Isotope Geochronology and Geochemistry, Guangzhou Institute of Geochemistry, Chinese Academy of Sciences","Agilent 7500a","detrital","siliciclastic","sandstone","82","LS11-106","rim","32","0.027196","0.000994","0.199102","0.018198","0.055357","0.005447","172.975798","6.237286","184.365986","15.41079","427.825","220.34","172.975798","6.237286","6.584845","259.142129","59.004813","7.723079","0.227693","LA_ICP_MS","siliciclastic","82","LS11-106",,,,,,,,,,,,,,,,,,,
"Zhang, X et al.","2014","Journal of Asian Earth Sciences","85","0","Provenance analysis of the Miocene accretionary prism of the Hengchun Peninsula, southern Taiwan, and regional geological significance","10.1016/j.jseaes.2014.01.021","LS11","China","Eastern Asia","Asia","Taiwan Island","Loshui Formation","Hengchun Peninsula","21.9977","120.8662","Neogene","Miocene","23.03","14.18","5.33","zircon","LA_ICP_MS","Guangzhou","Key Laboratory of Isotope Geochronology and Geochemistry, Guangzhou Institute of Geochemistry, Chinese Academy of Sciences","Agilent 7500a","detrital","siliciclastic","sandstone","82","LS11-107","rim","32","0.029076","0.001017","0.219109","0.017838","0.055386","0.004948","184.7607","6.370771","201.167621","14.857751","427.825","199.9725","184.7607","6.370771","8.880093","233.257392","167.904974","8.416885","0.719827","LA_ICP_MS","siliciclastic","82","LS11-107",,,,,,,,,,,,,,,,,,,
"Zhang, X et al.","2014","Journal of Asian Earth Sciences","85","0","Provenance analysis of the Miocene accretionary prism of the Hengchun Peninsula, southern Taiwan, and regional geological significance","10.1016/j.jseaes.2014.01.021","LS11","China","Eastern Asia","Asia","Taiwan Island","Loshui Formation","Hengchun Peninsula","21.9977","120.8662","Neogene","Miocene","23.03","14.18","5.33","zircon","LA_ICP_MS","Guangzhou","Key Laboratory of Isotope Geochronology and Geochemistry, Guangzhou Institute of Geochemistry, Chinese Academy of Sciences","Agilent 7500a","detrital","siliciclastic","sandstone","82","LS11-109","rim","32","0.02731","0.000534","0.175419","0.00743","0.046167","0.00209","173.688618","3.351533","164.110886","6.418048","5.655","116.655","173.688618","3.351533","5.514312","1521.315875","349.140786","45.876381","0.229499","LA_ICP_MS","siliciclastic","82","LS11-109",,,,,,,,,,,,,,,,,,,
"Zhang, X et al.","2014","Journal of Asian Earth Sciences","85","0","Provenance analysis of the Miocene accretionary prism of the Hengchun Peninsula, southern Taiwan, and regional geological significance","10.1016/j.jseaes.2014.01.021","LS11","China","Eastern Asia","Asia","Taiwan Island","Loshui Formation","Hengchun Peninsula","21.9977","120.8662","Neogene","Miocene","23.03","14.18","5.33","zircon","LA_ICP_MS","Guangzhou","Key Laboratory of Isotope Geochronology and Geochemistry, Guangzhou Institute of Geochemistry, Chinese Academy of Sciences","Agilent 7500a","detrital","siliciclastic","sandstone","82","LS11-110","rim","32","0.331729","0.007312","4.841111","0.192302","0.104697","0.004303","1846.755594","35.395964","1792.070929","33.440714","1709.26","75.9275","1709.26","75.9275","8.044159","179.629879","76.906283","71.792693","0.428137","LA_ICP_MS","siliciclastic","82","LS11-110",,,,,,,,,,,,,,,,,,,
"Zhang, X et al.","2014","Journal of Asian Earth Sciences","85","0","Provenance analysis of the Miocene accretionary prism of the Hengchun Peninsula, southern Taiwan, and regional geological significance","10.1016/j.jseaes.2014.01.021","LS11","China","Eastern Asia","Asia","Taiwan Island","Loshui Formation","Hengchun Peninsula","21.9977","120.8662","Neogene","Miocene","23.03","14.18","5.33","zircon","LA_ICP_MS","Guangzhou","Key Laboratory of Isotope Geochronology and Geochemistry, Guangzhou Institute of Geochemistry, Chinese Academy of Sciences","Agilent 7500a","detrital","siliciclastic","sandstone","82","LS11-111","rim","32","0.027319","0.000871","0.198289","0.012739","0.05265","0.003372","173.746455","5.46738","183.677428","10.794644","322.28","146.2775","173.746455","5.46738","5.715785","384.05833","37.168922","11.220383","0.096779","LA_ICP_MS","siliciclastic","82","LS11-111",,,,,,,,,,,,,,,,,,,
"Zhang, X et al.","2014","Journal of Asian Earth Sciences","85","0","Provenance analysis of the Miocene accretionary prism of the Hengchun Peninsula, southern Taiwan, and regional geological significance","10.1016/j.jseaes.2014.01.021","LS11","China","Eastern Asia","Asia","Taiwan Island","Loshui Formation","Hengchun Peninsula","21.9977","120.8662","Neogene","Miocene","23.03","14.18","5.33","zircon","LA_ICP_MS","Guangzhou","Key Laboratory of Isotope Geochronology and Geochemistry, Guangzhou Institute of Geochemistry, Chinese Academy of Sciences","Agilent 7500a","detrital","siliciclastic","sandstone","82","LS11-112","rim","32","0.302244","0.007504","4.556713","0.183601","0.109064","0.004499","1702.427963","37.145432","1741.38887","33.561821","1783.645","75.31","1783.645","75.31","4.553431","185.213004","209.731396","81.268945","1.132379","LA_ICP_MS","siliciclastic","82","LS11-112",,,,,,,,,,,,,,,,,,,
"Zhang, X et al.","2014","Journal of Asian Earth Sciences","85","0","Provenance analysis of the Miocene accretionary prism of the Hengchun Peninsula, southern Taiwan, and regional geological significance","10.1016/j.jseaes.2014.01.021","LS11","China","Eastern Asia","Asia","Taiwan Island","Loshui Formation","Hengchun Peninsula","21.9977","120.8662","Neogene","Miocene","23.03","14.18","5.33","zircon","LA_ICP_MS","Guangzhou","Key Laboratory of Isotope Geochronology and Geochemistry, Guangzhou Institute of Geochemistry, Chinese Academy of Sciences","Agilent 7500a","detrital","siliciclastic","sandstone","82","LS11-113","rim","32","0.017873","0.000349","0.117391","0.005886","0.047411","0.002513","114.196199","2.207618","112.704332","5.348815","77.87","112.95","114.196199","2.207618","1.306407","2127.636159","7353.559636","77.905576","3.456211","LA_ICP_MS","siliciclastic","82","LS11-113",,,,,,,,,,,,,,,,,,,
"Zhang, X et al.","2014","Journal of Asian Earth Sciences","85","0","Provenance analysis of the Miocene accretionary prism of the Hengchun Peninsula, southern Taiwan, and regional geological significance","10.1016/j.jseaes.2014.01.021","LS11","China","Eastern Asia","Asia","Taiwan Island","Loshui Formation","Hengchun Peninsula","21.9977","120.8662","Neogene","Miocene","23.03","14.18","5.33","zircon","LA_ICP_MS","Guangzhou","Key Laboratory of Isotope Geochronology and Geochemistry, Guangzhou Institute of Geochemistry, Chinese Academy of Sciences","Agilent 7500a","detrital","siliciclastic","sandstone","82","LS11-114","rim","32","0.316443","0.005804","5.075027","0.205793","0.114749","0.004437","1772.33565","28.422465","1831.940286","34.409496","1876.24","69.2925","1876.24","69.2925","5.537903","450.762594","137.269103","167.857506","0.304526","LA_ICP_MS","siliciclastic","82","LS11-114",,,,,,,,,,,,,,,,,,,
"Zhang, X et al.","2014","Journal of Asian Earth Sciences","85","0","Provenance analysis of the Miocene accretionary prism of the Hengchun Peninsula, southern Taiwan, and regional geological significance","10.1016/j.jseaes.2014.01.021","LS13","China","Eastern Asia","Asia","Taiwan Island","Loshui Formation","Hengchun Peninsula","22.0084","120.8823","Neogene","Miocene","23.03","14.18","5.33","zircon","LA_ICP_MS","Guangzhou","Key Laboratory of Isotope Geochronology and Geochemistry, Guangzhou Institute of Geochemistry, Chinese Academy of Sciences","Agilent 7500a","detrital","siliciclastic","sandstone","72","LS13-02","rim","32","0.026389","0.000607","0.185713","0.011687","0.050305","0.00317","167.909433","3.812816","172.964815","10.00808","209.33","146.2775","167.909433","3.812816","3.010779","891.519555","288.42225","26.293879","0.323518","LA_ICP_MS","siliciclastic","72","LS13-02",,,,,,,,,,,,,,,,,,,
"Zhang, X et al.","2014","Journal of Asian Earth Sciences","85","0","Provenance analysis of the Miocene accretionary prism of the Hengchun Peninsula, southern Taiwan, and regional geological significance","10.1016/j.jseaes.2014.01.021","LS13","China","Eastern Asia","Asia","Taiwan Island","Loshui Formation","Hengchun Peninsula","22.0084","120.8823","Neogene","Miocene","23.03","14.18","5.33","zircon","LA_ICP_MS","Guangzhou","Key Laboratory of Isotope Geochronology and Geochemistry, Guangzhou Institute of Geochemistry, Chinese Academy of Sciences","Agilent 7500a","detrital","siliciclastic","sandstone","72","LS13-03","rim","32","0.134777","0.004935","1.116028","0.091742","0.058806","0.00457","815.060291","28.0341","761.071076","44.050483","561.145","165.72","815.060291","28.0341","6.623954","75.959304","45.033145","11.680229","0.592859","LA_ICP_MS","siliciclastic","72","LS13-03",,,,,,,,,,,,,,,,,,,
"Zhang, X et al.","2014","Journal of Asian Earth Sciences","85","0","Provenance analysis of the Miocene accretionary prism of the Hengchun Peninsula, southern Taiwan, and regional geological significance","10.1016/j.jseaes.2014.01.021","LS13","China","Eastern Asia","Asia","Taiwan Island","Loshui Formation","Hengchun Peninsula","22.0084","120.8823","Neogene","Miocene","23.03","14.18","5.33","zircon","LA_ICP_MS","Guangzhou","Key Laboratory of Isotope Geochronology and Geochemistry, Guangzhou Institute of Geochemistry, Chinese Academy of Sciences","Agilent 7500a","detrital","siliciclastic","sandstone","72","LS13-04","rim","32","0.314485","0.006205","4.459012","0.211076","0.09967","0.005079","1762.738009","30.430653","1723.377042","39.279989","1618.21","94.9075","1618.21","94.9075","8.931351","215.939858","406.595639","106.76629","1.882911","LA_ICP_MS","siliciclastic","72","LS13-04",,,,,,,,,,,,,,,,,,,
"Zhang, X et al.","2014","Journal of Asian Earth Sciences","85","0","Provenance analysis of the Miocene accretionary prism of the Hengchun Peninsula, southern Taiwan, and regional geological significance","10.1016/j.jseaes.2014.01.021","LS13","China","Eastern Asia","Asia","Taiwan Island","Loshui Formation","Hengchun Peninsula","22.0084","120.8823","Neogene","Miocene","23.03","14.18","5.33","zircon","LA_ICP_MS","Guangzhou","Key Laboratory of Isotope Geochronology and Geochemistry, Guangzhou Institute of Geochemistry, Chinese Academy of Sciences","Agilent 7500a","detrital","siliciclastic","sandstone","72","LS13-07","rim","32","0.284835","0.007858","4.625139","0.224094","0.113368","0.005595","1615.666039","39.42454","1753.816006","40.472159","1854.02","89.2025","1854.02","89.2025","12.856062","635.656645","128.492721","200.691537","0.202142","LA_ICP_MS","siliciclastic","72","LS13-07",,,,,,,,,,,,,,,,,,,
"Zhang, X et al.","2014","Journal of Asian Earth Sciences","85","0","Provenance analysis of the Miocene accretionary prism of the Hengchun Peninsula, southern Taiwan, and regional geological significance","10.1016/j.jseaes.2014.01.021","LS13","China","Eastern Asia","Asia","Taiwan Island","Loshui Formation","Hengchun Peninsula","22.0084","120.8823","Neogene","Miocene","23.03","14.18","5.33","zircon","LA_ICP_MS","Guangzhou","Key Laboratory of Isotope Geochronology and Geochemistry, Guangzhou Institute of Geochemistry, Chinese Academy of Sciences","Agilent 7500a","detrital","siliciclastic","sandstone","72","LS13-09","rim","32","0.331661","0.007359","5.39148","0.234659","0.114085","0.005044","1846.427965","35.622973","1883.500824","37.295883","1865.745","79.6325","1865.745","79.6325","1.035352","462.190083","183.901786","180.313893","0.397892","LA_ICP_MS","siliciclastic","72","LS13-09",,,,,,,,,,,,,,,,,,,
"Zhang, X et al.","2014","Journal of Asian Earth Sciences","85","0","Provenance analysis of the Miocene accretionary prism of the Hengchun Peninsula, southern Taiwan, and regional geological significance","10.1016/j.jseaes.2014.01.021","LS13","China","Eastern Asia","Asia","Taiwan Island","Loshui Formation","Hengchun Peninsula","22.0084","120.8823","Neogene","Miocene","23.03","14.18","5.33","zircon","LA_ICP_MS","Guangzhou","Key Laboratory of Isotope Geochronology and Geochemistry, Guangzhou Institute of Geochemistry, Chinese Academy of Sciences","Agilent 7500a","detrital","siliciclastic","sandstone","72","LS13-10","rim","32","0.312328","0.007257","5.232637","0.250025","0.117509","0.00555","1752.153737","35.650306","1857.947427","40.754371","1920.37","117.745","1920.37","117.745","8.759576","489.977352","40.282268","168.167141","0.082213","LA_ICP_MS","siliciclastic","72","LS13-10",,,,,,,,,,,,,,,,,,,
"Zhang, X et al.","2014","Journal of Asian Earth Sciences","85","0","Provenance analysis of the Miocene accretionary prism of the Hengchun Peninsula, southern Taiwan, and regional geological significance","10.1016/j.jseaes.2014.01.021","LS13","China","Eastern Asia","Asia","Taiwan Island","Loshui Formation","Hengchun Peninsula","22.0084","120.8823","Neogene","Miocene","23.03","14.18","5.33","zircon","LA_ICP_MS","Guangzhou","Key Laboratory of Isotope Geochronology and Geochemistry, Guangzhou Institute of Geochemistry, Chinese Academy of Sciences","Agilent 7500a","detrital","siliciclastic","sandstone","72","LS13-13","rim","32","0.029676","0.000727","0.216879","0.018628","0.051436","0.004604","188.520425","4.552117","199.308645","15.544954","261.175","207.3825","188.520425","4.552117","5.722573","425.148247","227.67192","15.033358","0.535512","LA_ICP_MS","siliciclastic","72","LS13-13",,,,,,,,,,,,,,,,,,,
"Zhang, X et al.","2014","Journal of Asian Earth Sciences","85","0","Provenance analysis of the Miocene accretionary prism of the Hengchun Peninsula, southern Taiwan, and regional geological significance","10.1016/j.jseaes.2014.01.021","LS13","China","Eastern Asia","Asia","Taiwan Island","Loshui Formation","Hengchun Peninsula","22.0084","120.8823","Neogene","Miocene","23.03","14.18","5.33","zircon","LA_ICP_MS","Guangzhou","Key Laboratory of Isotope Geochronology and Geochemistry, Guangzhou Institute of Geochemistry, Chinese Academy of Sciences","Agilent 7500a","detrital","siliciclastic","sandstone","72","LS13-14","rim","32","0.02013","0.000576","0.133386","0.009546","0.047326","0.003775","128.477442","3.638855","127.136047","8.55215","64.91","190.71","128.477442","3.638855","1.04407","998.456947","595.74835","23.944898","0.596669","LA_ICP_MS","siliciclastic","72","LS13-14",,,,,,,,,,,,,,,,,,,
"Zhang, X et al.","2014","Journal of Asian Earth Sciences","85","0","Provenance analysis of the Miocene accretionary prism of the Hengchun Peninsula, southern Taiwan, and regional geological significance","10.1016/j.jseaes.2014.01.021","LS13","China","Eastern Asia","Asia","Taiwan Island","Loshui Formation","Hengchun Peninsula","22.0084","120.8823","Neogene","Miocene","23.03","14.18","5.33","zircon","LA_ICP_MS","Guangzhou","Key Laboratory of Isotope Geochronology and Geochemistry, Guangzhou Institute of Geochemistry, Chinese Academy of Sciences","Agilent 7500a","detrital","siliciclastic","sandstone","72","LS13-15","rim","32","0.036264","0.000951","0.26431","0.020783","0.050643","0.004158","229.635571","5.913233","238.134208","16.6928","233.4","216.64","229.635571","5.913233","3.700923","636.726481","172.171142","25.862902","0.2704","LA_ICP_MS","siliciclastic","72","LS13-15",,,,,,,,,,,,,,,,,,,
"Zhang, X et al.","2014","Journal of Asian Earth Sciences","85","0","Provenance analysis of the Miocene accretionary prism of the Hengchun Peninsula, southern Taiwan, and regional geological significance","10.1016/j.jseaes.2014.01.021","LS13","China","Eastern Asia","Asia","Taiwan Island","Loshui Formation","Hengchun Peninsula","22.0084","120.8823","Neogene","Miocene","23.03","14.18","5.33","zircon","LA_ICP_MS","Guangzhou","Key Laboratory of Isotope Geochronology and Geochemistry, Guangzhou Institute of Geochemistry, Chinese Academy of Sciences","Agilent 7500a","detrital","siliciclastic","sandstone","72","LS13-16","rim","32","0.183148","0.004391","2.058435","0.128454","0.078186","0.005001","1084.149728","23.924034","1135.100122","42.671128","1151.55","126.695","1084.149728","23.924034","4.699572","276.137947","152.873438","63.113963","0.553613","LA_ICP_MS","siliciclastic","72","LS13-16",,,,,,,,,,,,,,,,,,,
"Zhang, X et al.","2014","Journal of Asian Earth Sciences","85","0","Provenance analysis of the Miocene accretionary prism of the Hengchun Peninsula, southern Taiwan, and regional geological significance","10.1016/j.jseaes.2014.01.021","LS13","China","Eastern Asia","Asia","Taiwan Island","Loshui Formation","Hengchun Peninsula","22.0084","120.8823","Neogene","Miocene","23.03","14.18","5.33","zircon","LA_ICP_MS","Guangzhou","Key Laboratory of Isotope Geochronology and Geochemistry, Guangzhou Institute of Geochemistry, Chinese Academy of Sciences","Agilent 7500a","detrital","siliciclastic","sandstone","72","LS13-18","rim","32","0.018029","0.000791","0.126191","0.022634","0.053744","0.010476","115.187789","5.006508","120.669117","20.409477","361.165","388.84","115.187789","5.006508","4.758601","124.440517","70.659328","2.583114","0.567816","LA_ICP_MS","siliciclastic","72","LS13-18",,,,,,,,,,,,,,,,,,,
"Zhang, X et al.","2014","Journal of Asian Earth Sciences","85","0","Provenance analysis of the Miocene accretionary prism of the Hengchun Peninsula, southern Taiwan, and regional geological significance","10.1016/j.jseaes.2014.01.021","LS13","China","Eastern Asia","Asia","Taiwan Island","Loshui Formation","Hengchun Peninsula","22.0084","120.8823","Neogene","Miocene","23.03","14.18","5.33","zircon","LA_ICP_MS","Guangzhou","Key Laboratory of Isotope Geochronology and Geochemistry, Guangzhou Institute of Geochemistry, Chinese Academy of Sciences","Agilent 7500a","detrital","siliciclastic","sandstone","72","LS13-22","rim","32","0.016932","0.000396","0.105401","0.007832","0.045348","0.003414","108.237689","2.508821","101.749713","7.194694",,,"108.237689","2.508821","5.994193","257.167305","276.611175","5.76899","1.075608","LA_ICP_MS","siliciclastic","72","LS13-22",,,,,,,,,,,,,,,,,,,
"Zhang, X et al.","2014","Journal of Asian Earth Sciences","85","0","Provenance analysis of the Miocene accretionary prism of the Hengchun Peninsula, southern Taiwan, and regional geological significance","10.1016/j.jseaes.2014.01.021","LS13","China","Eastern Asia","Asia","Taiwan Island","Loshui Formation","Hengchun Peninsula","22.0084","120.8823","Neogene","Miocene","23.03","14.18","5.33","zircon","LA_ICP_MS","Guangzhou","Key Laboratory of Isotope Geochronology and Geochemistry, Guangzhou Institute of Geochemistry, Chinese Academy of Sciences","Agilent 7500a","detrital","siliciclastic","sandstone","72","LS13-23","rim","32","0.024783","0.000736","0.174873","0.013919","0.052955","0.00483","157.814882","4.629824","163.639037","12.030468","327.835","207.3825","157.814882","4.629824","3.690498","82.246145","64.172389","2.559738","0.780248","LA_ICP_MS","siliciclastic","72","LS13-23",,,,,,,,,,,,,,,,,,,
"Zhang, X et al.","2014","Journal of Asian Earth Sciences","85","0","Provenance analysis of the Miocene accretionary prism of the Hengchun Peninsula, southern Taiwan, and regional geological significance","10.1016/j.jseaes.2014.01.021","LS13","China","Eastern Asia","Asia","Taiwan Island","Loshui Formation","Hengchun Peninsula","22.0084","120.8823","Neogene","Miocene","23.03","14.18","5.33","zircon","LA_ICP_MS","Guangzhou","Key Laboratory of Isotope Geochronology and Geochemistry, Guangzhou Institute of Geochemistry, Chinese Academy of Sciences","Agilent 7500a","detrital","siliciclastic","sandstone","72","LS13-24","rim","32","0.340199","0.00501","5.31801","0.142814","0.112867","0.002652","1887.624815","24.096716","1871.761429","22.955866","1845.99","42.595","1845.99","42.595","2.255419","351.111684","52.673253","130.324414","0.150019","LA_ICP_MS","siliciclastic","72","LS13-24",,,,,,,,,,,,,,,,,,,
"Zhang, X et al.","2014","Journal of Asian Earth Sciences","85","0","Provenance analysis of the Miocene accretionary prism of the Hengchun Peninsula, southern Taiwan, and regional geological significance","10.1016/j.jseaes.2014.01.021","LS13","China","Eastern Asia","Asia","Taiwan Island","Loshui Formation","Hengchun Peninsula","22.0084","120.8823","Neogene","Miocene","23.03","14.18","5.33","zircon","LA_ICP_MS","Guangzhou","Key Laboratory of Isotope Geochronology and Geochemistry, Guangzhou Institute of Geochemistry, Chinese Academy of Sciences","Agilent 7500a","detrital","siliciclastic","sandstone","72","LS13-26","rim","32","0.029791","0.000584","0.195955","0.013033","0.047367","0.002904","189.239286","3.653115","181.697845","11.066044","77.87","131.46","189.239286","3.653115","3.985135","391.406663","241.057688","13.633596","0.615875","LA_ICP_MS","siliciclastic","72","LS13-26",,,,,,,,,,,,,,,,,,,
"Zhang, X et al.","2014","Journal of Asian Earth Sciences","85","0","Provenance analysis of the Miocene accretionary prism of the Hengchun Peninsula, southern Taiwan, and regional geological significance","10.1016/j.jseaes.2014.01.021","LS13","China","Eastern Asia","Asia","Taiwan Island","Loshui Formation","Hengchun Peninsula","22.0084","120.8823","Neogene","Miocene","23.03","14.18","5.33","zircon","LA_ICP_MS","Guangzhou","Key Laboratory of Isotope Geochronology and Geochemistry, Guangzhou Institute of Geochemistry, Chinese Academy of Sciences","Agilent 7500a","detrital","siliciclastic","sandstone","72","LS13-27","rim","32","0.132087","0.002235","1.228696","0.064387","0.067263","0.003599","799.760883","12.725741","813.74512","29.342698","855.55","111.105","799.760883","12.725741","1.748552","79.052674","80.937431","13.760641","1.023842","LA_ICP_MS","siliciclastic","72","LS13-27",,,,,,,,,,,,,,,,,,,
"Zhang, X et al.","2014","Journal of Asian Earth Sciences","85","0","Provenance analysis of the Miocene accretionary prism of the Hengchun Peninsula, southern Taiwan, and regional geological significance","10.1016/j.jseaes.2014.01.021","LS13","China","Eastern Asia","Asia","Taiwan Island","Loshui Formation","Hengchun Peninsula","22.0084","120.8823","Neogene","Miocene","23.03","14.18","5.33","zircon","LA_ICP_MS","Guangzhou","Key Laboratory of Isotope Geochronology and Geochemistry, Guangzhou Institute of Geochemistry, Chinese Academy of Sciences","Agilent 7500a","detrital","siliciclastic","sandstone","72","LS13-29","rim","32","0.032915","0.000675","0.23317","0.021572","0.051581","0.004829","208.764015","4.210862","212.812246","17.764125","333.39","221.27","208.764015","4.210862","1.939142","165.654689","103.687908","6.433799","0.625928","LA_ICP_MS","siliciclastic","72","LS13-29",,,,,,,,,,,,,,,,,,,
"Zhang, X et al.","2014","Journal of Asian Earth Sciences","85","0","Provenance analysis of the Miocene accretionary prism of the Hengchun Peninsula, southern Taiwan, and regional geological significance","10.1016/j.jseaes.2014.01.021","LS13","China","Eastern Asia","Asia","Taiwan Island","Loshui Formation","Hengchun Peninsula","22.0084","120.8823","Neogene","Miocene","23.03","14.18","5.33","zircon","LA_ICP_MS","Guangzhou","Key Laboratory of Isotope Geochronology and Geochemistry, Guangzhou Institute of Geochemistry, Chinese Academy of Sciences","Agilent 7500a","detrital","siliciclastic","sandstone","72","LS13-30","rim","32","0.154585","0.002674","1.56377","0.053462","0.072713","0.002515","926.611179","14.928665","955.961653","21.176557","1005.555","37.965","926.611179","14.928665","3.167507","558.51466","42.98309","90.030743","0.07696","LA_ICP_MS","siliciclastic","72","LS13-30",,,,,,,,,,,,,,,,,,,
"Zhang, X et al.","2014","Journal of Asian Earth Sciences","85","0","Provenance analysis of the Miocene accretionary prism of the Hengchun Peninsula, southern Taiwan, and regional geological significance","10.1016/j.jseaes.2014.01.021","LS13","China","Eastern Asia","Asia","Taiwan Island","Loshui Formation","Hengchun Peninsula","22.0084","120.8823","Neogene","Miocene","23.03","14.18","5.33","zircon","LA_ICP_MS","Guangzhou","Key Laboratory of Isotope Geochronology and Geochemistry, Guangzhou Institute of Geochemistry, Chinese Academy of Sciences","Agilent 7500a","detrital","siliciclastic","sandstone","72","LS13-32","rim","32","0.447921","0.007133","10.740182","0.308881","0.172536","0.004835","2386.004543","31.758804","2500.906077","26.720575","2583.335","46.915","2583.335","46.915","7.638593","389.596894","26.064213","195.338966","0.0669","LA_ICP_MS","siliciclastic","72","LS13-32",,,,,,,,,,,,,,,,,,,
"Zhang, X et al.","2014","Journal of Asian Earth Sciences","85","0","Provenance analysis of the Miocene accretionary prism of the Hengchun Peninsula, southern Taiwan, and regional geological significance","10.1016/j.jseaes.2014.01.021","LS13","China","Eastern Asia","Asia","Taiwan Island","Loshui Formation","Hengchun Peninsula","22.0084","120.8823","Neogene","Miocene","23.03","14.18","5.33","zircon","LA_ICP_MS","Guangzhou","Key Laboratory of Isotope Geochronology and Geochemistry, Guangzhou Institute of Geochemistry, Chinese Academy of Sciences","Agilent 7500a","detrital","siliciclastic","sandstone","72","LS13-33","rim","32","0.295557","0.004118","4.86935","0.140915","0.118775","0.003503","1669.240634","20.488997","1796.967986","24.382568","1938.895","53.24","1938.895","53.24","13.907631","350.281272","41.975219","115.138089","0.119833","LA_ICP_MS","siliciclastic","72","LS13-33",,,,,,,,,,,,,,,,,,,
"Zhang, X et al.","2014","Journal of Asian Earth Sciences","85","0","Provenance analysis of the Miocene accretionary prism of the Hengchun Peninsula, southern Taiwan, and regional geological significance","10.1016/j.jseaes.2014.01.021","LS13","China","Eastern Asia","Asia","Taiwan Island","Loshui Formation","Hengchun Peninsula","22.0084","120.8823","Neogene","Miocene","23.03","14.18","5.33","zircon","LA_ICP_MS","Guangzhou","Key Laboratory of Isotope Geochronology and Geochemistry, Guangzhou Institute of Geochemistry, Chinese Academy of Sciences","Agilent 7500a","detrital","siliciclastic","sandstone","72","LS13-35","rim","32","0.039427","0.000945","0.303594","0.021974","0.05713","0.004395","249.278004","5.863624","269.203588","17.117735","498.19","170.3475","249.278004","5.863624","7.993318","212.955621","154.289055","10.482302","0.724513","LA_ICP_MS","siliciclastic","72","LS13-35",,,,,,,,,,,,,,,,,,,
"Zhang, X et al.","2014","Journal of Asian Earth Sciences","85","0","Provenance analysis of the Miocene accretionary prism of the Hengchun Peninsula, southern Taiwan, and regional geological significance","10.1016/j.jseaes.2014.01.021","LS13","China","Eastern Asia","Asia","Taiwan Island","Loshui Formation","Hengchun Peninsula","22.0084","120.8823","Neogene","Miocene","23.03","14.18","5.33","zircon","LA_ICP_MS","Guangzhou","Key Laboratory of Isotope Geochronology and Geochemistry, Guangzhou Institute of Geochemistry, Chinese Academy of Sciences","Agilent 7500a","detrital","siliciclastic","sandstone","72","LS13-36","rim","32","0.323733","0.004742","5.341146","0.164034","0.119229","0.003548","1807.932414","23.091976","1875.472892","26.272068","1946.3","53.86","1946.3","53.86","7.109263","207.10004","117.070887","82.051605","0.565287","LA_ICP_MS","siliciclastic","72","LS13-36",,,,,,,,,,,,,,,,,,,
"Zhang, X et al.","2014","Journal of Asian Earth Sciences","85","0","Provenance analysis of the Miocene accretionary prism of the Hengchun Peninsula, southern Taiwan, and regional geological significance","10.1016/j.jseaes.2014.01.021","LS13","China","Eastern Asia","Asia","Taiwan Island","Loshui Formation","Hengchun Peninsula","22.0084","120.8823","Neogene","Miocene","23.03","14.18","5.33","zircon","LA_ICP_MS","Guangzhou","Key Laboratory of Isotope Geochronology and Geochemistry, Guangzhou Institute of Geochemistry, Chinese Academy of Sciences","Agilent 7500a","detrital","siliciclastic","sandstone","72","LS13-38","rim","32","0.030612","0.000692","0.212661","0.014888","0.051257","0.003684","194.375235","4.327967","195.783379","12.466342","253.77","164.795","194.375235","4.327967","0.724446","317.148378","112.586624","10.712896","0.354997","LA_ICP_MS","siliciclastic","72","LS13-38",,,,,,,,,,,,,,,,,,,
"Zhang, X et al.","2014","Journal of Asian Earth Sciences","85","0","Provenance analysis of the Miocene accretionary prism of the Hengchun Peninsula, southern Taiwan, and regional geological significance","10.1016/j.jseaes.2014.01.021","LS13","China","Eastern Asia","Asia","Taiwan Island","Loshui Formation","Hengchun Peninsula","22.0084","120.8823","Neogene","Miocene","23.03","14.18","5.33","zircon","LA_ICP_MS","Guangzhou","Key Laboratory of Isotope Geochronology and Geochemistry, Guangzhou Institute of Geochemistry, Chinese Academy of Sciences","Agilent 7500a","detrital","siliciclastic","sandstone","72","LS13-39","rim","32","0.312723","0.006406","5.09893","0.199495","0.119239","0.004895","1754.091097","31.45803","1835.927712","33.224789","1946.3","73.455","1946.3","73.455","9.875605","64.029788","56.039894","25.807471","0.875216","LA_ICP_MS","siliciclastic","72","LS13-39",,,,,,,,,,,,,,,,,,,
"Zhang, X et al.","2014","Journal of Asian Earth Sciences","85","0","Provenance analysis of the Miocene accretionary prism of the Hengchun Peninsula, southern Taiwan, and regional geological significance","10.1016/j.jseaes.2014.01.021","LS13","China","Eastern Asia","Asia","Taiwan Island","Loshui Formation","Hengchun Peninsula","22.0084","120.8823","Neogene","Miocene","23.03","14.18","5.33","zircon","LA_ICP_MS","Guangzhou","Key Laboratory of Isotope Geochronology and Geochemistry, Guangzhou Institute of Geochemistry, Chinese Academy of Sciences","Agilent 7500a","detrital","siliciclastic","sandstone","72","LS13-40","rim","32","0.034601","0.000565","0.26883","0.015403","0.05678","0.003333","219.27934","3.521497","241.757826","12.327011","483.375","131.465","219.27934","3.521497","10.251073","294.248433","161.804894","12.07304","0.549892","LA_ICP_MS","siliciclastic","72","LS13-40",,,,,,,,,,,,,,,,,,,
"Zhang, X et al.","2014","Journal of Asian Earth Sciences","85","0","Provenance analysis of the Miocene accretionary prism of the Hengchun Peninsula, southern Taiwan, and regional geological significance","10.1016/j.jseaes.2014.01.021","LS13","China","Eastern Asia","Asia","Taiwan Island","Loshui Formation","Hengchun Peninsula","22.0084","120.8823","Neogene","Miocene","23.03","14.18","5.33","zircon","LA_ICP_MS","Guangzhou","Key Laboratory of Isotope Geochronology and Geochemistry, Guangzhou Institute of Geochemistry, Chinese Academy of Sciences","Agilent 7500a","detrital","siliciclastic","sandstone","72","LS13-41","rim","32","0.034697","0.000652","0.258303","0.012693","0.053882","0.002759","219.878229","4.062164","233.298725","10.242843","364.87","110.175","219.878229","4.062164","6.103604","524.068541","58.215872","19.246672","0.111084","LA_ICP_MS","siliciclastic","72","LS13-41",,,,,,,,,,,,,,,,,,,
"Zhang, X et al.","2014","Journal of Asian Earth Sciences","85","0","Provenance analysis of the Miocene accretionary prism of the Hengchun Peninsula, southern Taiwan, and regional geological significance","10.1016/j.jseaes.2014.01.021","LS13","China","Eastern Asia","Asia","Taiwan Island","Loshui Formation","Hengchun Peninsula","22.0084","120.8823","Neogene","Miocene","23.03","14.18","5.33","zircon","LA_ICP_MS","Guangzhou","Key Laboratory of Isotope Geochronology and Geochemistry, Guangzhou Institute of Geochemistry, Chinese Academy of Sciences","Agilent 7500a","detrital","siliciclastic","sandstone","72","LS13-45","rim","32","0.453629","0.008352","10.677951","0.484409","0.166483","0.008119","2411.364776","37.041091","2495.509533","42.142947","2524.07","82.1","2524.07","82.1","4.465218","325.906076","145.294592","190.657724","0.445817","LA_ICP_MS","siliciclastic","72","LS13-45",,,,,,,,,,,,,,,,,,,
"Zhang, X et al.","2014","Journal of Asian Earth Sciences","85","0","Provenance analysis of the Miocene accretionary prism of the Hengchun Peninsula, southern Taiwan, and regional geological significance","10.1016/j.jseaes.2014.01.021","LS13","China","Eastern Asia","Asia","Taiwan Island","Loshui Formation","Hengchun Peninsula","22.0084","120.8823","Neogene","Miocene","23.03","14.18","5.33","zircon","LA_ICP_MS","Guangzhou","Key Laboratory of Isotope Geochronology and Geochemistry, Guangzhou Institute of Geochemistry, Chinese Academy of Sciences","Agilent 7500a","detrital","siliciclastic","sandstone","72","LS13-47","rim","32","0.024956","0.000808","0.177095","0.018937","0.052259","0.005795","158.903921","5.079156","165.557391","16.337205","298.21","255.525","158.903921","5.079156","4.187103","178.82764","229.806013","6.437848","1.28507","LA_ICP_MS","siliciclastic","72","LS13-47",,,,,,,,,,,,,,,,,,,
"Zhang, X et al.","2014","Journal of Asian Earth Sciences","85","0","Provenance analysis of the Miocene accretionary prism of the Hengchun Peninsula, southern Taiwan, and regional geological significance","10.1016/j.jseaes.2014.01.021","LS13","China","Eastern Asia","Asia","Taiwan Island","Loshui Formation","Hengchun Peninsula","22.0084","120.8823","Neogene","Miocene","23.03","14.18","5.33","zircon","LA_ICP_MS","Guangzhou","Key Laboratory of Isotope Geochronology and Geochemistry, Guangzhou Institute of Geochemistry, Chinese Academy of Sciences","Agilent 7500a","detrital","siliciclastic","sandstone","72","LS13-48","rim","32","0.017042","0.000408","0.108551","0.011117","0.046655","0.005369","108.931092","2.585984","104.63862","10.182923","31.58","255.52","108.931092","2.585984","3.940539","323.338197","250.260362","7.101381","0.773989","LA_ICP_MS","siliciclastic","72","LS13-48",,,,,,,,,,,,,,,,,,,
"Zhang, X et al.","2014","Journal of Asian Earth Sciences","85","0","Provenance analysis of the Miocene accretionary prism of the Hengchun Peninsula, southern Taiwan, and regional geological significance","10.1016/j.jseaes.2014.01.021","LS13","China","Eastern Asia","Asia","Taiwan Island","Loshui Formation","Hengchun Peninsula","22.0084","120.8823","Neogene","Miocene","23.03","14.18","5.33","zircon","LA_ICP_MS","Guangzhou","Key Laboratory of Isotope Geochronology and Geochemistry, Guangzhou Institute of Geochemistry, Chinese Academy of Sciences","Agilent 7500a","detrital","siliciclastic","sandstone","72","LS13-49","rim","32","0.301091","0.005255","4.478659","0.165416","0.105296","0.004023","1696.718637","26.039017","1727.024699","30.666618","1720.37","70.0675","1720.37","70.0675","1.374784","395.68989","158.441969","141.145921","0.40042","LA_ICP_MS","siliciclastic","72","LS13-49",,,,,,,,,,,,,,,,,,,
"Zhang, X et al.","2014","Journal of Asian Earth Sciences","85","0","Provenance analysis of the Miocene accretionary prism of the Hengchun Peninsula, southern Taiwan, and regional geological significance","10.1016/j.jseaes.2014.01.021","LS13","China","Eastern Asia","Asia","Taiwan Island","Loshui Formation","Hengchun Peninsula","22.0084","120.8823","Neogene","Miocene","23.03","14.18","5.33","zircon","LA_ICP_MS","Guangzhou","Key Laboratory of Isotope Geochronology and Geochemistry, Guangzhou Institute of Geochemistry, Chinese Academy of Sciences","Agilent 7500a","detrital","siliciclastic","sandstone","72","LS13-50","rim","32","0.341609","0.006821","5.306256","0.233497","0.109894","0.004837","1894.405482","32.777037","1869.870627","37.613007","1798.15","79.4775","1798.15","79.4775","5.353028","151.719695","153.640612","69.202299","1.012661","LA_ICP_MS","siliciclastic","72","LS13-50",,,,,,,,,,,,,,,,,,,
"Zhang, X et al.","2014","Journal of Asian Earth Sciences","85","0","Provenance analysis of the Miocene accretionary prism of the Hengchun Peninsula, southern Taiwan, and regional geological significance","10.1016/j.jseaes.2014.01.021","LS13","China","Eastern Asia","Asia","Taiwan Island","Loshui Formation","Hengchun Peninsula","22.0084","120.8823","Neogene","Miocene","23.03","14.18","5.33","zircon","LA_ICP_MS","Guangzhou","Key Laboratory of Isotope Geochronology and Geochemistry, Guangzhou Institute of Geochemistry, Chinese Academy of Sciences","Agilent 7500a","detrital","siliciclastic","sandstone","72","LS13-53","rim","32","0.378518","0.007246","6.964344","0.28136","0.131087","0.005302","2069.356699","33.885857","2106.894073","35.885805","2112.65","71.7625","2112.65","71.7625","2.049242","231.330164","127.80121","107.53861","0.552462","LA_ICP_MS","siliciclastic","72","LS13-53",,,,,,,,,,,,,,,,,,,
"Zhang, X et al.","2014","Journal of Asian Earth Sciences","85","0","Provenance analysis of the Miocene accretionary prism of the Hengchun Peninsula, southern Taiwan, and regional geological significance","10.1016/j.jseaes.2014.01.021","LS13","China","Eastern Asia","Asia","Taiwan Island","Loshui Formation","Hengchun Peninsula","22.0084","120.8823","Neogene","Miocene","23.03","14.18","5.33","zircon","LA_ICP_MS","Guangzhou","Key Laboratory of Isotope Geochronology and Geochemistry, Guangzhou Institute of Geochemistry, Chinese Academy of Sciences","Agilent 7500a","detrital","siliciclastic","sandstone","72","LS13-55","rim","32","0.462571","0.011141","10.331897","0.519417","0.159584","0.007866","2450.899301","49.105254","2464.965716","46.574423","2451.54","83.6375","2451.54","83.6375","0.026135","169.661764","119.839735","99.114451","0.706345","LA_ICP_MS","siliciclastic","72","LS13-55",,,,,,,,,,,,,,,,,,,
"Zhang, X et al.","2014","Journal of Asian Earth Sciences","85","0","Provenance analysis of the Miocene accretionary prism of the Hengchun Peninsula, southern Taiwan, and regional geological significance","10.1016/j.jseaes.2014.01.021","LS13","China","Eastern Asia","Asia","Taiwan Island","Loshui Formation","Hengchun Peninsula","22.0084","120.8823","Neogene","Miocene","23.03","14.18","5.33","zircon","LA_ICP_MS","Guangzhou","Key Laboratory of Isotope Geochronology and Geochemistry, Guangzhou Institute of Geochemistry, Chinese Academy of Sciences","Agilent 7500a","detrital","siliciclastic","sandstone","72","LS13-56","rim","32","0.032627","0.000633","0.236034","0.013291","0.051834","0.002943","206.967583","3.949972","215.167943","10.918772","279.69","162.015","206.967583","3.949972","3.962147","993.527861","546.710922","38.276723","0.550272","LA_ICP_MS","siliciclastic","72","LS13-56",,,,,,,,,,,,,,,,,,,
"Zhang, X et al.","2014","Journal of Asian Earth Sciences","85","0","Provenance analysis of the Miocene accretionary prism of the Hengchun Peninsula, southern Taiwan, and regional geological significance","10.1016/j.jseaes.2014.01.021","LS13","China","Eastern Asia","Asia","Taiwan Island","Loshui Formation","Hengchun Peninsula","22.0084","120.8823","Neogene","Miocene","23.03","14.18","5.33","zircon","LA_ICP_MS","Guangzhou","Key Laboratory of Isotope Geochronology and Geochemistry, Guangzhou Institute of Geochemistry, Chinese Academy of Sciences","Agilent 7500a","detrital","siliciclastic","sandstone","72","LS13-58","rim","32","0.039168","0.000735","0.291418","0.01514","0.053144","0.002706","247.672788","4.558946","259.674939","11.904151","344.5","119.43","247.672788","4.558946","4.845971","983.404075","476.968142","44.724049","0.485017","LA_ICP_MS","siliciclastic","72","LS13-58",,,,,,,,,,,,,,,,,,,
"Zhang, X et al.","2014","Journal of Asian Earth Sciences","85","0","Provenance analysis of the Miocene accretionary prism of the Hengchun Peninsula, southern Taiwan, and regional geological significance","10.1016/j.jseaes.2014.01.021","LS13","China","Eastern Asia","Asia","Taiwan Island","Loshui Formation","Hengchun Peninsula","22.0084","120.8823","Neogene","Miocene","23.03","14.18","5.33","zircon","LA_ICP_MS","Guangzhou","Key Laboratory of Isotope Geochronology and Geochemistry, Guangzhou Institute of Geochemistry, Chinese Academy of Sciences","Agilent 7500a","detrital","siliciclastic","sandstone","72","LS13-59","rim","32","0.331074","0.005577","5.149265","0.214378","0.111352","0.004492","1843.582797","27.009928","1844.273364","35.412953","1821.91","73.9225","1821.91","73.9225","1.189565","361.237496","88.946681","131.301052","0.246228","LA_ICP_MS","siliciclastic","72","LS13-59",,,,,,,,,,,,,,,,,,,
"Zhang, X et al.","2014","Journal of Asian Earth Sciences","85","0","Provenance analysis of the Miocene accretionary prism of the Hengchun Peninsula, southern Taiwan, and regional geological significance","10.1016/j.jseaes.2014.01.021","LS13","China","Eastern Asia","Asia","Taiwan Island","Loshui Formation","Hengchun Peninsula","22.0084","120.8823","Neogene","Miocene","23.03","14.18","5.33","zircon","LA_ICP_MS","Guangzhou","Key Laboratory of Isotope Geochronology and Geochemistry, Guangzhou Institute of Geochemistry, Chinese Academy of Sciences","Agilent 7500a","detrital","siliciclastic","sandstone","72","LS13-60","rim","32","0.44441","0.009089","9.909185","0.492318","0.159077","0.007447","2370.353981","40.562715","2426.364506","45.854129","2445.98","79.78","2445.98","79.78","3.091849","258.539928","245.36889","154.704348","0.949056","LA_ICP_MS","siliciclastic","72","LS13-60",,,,,,,,,,,,,,,,,,,
"Zhang, X et al.","2014","Journal of Asian Earth Sciences","85","0","Provenance analysis of the Miocene accretionary prism of the Hengchun Peninsula, southern Taiwan, and regional geological significance","10.1016/j.jseaes.2014.01.021","LS13","China","Eastern Asia","Asia","Taiwan Island","Loshui Formation","Hengchun Peninsula","22.0084","120.8823","Neogene","Miocene","23.03","14.18","5.33","zircon","LA_ICP_MS","Guangzhou","Key Laboratory of Isotope Geochronology and Geochemistry, Guangzhou Institute of Geochemistry, Chinese Academy of Sciences","Agilent 7500a","detrital","siliciclastic","sandstone","72","LS13-61","rim","32","0.030098","0.0009","0.191098","0.019146","0.047024","0.004935","191.163309","5.634495","177.565785","16.322871","50.095","233.3","191.163309","5.634495","7.113041","228.70234","21.326592","7.022513","0.09325","LA_ICP_MS","siliciclastic","72","LS13-61",,,,,,,,,,,,,,,,,,,
"Zhang, X et al.","2014","Journal of Asian Earth Sciences","85","0","Provenance analysis of the Miocene accretionary prism of the Hengchun Peninsula, southern Taiwan, and regional geological significance","10.1016/j.jseaes.2014.01.021","LS13","China","Eastern Asia","Asia","Taiwan Island","Loshui Formation","Hengchun Peninsula","22.0084","120.8823","Neogene","Miocene","23.03","14.18","5.33","zircon","LA_ICP_MS","Guangzhou","Key Laboratory of Isotope Geochronology and Geochemistry, Guangzhou Institute of Geochemistry, Chinese Academy of Sciences","Agilent 7500a","detrital","siliciclastic","sandstone","72","LS13-63","rim","32","0.304906","0.007778","4.39124","0.296044","0.103646","0.006967","1715.590234","38.422763","1710.692432","55.812853","1700","124.2275","1700","124.2275","0.917073","31.806143","23.452483","12.238042","0.737357","LA_ICP_MS","siliciclastic","72","LS13-63",,,,,,,,,,,,,,,,,,,
"Zhang, X et al.","2014","Journal of Asian Earth Sciences","85","0","Provenance analysis of the Miocene accretionary prism of the Hengchun Peninsula, southern Taiwan, and regional geological significance","10.1016/j.jseaes.2014.01.021","LS13","China","Eastern Asia","Asia","Taiwan Island","Loshui Formation","Hengchun Peninsula","22.0084","120.8823","Neogene","Miocene","23.03","14.18","5.33","zircon","LA_ICP_MS","Guangzhou","Key Laboratory of Isotope Geochronology and Geochemistry, Guangzhou Institute of Geochemistry, Chinese Academy of Sciences","Agilent 7500a","detrital","siliciclastic","sandstone","72","LS13-64","rim","32","0.027681","0.000924","0.18073","0.019977","0.04878","0.005966","176.018979","5.795485","168.688574","17.180746","200.075","266.635","176.018979","5.795485","4.164554","228.982488","51.943188","6.740899","0.226843","LA_ICP_MS","siliciclastic","72","LS13-64",,,,,,,,,,,,,,,,,,,
"Zhang, X et al.","2014","Journal of Asian Earth Sciences","85","0","Provenance analysis of the Miocene accretionary prism of the Hengchun Peninsula, southern Taiwan, and regional geological significance","10.1016/j.jseaes.2014.01.021","LS13","China","Eastern Asia","Asia","Taiwan Island","Loshui Formation","Hengchun Peninsula","22.0084","120.8823","Neogene","Miocene","23.03","14.18","5.33","zircon","LA_ICP_MS","Guangzhou","Key Laboratory of Isotope Geochronology and Geochemistry, Guangzhou Institute of Geochemistry, Chinese Academy of Sciences","Agilent 7500a","detrital","siliciclastic","sandstone","72","LS13-65","rim","32","0.027714","0.000789","0.192951","0.015705","0.050931","0.004497","176.223762","4.949517","179.14414","13.368194","238.955","203.6775","176.223762","4.949517","1.657199","405.931726","169.006536","12.987133","0.416342","LA_ICP_MS","siliciclastic","72","LS13-65",,,,,,,,,,,,,,,,,,,
"Zhang, X et al.","2014","Journal of Asian Earth Sciences","85","0","Provenance analysis of the Miocene accretionary prism of the Hengchun Peninsula, southern Taiwan, and regional geological significance","10.1016/j.jseaes.2014.01.021","LS13","China","Eastern Asia","Asia","Taiwan Island","Loshui Formation","Hengchun Peninsula","22.0084","120.8823","Neogene","Miocene","23.03","14.18","5.33","zircon","LA_ICP_MS","Guangzhou","Key Laboratory of Isotope Geochronology and Geochemistry, Guangzhou Institute of Geochemistry, Chinese Academy of Sciences","Agilent 7500a","detrital","siliciclastic","sandstone","72","LS13-67","rim","32","0.310426","0.005761","4.744325","0.221869","0.107874","0.005157","1742.802401","28.34013","1775.105266","39.237741","1764.81","88.1225","1764.81","88.1225","1.247024","263.441816","55.091034","92.644439","0.20912","LA_ICP_MS","siliciclastic","72","LS13-67",,,,,,,,,,,,,,,,,,,
"Zhang, X et al.","2014","Journal of Asian Earth Sciences","85","0","Provenance analysis of the Miocene accretionary prism of the Hengchun Peninsula, southern Taiwan, and regional geological significance","10.1016/j.jseaes.2014.01.021","LS13","China","Eastern Asia","Asia","Taiwan Island","Loshui Formation","Hengchun Peninsula","22.0084","120.8823","Neogene","Miocene","23.03","14.18","5.33","zircon","LA_ICP_MS","Guangzhou","Key Laboratory of Isotope Geochronology and Geochemistry, Guangzhou Institute of Geochemistry, Chinese Academy of Sciences","Agilent 7500a","detrital","siliciclastic","sandstone","72","LS13-68","rim","32","0.426984","0.009155","8.704909","0.362579","0.143223","0.005611","2292.108212","41.356417","2307.591837","37.952712","2266.36","67.1325","2266.36","67.1325","1.136104","298.735875","198.5518","163.932445","0.66464","LA_ICP_MS","siliciclastic","72","LS13-68",,,,,,,,,,,,,,,,,,,
"Zhang, X et al.","2014","Journal of Asian Earth Sciences","85","0","Provenance analysis of the Miocene accretionary prism of the Hengchun Peninsula, southern Taiwan, and regional geological significance","10.1016/j.jseaes.2014.01.021","LS13","China","Eastern Asia","Asia","Taiwan Island","Loshui Formation","Hengchun Peninsula","22.0084","120.8823","Neogene","Miocene","23.03","14.18","5.33","zircon","LA_ICP_MS","Guangzhou","Key Laboratory of Isotope Geochronology and Geochemistry, Guangzhou Institute of Geochemistry, Chinese Academy of Sciences","Agilent 7500a","detrital","siliciclastic","sandstone","72","LS13-69","rim","32","0.028756","0.000871","0.186543","0.015801","0.046988","0.004203","182.760043","5.455582","173.675099","13.522098","55.65","194.415","182.760043","5.455582","4.970968","250.822666","186.868354","8.967923","0.745022","LA_ICP_MS","siliciclastic","72","LS13-69",,,,,,,,,,,,,,,,,,,
"Zhang, X et al.","2014","Journal of Asian Earth Sciences","85","0","Provenance analysis of the Miocene accretionary prism of the Hengchun Peninsula, southern Taiwan, and regional geological significance","10.1016/j.jseaes.2014.01.021","LS13","China","Eastern Asia","Asia","Taiwan Island","Loshui Formation","Hengchun Peninsula","22.0084","120.8823","Neogene","Miocene","23.03","14.18","5.33","zircon","LA_ICP_MS","Guangzhou","Key Laboratory of Isotope Geochronology and Geochemistry, Guangzhou Institute of Geochemistry, Chinese Academy of Sciences","Agilent 7500a","detrital","siliciclastic","sandstone","72","LS13-71","rim","32","0.343219","0.006918","4.928872","0.230492","0.104162","0.005058","1902.136286","33.199253","1807.213278","39.494113","1699.69","89.97","1699.69","89.97","11.910777","50.348681","46.055828","21.840871","0.914738","LA_ICP_MS","siliciclastic","72","LS13-71",,,,,,,,,,,,,,,,,,,
"Zhang, X et al.","2014","Journal of Asian Earth Sciences","85","0","Provenance analysis of the Miocene accretionary prism of the Hengchun Peninsula, southern Taiwan, and regional geological significance","10.1016/j.jseaes.2014.01.021","LS13","China","Eastern Asia","Asia","Taiwan Island","Loshui Formation","Hengchun Peninsula","22.0084","120.8823","Neogene","Miocene","23.03","14.18","5.33","zircon","LA_ICP_MS","Guangzhou","Key Laboratory of Isotope Geochronology and Geochemistry, Guangzhou Institute of Geochemistry, Chinese Academy of Sciences","Agilent 7500a","detrital","siliciclastic","sandstone","72","LS13-72","rim","32","0.025942","0.000469","0.191985","0.011118","0.053078","0.003039","165.100548","2.945393","178.321619","9.47119","331.54","129.61","165.100548","2.945393","8.00789","840.159377","557.498472","25.76754","0.663563","LA_ICP_MS","siliciclastic","72","LS13-72",,,,,,,,,,,,,,,,,,,
"Zhang, X et al.","2014","Journal of Asian Earth Sciences","85","0","Provenance analysis of the Miocene accretionary prism of the Hengchun Peninsula, southern Taiwan, and regional geological significance","10.1016/j.jseaes.2014.01.021","LS13","China","Eastern Asia","Asia","Taiwan Island","Loshui Formation","Hengchun Peninsula","22.0084","120.8823","Neogene","Miocene","23.03","14.18","5.33","zircon","LA_ICP_MS","Guangzhou","Key Laboratory of Isotope Geochronology and Geochemistry, Guangzhou Institute of Geochemistry, Chinese Academy of Sciences","Agilent 7500a","detrital","siliciclastic","sandstone","72","LS13-73","rim","32","0.029239","0.00085","0.184777","0.013867","0.045948","0.003418","185.78526","5.323003","172.163064","11.884894",,,"185.78526","5.323003","7.332226","341.8905","125.05536","10.796593","0.365776","LA_ICP_MS","siliciclastic","72","LS13-73",,,,,,,,,,,,,,,,,,,
"Zhang, X et al.","2014","Journal of Asian Earth Sciences","85","0","Provenance analysis of the Miocene accretionary prism of the Hengchun Peninsula, southern Taiwan, and regional geological significance","10.1016/j.jseaes.2014.01.021","LS13","China","Eastern Asia","Asia","Taiwan Island","Loshui Formation","Hengchun Peninsula","22.0084","120.8823","Neogene","Miocene","23.03","14.18","5.33","zircon","LA_ICP_MS","Guangzhou","Key Laboratory of Isotope Geochronology and Geochemistry, Guangzhou Institute of Geochemistry, Chinese Academy of Sciences","Agilent 7500a","detrital","siliciclastic","sandstone","72","LS13-74","rim","32","0.125161","0.002929","1.043344","0.049629","0.05945","0.002716","760.202325","16.778677","725.579985","24.666449","583.36","99.985","760.202325","16.778677","4.554359","347.214158","316.634073","53.421682","0.911927","LA_ICP_MS","siliciclastic","72","LS13-74",,,,,,,,,,,,,,,,,,,
"Zhang, X et al.","2014","Journal of Asian Earth Sciences","85","0","Provenance analysis of the Miocene accretionary prism of the Hengchun Peninsula, southern Taiwan, and regional geological significance","10.1016/j.jseaes.2014.01.021","LS13","China","Eastern Asia","Asia","Taiwan Island","Loshui Formation","Hengchun Peninsula","22.0084","120.8823","Neogene","Miocene","23.03","14.18","5.33","zircon","LA_ICP_MS","Guangzhou","Key Laboratory of Isotope Geochronology and Geochemistry, Guangzhou Institute of Geochemistry, Chinese Academy of Sciences","Agilent 7500a","detrital","siliciclastic","sandstone","72","LS13-75","rim","32","0.332613","0.006258","4.779651","0.217249","0.102141","0.004732","1851.034253","30.272166","1781.330505","38.184865","1664.81","85.335","1664.81","85.335","11.185916","204.682936","121.409306","81.385982","0.593158","LA_ICP_MS","siliciclastic","72","LS13-75",,,,,,,,,,,,,,,,,,,
"Zhang, X et al.","2014","Journal of Asian Earth Sciences","85","0","Provenance analysis of the Miocene accretionary prism of the Hengchun Peninsula, southern Taiwan, and regional geological significance","10.1016/j.jseaes.2014.01.021","LS13","China","Eastern Asia","Asia","Taiwan Island","Loshui Formation","Hengchun Peninsula","22.0084","120.8823","Neogene","Miocene","23.03","14.18","5.33","zircon","LA_ICP_MS","Guangzhou","Key Laboratory of Isotope Geochronology and Geochemistry, Guangzhou Institute of Geochemistry, Chinese Academy of Sciences","Agilent 7500a","detrital","siliciclastic","sandstone","72","LS13-77","rim","32","0.333451","0.005704","5.004242","0.197686","0.106074","0.004147","1855.088539","27.57531","1820.039841","33.44299","1733.02","70.835","1733.02","70.835","7.043689","804.534286","50.27603","286.345866","0.062491","LA_ICP_MS","siliciclastic","72","LS13-77",,,,,,,,,,,,,,,,,,,
"Zhang, X et al.","2014","Journal of Asian Earth Sciences","85","0","Provenance analysis of the Miocene accretionary prism of the Hengchun Peninsula, southern Taiwan, and regional geological significance","10.1016/j.jseaes.2014.01.021","LS13","China","Eastern Asia","Asia","Taiwan Island","Loshui Formation","Hengchun Peninsula","22.0084","120.8823","Neogene","Miocene","23.03","14.18","5.33","zircon","LA_ICP_MS","Guangzhou","Key Laboratory of Isotope Geochronology and Geochemistry, Guangzhou Institute of Geochemistry, Chinese Academy of Sciences","Agilent 7500a","detrital","siliciclastic","sandstone","72","LS13-80","rim","32","0.425572","0.007647","8.664056","0.384406","0.14418","0.006565","2285.724711","34.579669","2303.308603","40.410041","2279.63","78.2425","2279.63","78.2425","0.267355","266.084979","158.911543","141.5794","0.597221","LA_ICP_MS","siliciclastic","72","LS13-80",,,,,,,,,,,,,,,,,,,
"Zhang, X et al.","2014","Journal of Asian Earth Sciences","85","0","Provenance analysis of the Miocene accretionary prism of the Hengchun Peninsula, southern Taiwan, and regional geological significance","10.1016/j.jseaes.2014.01.021","LS13","China","Eastern Asia","Asia","Taiwan Island","Loshui Formation","Hengchun Peninsula","22.0084","120.8823","Neogene","Miocene","23.03","14.18","5.33","zircon","LA_ICP_MS","Guangzhou","Key Laboratory of Isotope Geochronology and Geochemistry, Guangzhou Institute of Geochemistry, Chinese Academy of Sciences","Agilent 7500a","detrital","siliciclastic","sandstone","72","LS13-81","rim","32","0.034772","0.00077","0.232852","0.015068","0.048105","0.003214","220.346488","4.793899","212.550501","12.410868","105.645","148.125","220.346488","4.793899","3.538058","289.429962","121.651718","11.446754","0.420315","LA_ICP_MS","siliciclastic","72","LS13-81",,,,,,,,,,,,,,,,,,,
"Zhang, X et al.","2014","Journal of Asian Earth Sciences","85","0","Provenance analysis of the Miocene accretionary prism of the Hengchun Peninsula, southern Taiwan, and regional geological significance","10.1016/j.jseaes.2014.01.021","LS13","China","Eastern Asia","Asia","Taiwan Island","Loshui Formation","Hengchun Peninsula","22.0084","120.8823","Neogene","Miocene","23.03","14.18","5.33","zircon","LA_ICP_MS","Guangzhou","Key Laboratory of Isotope Geochronology and Geochemistry, Guangzhou Institute of Geochemistry, Chinese Academy of Sciences","Agilent 7500a","detrital","siliciclastic","sandstone","72","LS13-82","rim","32","0.026546","0.00054","0.191586","0.01452","0.052225","0.004265","168.896492","3.391159","177.981646","12.373395","294.505","187.0125","168.896492","3.391159","5.379125","312.845362","172.790252","10.088732","0.552318","LA_ICP_MS","siliciclastic","72","LS13-82",,,,,,,,,,,,,,,,,,,
"Zhang, X et al.","2014","Journal of Asian Earth Sciences","85","0","Provenance analysis of the Miocene accretionary prism of the Hengchun Peninsula, southern Taiwan, and regional geological significance","10.1016/j.jseaes.2014.01.021","LS13","China","Eastern Asia","Asia","Taiwan Island","Loshui Formation","Hengchun Peninsula","22.0084","120.8823","Neogene","Miocene","23.03","14.18","5.33","zircon","LA_ICP_MS","Guangzhou","Key Laboratory of Isotope Geochronology and Geochemistry, Guangzhou Institute of Geochemistry, Chinese Academy of Sciences","Agilent 7500a","detrital","siliciclastic","sandstone","72","LS13-83","rim","32","0.237095","0.005335","3.396415","0.154818","0.102355","0.004344","1371.578026","27.798191","1503.568472","35.771082","1677.775","78.2375","1677.775","78.2375","18.250181","337.737034","58.268309","89.420324","0.172526","LA_ICP_MS","siliciclastic","72","LS13-83",,,,,,,,,,,,,,,,,,,
"Zhang, X et al.","2014","Journal of Asian Earth Sciences","85","0","Provenance analysis of the Miocene accretionary prism of the Hengchun Peninsula, southern Taiwan, and regional geological significance","10.1016/j.jseaes.2014.01.021","LS13","China","Eastern Asia","Asia","Taiwan Island","Loshui Formation","Hengchun Peninsula","22.0084","120.8823","Neogene","Miocene","23.03","14.18","5.33","zircon","LA_ICP_MS","Guangzhou","Key Laboratory of Isotope Geochronology and Geochemistry, Guangzhou Institute of Geochemistry, Chinese Academy of Sciences","Agilent 7500a","detrital","siliciclastic","sandstone","72","LS13-84","rim","32","0.322714","0.006215","4.797519","0.226107","0.106506","0.004846","1802.969616","30.291201","1784.464663","39.620664","1740.43","83.335","1740.43","83.335","3.593343","90.253434","67.433436","38.467414","0.747156","LA_ICP_MS","siliciclastic","72","LS13-84",,,,,,,,,,,,,,,,,,,
"Zhang, X et al.","2014","Journal of Asian Earth Sciences","85","0","Provenance analysis of the Miocene accretionary prism of the Hengchun Peninsula, southern Taiwan, and regional geological significance","10.1016/j.jseaes.2014.01.021","LS13","China","Eastern Asia","Asia","Taiwan Island","Loshui Formation","Hengchun Peninsula","22.0084","120.8823","Neogene","Miocene","23.03","14.18","5.33","zircon","LA_ICP_MS","Guangzhou","Key Laboratory of Isotope Geochronology and Geochemistry, Guangzhou Institute of Geochemistry, Chinese Academy of Sciences","Agilent 7500a","detrital","siliciclastic","sandstone","72","LS13-87","rim","32","0.239628","0.006091","3.428476","0.145111","0.1031","0.003925","1384.765093","31.674033","1510.94637","33.283616","1680.555","70.3675","1680.555","70.3675","17.600728","331.812222","79.251479","92.005394","0.238844","LA_ICP_MS","siliciclastic","72","LS13-87",,,,,,,,,,,,,,,,,,,
"Zhang, X et al.","2014","Journal of Asian Earth Sciences","85","0","Provenance analysis of the Miocene accretionary prism of the Hengchun Peninsula, southern Taiwan, and regional geological significance","10.1016/j.jseaes.2014.01.021","LS13","China","Eastern Asia","Asia","Taiwan Island","Loshui Formation","Hengchun Peninsula","22.0084","120.8823","Neogene","Miocene","23.03","14.18","5.33","zircon","LA_ICP_MS","Guangzhou","Key Laboratory of Isotope Geochronology and Geochemistry, Guangzhou Institute of Geochemistry, Chinese Academy of Sciences","Agilent 7500a","detrital","siliciclastic","sandstone","72","LS13-88","rim","32","0.101942","0.001898","0.80175","0.032009","0.056962","0.002413","625.780119","11.10093","597.815285","18.040421","500.04","97.21","625.780119","11.10093","4.468796","308.98307","67.598877","34.484384","0.218779","LA_ICP_MS","siliciclastic","72","LS13-88",,,,,,,,,,,,,,,,,,,
"Zhang, X et al.","2014","Journal of Asian Earth Sciences","85","0","Provenance analysis of the Miocene accretionary prism of the Hengchun Peninsula, southern Taiwan, and regional geological significance","10.1016/j.jseaes.2014.01.021","LS13","China","Eastern Asia","Asia","Taiwan Island","Loshui Formation","Hengchun Peninsula","22.0084","120.8823","Neogene","Miocene","23.03","14.18","5.33","zircon","LA_ICP_MS","Guangzhou","Key Laboratory of Isotope Geochronology and Geochemistry, Guangzhou Institute of Geochemistry, Chinese Academy of Sciences","Agilent 7500a","detrital","siliciclastic","sandstone","72","LS13-89","rim","32","0.033944","0.0006","0.226002","0.010382","0.048079","0.002267","215.188109","3.740905","206.892553","8.598248","101.94","107.39","215.188109","3.740905","3.855026","626.192138","451.62575","26.459232","0.721226","LA_ICP_MS","siliciclastic","72","LS13-89",,,,,,,,,,,,,,,,,,,
"Zhang, X et al.","2014","Journal of Asian Earth Sciences","85","0","Provenance analysis of the Miocene accretionary prism of the Hengchun Peninsula, southern Taiwan, and regional geological significance","10.1016/j.jseaes.2014.01.021","LS13","China","Eastern Asia","Asia","Taiwan Island","Loshui Formation","Hengchun Peninsula","22.0084","120.8823","Neogene","Miocene","23.03","14.18","5.33","zircon","LA_ICP_MS","Guangzhou","Key Laboratory of Isotope Geochronology and Geochemistry, Guangzhou Institute of Geochemistry, Chinese Academy of Sciences","Agilent 7500a","detrital","siliciclastic","sandstone","72","LS13-90","rim","32","0.017838","0.000694","0.131118","0.017886","0.056651","0.007665","113.975681","4.395063","125.102053","16.057092","479.67","303.665","113.975681","4.395063","9.762058","153.918693","79.504814","3.190334","0.516538","LA_ICP_MS","siliciclastic","72","LS13-90",,,,,,,,,,,,,,,,,,,
"Zhang, X et al.","2014","Journal of Asian Earth Sciences","85","0","Provenance analysis of the Miocene accretionary prism of the Hengchun Peninsula, southern Taiwan, and regional geological significance","10.1016/j.jseaes.2014.01.021","LS13","China","Eastern Asia","Asia","Taiwan Island","Loshui Formation","Hengchun Peninsula","22.0084","120.8823","Neogene","Miocene","23.03","14.18","5.33","zircon","LA_ICP_MS","Guangzhou","Key Laboratory of Isotope Geochronology and Geochemistry, Guangzhou Institute of Geochemistry, Chinese Academy of Sciences","Agilent 7500a","detrital","siliciclastic","sandstone","72","LS13-91","rim","32","0.381296","0.00518","8.014888","0.26364","0.149601","0.005131","2082.333494","24.17342","2232.702903","29.703317","2342.6","58.9525","2342.6","58.9525","11.110156","870.266347","161.104624","390.495678","0.185121","LA_ICP_MS","siliciclastic","72","LS13-91",,,,,,,,,,,,,,,,,,,
"Zhang, X et al.","2014","Journal of Asian Earth Sciences","85","0","Provenance analysis of the Miocene accretionary prism of the Hengchun Peninsula, southern Taiwan, and regional geological significance","10.1016/j.jseaes.2014.01.021","LS13","China","Eastern Asia","Asia","Taiwan Island","Loshui Formation","Hengchun Peninsula","22.0084","120.8823","Neogene","Miocene","23.03","14.18","5.33","zircon","LA_ICP_MS","Guangzhou","Key Laboratory of Isotope Geochronology and Geochemistry, Guangzhou Institute of Geochemistry, Chinese Academy of Sciences","Agilent 7500a","detrital","siliciclastic","sandstone","72","LS13-92","rim","32","0.12982","0.002178","1.235448","0.050609","0.06768","0.002944","786.837893","12.428445","816.8166","22.991543","858.94","90.735","786.837893","12.428445","3.810023","302.878045","72.4816","43.43637","0.23931","LA_ICP_MS","siliciclastic","72","LS13-92",,,,,,,,,,,,,,,,,,,
"Zhang, X et al.","2014","Journal of Asian Earth Sciences","85","0","Provenance analysis of the Miocene accretionary prism of the Hengchun Peninsula, southern Taiwan, and regional geological significance","10.1016/j.jseaes.2014.01.021","LS13","China","Eastern Asia","Asia","Taiwan Island","Loshui Formation","Hengchun Peninsula","22.0084","120.8823","Neogene","Miocene","23.03","14.18","5.33","zircon","LA_ICP_MS","Guangzhou","Key Laboratory of Isotope Geochronology and Geochemistry, Guangzhou Institute of Geochemistry, Chinese Academy of Sciences","Agilent 7500a","detrital","siliciclastic","sandstone","72","LS13-95","rim","32","0.025858","0.000643","0.177111","0.014401","0.048737","0.004288","164.573199","4.037477","165.571611","12.42267","200.075","131.465","164.573199","4.037477","0.606668","411.712556","485.378305","14.626272","1.178925","LA_ICP_MS","siliciclastic","72","LS13-95",,,,,,,,,,,,,,,,,,,
"Zhang, X et al.","2014","Journal of Asian Earth Sciences","85","0","Provenance analysis of the Miocene accretionary prism of the Hengchun Peninsula, southern Taiwan, and regional geological significance","10.1016/j.jseaes.2014.01.021","LS13","China","Eastern Asia","Asia","Taiwan Island","Loshui Formation","Hengchun Peninsula","22.0084","120.8823","Neogene","Miocene","23.03","14.18","5.33","zircon","LA_ICP_MS","Guangzhou","Key Laboratory of Isotope Geochronology and Geochemistry, Guangzhou Institute of Geochemistry, Chinese Academy of Sciences","Agilent 7500a","detrital","siliciclastic","sandstone","72","LS13-96","rim","32","0.03734","0.001039","0.282016","0.022352","0.055376","0.005027","236.3213","6.458603","252.255398","17.705137","427.825","203.6775","236.3213","6.458603","6.742557","199.136628","44.420597","8.306968","0.223066","LA_ICP_MS","siliciclastic","72","LS13-96",,,,,,,,,,,,,,,,,,,
"Zhang, X et al.","2014","Journal of Asian Earth Sciences","85","0","Provenance analysis of the Miocene accretionary prism of the Hengchun Peninsula, southern Taiwan, and regional geological significance","10.1016/j.jseaes.2014.01.021","LS13","China","Eastern Asia","Asia","Taiwan Island","Loshui Formation","Hengchun Peninsula","22.0084","120.8823","Neogene","Miocene","23.03","14.18","5.33","zircon","LA_ICP_MS","Guangzhou","Key Laboratory of Isotope Geochronology and Geochemistry, Guangzhou Institute of Geochemistry, Chinese Academy of Sciences","Agilent 7500a","detrital","siliciclastic","sandstone","72","LS13-97","rim","32","0.028145","0.000681","0.18877","0.013241","0.0479","0.003597","178.927814","4.268861","175.579388","11.310389","94.535","170.345","178.927814","4.268861","1.871384","392.557516","85.813379","12.10808","0.218601","LA_ICP_MS","siliciclastic","72","LS13-97",,,,,,,,,,,,,,,,,,,
"Zhang, X et al.","2014","Journal of Asian Earth Sciences","85","0","Provenance analysis of the Miocene accretionary prism of the Hengchun Peninsula, southern Taiwan, and regional geological significance","10.1016/j.jseaes.2014.01.021","LS13","China","Eastern Asia","Asia","Taiwan Island","Loshui Formation","Hengchun Peninsula","22.0084","120.8823","Neogene","Miocene","23.03","14.18","5.33","zircon","LA_ICP_MS","Guangzhou","Key Laboratory of Isotope Geochronology and Geochemistry, Guangzhou Institute of Geochemistry, Chinese Academy of Sciences","Agilent 7500a","detrital","siliciclastic","sandstone","72","LS13-98","rim","32","0.115043","0.002193","1.059841","0.05733","0.066073","0.003903","701.969167","12.680934","733.745","28.267832","809.26","124.0675","701.969167","12.680934","4.526671","137.366613","96.264596","19.916236","0.700786","LA_ICP_MS","siliciclastic","72","LS13-98",,,,,,,,,,,,,,,,,,,
"Zhang, X et al.","2014","Journal of Asian Earth Sciences","85","0","Provenance analysis of the Miocene accretionary prism of the Hengchun Peninsula, southern Taiwan, and regional geological significance","10.1016/j.jseaes.2014.01.021","LS13","China","Eastern Asia","Asia","Taiwan Island","Loshui Formation","Hengchun Peninsula","22.0084","120.8823","Neogene","Miocene","23.03","14.18","5.33","zircon","LA_ICP_MS","Guangzhou","Key Laboratory of Isotope Geochronology and Geochemistry, Guangzhou Institute of Geochemistry, Chinese Academy of Sciences","Agilent 7500a","detrital","siliciclastic","sandstone","72","LS13-99","rim","32","0.295418","0.005337","4.723589","0.174438","0.11447","0.004503","1668.546046","26.559651","1771.433318","30.955496","1872.225","71.7625","1872.225","71.7625","10.878978","276.925473","82.30249","95.548318","0.297201","LA_ICP_MS","siliciclastic","72","LS13-99",,,,,,,,,,,,,,,,,,,
"Zhang, X et al.","2014","Journal of Asian Earth Sciences","85","0","Provenance analysis of the Miocene accretionary prism of the Hengchun Peninsula, southern Taiwan, and regional geological significance","10.1016/j.jseaes.2014.01.021","LS13","China","Eastern Asia","Asia","Taiwan Island","Loshui Formation","Hengchun Peninsula","22.0084","120.8823","Neogene","Miocene","23.03","14.18","5.33","zircon","LA_ICP_MS","Guangzhou","Key Laboratory of Isotope Geochronology and Geochemistry, Guangzhou Institute of Geochemistry, Chinese Academy of Sciences","Agilent 7500a","detrital","siliciclastic","sandstone","72","LS13-101","rim","32","0.31517","0.004761","5.133537","0.181124","0.116145","0.004204","1766.098229","23.338342","1841.672972","29.993012","1898.15","64.97","1898.15","64.97","6.956867","382.202471","146.896571","143.646608","0.384342","LA_ICP_MS","siliciclastic","72","LS13-101",,,,,,,,,,,,,,,,,,,
"Zhang, X et al.","2014","Journal of Asian Earth Sciences","85","0","Provenance analysis of the Miocene accretionary prism of the Hengchun Peninsula, southern Taiwan, and regional geological significance","10.1016/j.jseaes.2014.01.021","LS13","China","Eastern Asia","Asia","Taiwan Island","Loshui Formation","Hengchun Peninsula","22.0084","120.8823","Neogene","Miocene","23.03","14.18","5.33","zircon","LA_ICP_MS","Guangzhou","Key Laboratory of Isotope Geochronology and Geochemistry, Guangzhou Institute of Geochemistry, Chinese Academy of Sciences","Agilent 7500a","detrital","siliciclastic","sandstone","72","LS13-102","rim","32","0.034044","0.000994","0.235613","0.011718","0.049109","0.002124","215.809521","6.193768","214.821909","9.629672","153.79","97.2075","215.809521","6.193768","0.457631","2018.255863","986.726639","73.977466","0.488901","LA_ICP_MS","siliciclastic","72","LS13-102",,,,,,,,,,,,,,,,,,,
"Zhang, X et al.","2014","Journal of Asian Earth Sciences","85","0","Provenance analysis of the Miocene accretionary prism of the Hengchun Peninsula, southern Taiwan, and regional geological significance","10.1016/j.jseaes.2014.01.021","LS13","China","Eastern Asia","Asia","Taiwan Island","Loshui Formation","Hengchun Peninsula","22.0084","120.8823","Neogene","Miocene","23.03","14.18","5.33","zircon","LA_ICP_MS","Guangzhou","Key Laboratory of Isotope Geochronology and Geochemistry, Guangzhou Institute of Geochemistry, Chinese Academy of Sciences","Agilent 7500a","detrital","siliciclastic","sandstone","72","LS13-105","rim","32","0.019875","0.000421","0.130507","0.007387","0.046714","0.002861","126.867663","2.658428","124.553029","6.634484","35.28","140.73","126.867663","2.658428","1.824448","1165.363827","614.424703","27.075712","0.527239","LA_ICP_MS","siliciclastic","72","LS13-105",,,,,,,,,,,,,,,,,,,
"Zhang, X et al.","2014","Journal of Asian Earth Sciences","85","0","Provenance analysis of the Miocene accretionary prism of the Hengchun Peninsula, southern Taiwan, and regional geological significance","10.1016/j.jseaes.2014.01.021","LS13","China","Eastern Asia","Asia","Taiwan Island","Loshui Formation","Hengchun Peninsula","22.0084","120.8823","Neogene","Miocene","23.03","14.18","5.33","zircon","LA_ICP_MS","Guangzhou","Key Laboratory of Isotope Geochronology and Geochemistry, Guangzhou Institute of Geochemistry, Chinese Academy of Sciences","Agilent 7500a","detrital","siliciclastic","sandstone","72","LS13-106","rim","32","0.018974","0.000743","0.138636","0.017613","0.052068","0.006754","121.168855","4.700281","131.827857","15.707349","287.1","274.045","121.168855","4.700281","8.796817","171.409406","140.23395","4.011062","0.818123","LA_ICP_MS","siliciclastic","72","LS13-106",,,,,,,,,,,,,,,,,,,
"Zhang, X et al.","2014","Journal of Asian Earth Sciences","85","0","Provenance analysis of the Miocene accretionary prism of the Hengchun Peninsula, southern Taiwan, and regional geological significance","10.1016/j.jseaes.2014.01.021","LS13","China","Eastern Asia","Asia","Taiwan Island","Loshui Formation","Hengchun Peninsula","22.0084","120.8823","Neogene","Miocene","23.03","14.18","5.33","zircon","LA_ICP_MS","Guangzhou","Key Laboratory of Isotope Geochronology and Geochemistry, Guangzhou Institute of Geochemistry, Chinese Academy of Sciences","Agilent 7500a","detrital","siliciclastic","sandstone","72","LS13-107","rim","32","0.032538","0.000869","0.224647","0.016022","0.049555","0.003907","206.413515","5.426284","205.769774","13.285348","172.305","177.75","206.413515","5.426284","0.31187","306.024496","210.988982","12.172475","0.689451","LA_ICP_MS","siliciclastic","72","LS13-107",,,,,,,,,,,,,,,,,,,
"Zhang, X et al.","2014","Journal of Asian Earth Sciences","85","0","Provenance analysis of the Miocene accretionary prism of the Hengchun Peninsula, southern Taiwan, and regional geological significance","10.1016/j.jseaes.2014.01.021","LS13","China","Eastern Asia","Asia","Taiwan Island","Loshui Formation","Hengchun Peninsula","22.0084","120.8823","Neogene","Miocene","23.03","14.18","5.33","zircon","LA_ICP_MS","Guangzhou","Key Laboratory of Isotope Geochronology and Geochemistry, Guangzhou Institute of Geochemistry, Chinese Academy of Sciences","Agilent 7500a","detrital","siliciclastic","sandstone","72","LS13-108","rim","32","0.431944","0.012438","9.824627","0.542308","0.163229","0.009507","2314.476892","55.996293","2418.463528","50.912768","2500","98.1475","2500","98.1475","7.420924","19.728481","51.351223","15.540123","2.602898","LA_ICP_MS","siliciclastic","72","LS13-108",,,,,,,,,,,,,,,,,,,
"Zhang, X et al.","2014","Journal of Asian Earth Sciences","85","0","Provenance analysis of the Miocene accretionary prism of the Hengchun Peninsula, southern Taiwan, and regional geological significance","10.1016/j.jseaes.2014.01.021","LS14","China","Eastern Asia","Asia","Taiwan Island","Loshui Formation","Hengchun Peninsula","22.0169","120.8852","Neogene","Miocene","23.03","14.18","5.33","zircon","LA_ICP_MS","Guangzhou","Key Laboratory of Isotope Geochronology and Geochemistry, Guangzhou Institute of Geochemistry, Chinese Academy of Sciences","Agilent 7500a","detrital","siliciclastic","sandstone","77","LS14-01","rim","32","0.025939","0.000477","0.176215","0.008956","0.049466","0.00271","165.084367","2.994949","164.798056","7.731323","168.6","132.39","165.084367","2.994949","0.173433","792.729694","358.096254","24.559215","0.451726","LA_ICP_MS","siliciclastic","77","LS14-01",,,,,,,,,,,,,,,,,,,
"Zhang, X et al.","2014","Journal of Asian Earth Sciences","85","0","Provenance analysis of the Miocene accretionary prism of the Hengchun Peninsula, southern Taiwan, and regional geological significance","10.1016/j.jseaes.2014.01.021","LS14","China","Eastern Asia","Asia","Taiwan Island","Loshui Formation","Hengchun Peninsula","22.0169","120.8852","Neogene","Miocene","23.03","14.18","5.33","zircon","LA_ICP_MS","Guangzhou","Key Laboratory of Isotope Geochronology and Geochemistry, Guangzhou Institute of Geochemistry, Chinese Academy of Sciences","Agilent 7500a","detrital","siliciclastic","sandstone","77","LS14-02","rim","32","0.318187","0.004856","4.946197","0.168602","0.111818","0.003814","1780.870504","23.746544","1810.176008","28.798496","1829.32","67.1325","1829.30001","67.15249","2.648498","234.997125","36.38945","86.614052","0.154851","LA_ICP_MS","siliciclastic","77","LS14-02",,,,,,,,,,,,,,,,,,,
"Zhang, X et al.","2014","Journal of Asian Earth Sciences","85","0","Provenance analysis of the Miocene accretionary prism of the Hengchun Peninsula, southern Taiwan, and regional geological significance","10.1016/j.jseaes.2014.01.021","LS14","China","Eastern Asia","Asia","Taiwan Island","Loshui Formation","Hengchun Peninsula","22.0169","120.8852","Neogene","Miocene","23.03","14.18","5.33","zircon","LA_ICP_MS","Guangzhou","Key Laboratory of Isotope Geochronology and Geochemistry, Guangzhou Institute of Geochemistry, Chinese Academy of Sciences","Agilent 7500a","detrital","siliciclastic","sandstone","77","LS14-05","rim","32","0.027138","0.000576","0.186181","0.011229","0.049349","0.002981","172.613468","3.614905","173.365196","9.61222","164.9","140.7225","172.613468","3.614905","0.435498","1042.286761","283.300872","31.861135","0.271807","LA_ICP_MS","siliciclastic","77","LS14-05",,,,,,,,,,,,,,,,,,,
"Zhang, X et al.","2014","Journal of Asian Earth Sciences","85","0","Provenance analysis of the Miocene accretionary prism of the Hengchun Peninsula, southern Taiwan, and regional geological significance","10.1016/j.jseaes.2014.01.021","LS14","China","Eastern Asia","Asia","Taiwan Island","Loshui Formation","Hengchun Peninsula","22.0169","120.8852","Neogene","Miocene","23.03","14.18","5.33","zircon","LA_ICP_MS","Guangzhou","Key Laboratory of Isotope Geochronology and Geochemistry, Guangzhou Institute of Geochemistry, Chinese Academy of Sciences","Agilent 7500a","detrital","siliciclastic","sandstone","77","LS14-06","rim","32","0.411038","0.007201","9.175112","0.446163","0.15988","0.00809","2219.663175","32.900257","2355.632602","44.551563","2454.625","86.2625","2454.625","86.2625","9.572209","140.207969","78.529718","77.474803","0.560095","LA_ICP_MS","siliciclastic","77","LS14-06",,,,,,,,,,,,,,,,,,,
"Zhang, X et al.","2014","Journal of Asian Earth Sciences","85","0","Provenance analysis of the Miocene accretionary prism of the Hengchun Peninsula, southern Taiwan, and regional geological significance","10.1016/j.jseaes.2014.01.021","LS14","China","Eastern Asia","Asia","Taiwan Island","Loshui Formation","Hengchun Peninsula","22.0169","120.8852","Neogene","Miocene","23.03","14.18","5.33","zircon","LA_ICP_MS","Guangzhou","Key Laboratory of Isotope Geochronology and Geochemistry, Guangzhou Institute of Geochemistry, Chinese Academy of Sciences","Agilent 7500a","detrital","siliciclastic","sandstone","77","LS14-07","rim","32","0.021638","0.000381","0.147868","0.008329","0.049102","0.002964","138.002944","2.40378","140.02762","7.367661","153.79","56.5","138.002944","2.40378","1.467125","1368.887004","334.630902","34.265771","0.244455","LA_ICP_MS","siliciclastic","77","LS14-07",,,,,,,,,,,,,,,,,,,
"Zhang, X et al.","2014","Journal of Asian Earth Sciences","85","0","Provenance analysis of the Miocene accretionary prism of the Hengchun Peninsula, southern Taiwan, and regional geological significance","10.1016/j.jseaes.2014.01.021","LS14","China","Eastern Asia","Asia","Taiwan Island","Loshui Formation","Hengchun Peninsula","22.0169","120.8852","Neogene","Miocene","23.03","14.18","5.33","zircon","LA_ICP_MS","Guangzhou","Key Laboratory of Isotope Geochronology and Geochemistry, Guangzhou Institute of Geochemistry, Chinese Academy of Sciences","Agilent 7500a","detrital","siliciclastic","sandstone","77","LS14-08","rim","32","0.298378","0.004645","4.540122","0.200547","0.108597","0.005071","1683.259913","23.063083","1738.352493","36.771998","1776.24","85.4925","1776.24","85.4925","5.234658","194.811327","194.958016","82.148854","1.000753","LA_ICP_MS","siliciclastic","77","LS14-08",,,,,,,,,,,,,,,,,,,
"Zhang, X et al.","2014","Journal of Asian Earth Sciences","85","0","Provenance analysis of the Miocene accretionary prism of the Hengchun Peninsula, southern Taiwan, and regional geological significance","10.1016/j.jseaes.2014.01.021","LS14","China","Eastern Asia","Asia","Taiwan Island","Loshui Formation","Hengchun Peninsula","22.0169","120.8852","Neogene","Miocene","23.03","14.18","5.33","zircon","LA_ICP_MS","Guangzhou","Key Laboratory of Isotope Geochronology and Geochemistry, Guangzhou Institute of Geochemistry, Chinese Academy of Sciences","Agilent 7500a","detrital","siliciclastic","sandstone","77","LS14-09","rim","32","0.028006","0.000491","0.184067","0.011954","0.04702","0.003214","178.057201","3.076866","171.553894","10.251619","50.095","155.535","178.057201","3.076866","3.65237","476.296515","137.448236","15.455895","0.288577","LA_ICP_MS","siliciclastic","77","LS14-09",,,,,,,,,,,,,,,,,,,
"Zhang, X et al.","2014","Journal of Asian Earth Sciences","85","0","Provenance analysis of the Miocene accretionary prism of the Hengchun Peninsula, southern Taiwan, and regional geological significance","10.1016/j.jseaes.2014.01.021","LS14","China","Eastern Asia","Asia","Taiwan Island","Loshui Formation","Hengchun Peninsula","22.0169","120.8852","Neogene","Miocene","23.03","14.18","5.33","zircon","LA_ICP_MS","Guangzhou","Key Laboratory of Isotope Geochronology and Geochemistry, Guangzhou Institute of Geochemistry, Chinese Academy of Sciences","Agilent 7500a","detrital","siliciclastic","sandstone","77","LS14-10","rim","32","0.03173","0.000883","0.21052","0.017553","0.048556","0.00437","201.366914","5.520036","193.988659","14.724449","127.865","196.265","201.366914","5.520036","3.664085","290.381243","211.65074","11.637315","0.728872","LA_ICP_MS","siliciclastic","77","LS14-10",,,,,,,,,,,,,,,,,,,
"Zhang, X et al.","2014","Journal of Asian Earth Sciences","85","0","Provenance analysis of the Miocene accretionary prism of the Hengchun Peninsula, southern Taiwan, and regional geological significance","10.1016/j.jseaes.2014.01.021","LS14","China","Eastern Asia","Asia","Taiwan Island","Loshui Formation","Hengchun Peninsula","22.0169","120.8852","Neogene","Miocene","23.03","14.18","5.33","zircon","LA_ICP_MS","Guangzhou","Key Laboratory of Isotope Geochronology and Geochemistry, Guangzhou Institute of Geochemistry, Chinese Academy of Sciences","Agilent 7500a","detrital","siliciclastic","sandstone","77","LS14-13","rim","32","0.020301","0.001894","0.149226","0.04195","0.0641","0.02043","129.557154","11.964622","141.228314","37.081259","746.3","559.255","129.557154","11.964622","9.008503","97.063862","100.030474","2.733184","1.030563","LA_ICP_MS","siliciclastic","77","LS14-13",,,,,,,,,,,,,,,,,,,
"Zhang, X et al.","2014","Journal of Asian Earth Sciences","85","0","Provenance analysis of the Miocene accretionary prism of the Hengchun Peninsula, southern Taiwan, and regional geological significance","10.1016/j.jseaes.2014.01.021","LS14","China","Eastern Asia","Asia","Taiwan Island","Loshui Formation","Hengchun Peninsula","22.0169","120.8852","Neogene","Miocene","23.03","14.18","5.33","zircon","LA_ICP_MS","Guangzhou","Key Laboratory of Isotope Geochronology and Geochemistry, Guangzhou Institute of Geochemistry, Chinese Academy of Sciences","Agilent 7500a","detrital","siliciclastic","sandstone","77","LS14-14","rim","32","0.291899","0.004468","4.729128","0.199208","0.115833","0.004819","1651.01361","22.295565","1772.415482","35.320235","1894.445","74.54","1894.445","74.54","12.849747","894.821213","60.418953","298.546952","0.067521","LA_ICP_MS","siliciclastic","77","LS14-14",,,,,,,,,,,,,,,,,,,
"Zhang, X et al.","2014","Journal of Asian Earth Sciences","85","0","Provenance analysis of the Miocene accretionary prism of the Hengchun Peninsula, southern Taiwan, and regional geological significance","10.1016/j.jseaes.2014.01.021","LS14","China","Eastern Asia","Asia","Taiwan Island","Loshui Formation","Hengchun Peninsula","22.0169","120.8852","Neogene","Miocene","23.03","14.18","5.33","zircon","LA_ICP_MS","Guangzhou","Key Laboratory of Isotope Geochronology and Geochemistry, Guangzhou Institute of Geochemistry, Chinese Academy of Sciences","Agilent 7500a","detrital","siliciclastic","sandstone","77","LS14-15","rim","32","0.034157","0.000853","0.244376","0.017712","0.051651","0.003715","216.513113","5.315027","221.99763","14.453548","333.39","166.645","216.513113","5.315027","2.533111","275.390324","77.875631","10.35981","0.282783","LA_ICP_MS","siliciclastic","77","LS14-15",,,,,,,,,,,,,,,,,,,
"Zhang, X et al.","2014","Journal of Asian Earth Sciences","85","0","Provenance analysis of the Miocene accretionary prism of the Hengchun Peninsula, southern Taiwan, and regional geological significance","10.1016/j.jseaes.2014.01.021","LS14","China","Eastern Asia","Asia","Taiwan Island","Loshui Formation","Hengchun Peninsula","22.0169","120.8852","Neogene","Miocene","23.03","14.18","5.33","zircon","LA_ICP_MS","Guangzhou","Key Laboratory of Isotope Geochronology and Geochemistry, Guangzhou Institute of Geochemistry, Chinese Academy of Sciences","Agilent 7500a","detrital","siliciclastic","sandstone","77","LS14-17","rim","32","0.028064","0.000449","0.190946","0.009652","0.048955","0.00249","178.421077","2.814787","177.436283","8.229226","146.38","120.3525","178.421077","2.814787","0.55195","825.829421","154.748506","25.562035","0.187386","LA_ICP_MS","siliciclastic","77","LS14-17",,,,,,,,,,,,,,,,,,,
"Zhang, X et al.","2014","Journal of Asian Earth Sciences","85","0","Provenance analysis of the Miocene accretionary prism of the Hengchun Peninsula, southern Taiwan, and regional geological significance","10.1016/j.jseaes.2014.01.021","LS14","China","Eastern Asia","Asia","Taiwan Island","Loshui Formation","Hengchun Peninsula","22.0169","120.8852","Neogene","Miocene","23.03","14.18","5.33","zircon","LA_ICP_MS","Guangzhou","Key Laboratory of Isotope Geochronology and Geochemistry, Guangzhou Institute of Geochemistry, Chinese Academy of Sciences","Agilent 7500a","detrital","siliciclastic","sandstone","77","LS14-18","rim","32","0.148609","0.002848","1.363618","0.055252","0.06603","0.002573","893.160455","15.986472","873.425712","23.739945","807.1","81.4775","893.160455","15.986472","2.209541","448.424693","57.820241","72.263918","0.128941","LA_ICP_MS","siliciclastic","77","LS14-18",,,,,,,,,,,,,,,,,,,
"Zhang, X et al.","2014","Journal of Asian Earth Sciences","85","0","Provenance analysis of the Miocene accretionary prism of the Hengchun Peninsula, southern Taiwan, and regional geological significance","10.1016/j.jseaes.2014.01.021","LS14","China","Eastern Asia","Asia","Taiwan Island","Loshui Formation","Hengchun Peninsula","22.0169","120.8852","Neogene","Miocene","23.03","14.18","5.33","zircon","LA_ICP_MS","Guangzhou","Key Laboratory of Isotope Geochronology and Geochemistry, Guangzhou Institute of Geochemistry, Chinese Academy of Sciences","Agilent 7500a","detrital","siliciclastic","sandstone","77","LS14-19","rim","32","0.02433","0.000431","0.154701","0.008349","0.046183","0.002635","154.964376","2.711065","146.054411","7.341699","5.655","133.32","154.964376","2.711065","5.749686","776.399864","405.06893","22.892963","0.521727","LA_ICP_MS","siliciclastic","77","LS14-19",,,,,,,,,,,,,,,,,,,
"Zhang, X et al.","2014","Journal of Asian Earth Sciences","85","0","Provenance analysis of the Miocene accretionary prism of the Hengchun Peninsula, southern Taiwan, and regional geological significance","10.1016/j.jseaes.2014.01.021","LS14","China","Eastern Asia","Asia","Taiwan Island","Loshui Formation","Hengchun Peninsula","22.0169","120.8852","Neogene","Miocene","23.03","14.18","5.33","zircon","LA_ICP_MS","Guangzhou","Key Laboratory of Isotope Geochronology and Geochemistry, Guangzhou Institute of Geochemistry, Chinese Academy of Sciences","Agilent 7500a","detrital","siliciclastic","sandstone","77","LS14-21","rim","32","0.31047","0.006746","4.536313","0.20383","0.106573","0.005198","1743.019966","33.182691","1737.654237","37.400097","1742.59","89.3525","1742.59","89.3525","0.024674","37.834406","39.992169","16.545454","1.057032","LA_ICP_MS","siliciclastic","77","LS14-21",,,,,,,,,,,,,,,,,,,
"Zhang, X et al.","2014","Journal of Asian Earth Sciences","85","0","Provenance analysis of the Miocene accretionary prism of the Hengchun Peninsula, southern Taiwan, and regional geological significance","10.1016/j.jseaes.2014.01.021","LS14","China","Eastern Asia","Asia","Taiwan Island","Loshui Formation","Hengchun Peninsula","22.0169","120.8852","Neogene","Miocene","23.03","14.18","5.33","zircon","LA_ICP_MS","Guangzhou","Key Laboratory of Isotope Geochronology and Geochemistry, Guangzhou Institute of Geochemistry, Chinese Academy of Sciences","Agilent 7500a","detrital","siliciclastic","sandstone","77","LS14-24","rim","32","0.268239","0.00574","3.833086","0.154014","0.102928","0.004087","1531.858345","29.175909","1599.721051","32.367853","1677.47","73.9175","1677.47","73.9175","8.680433","175.242057","48.164513","55.690557","0.274846","LA_ICP_MS","siliciclastic","77","LS14-24",,,,,,,,,,,,,,,,,,,
"Zhang, X et al.","2014","Journal of Asian Earth Sciences","85","0","Provenance analysis of the Miocene accretionary prism of the Hengchun Peninsula, southern Taiwan, and regional geological significance","10.1016/j.jseaes.2014.01.021","LS14","China","Eastern Asia","Asia","Taiwan Island","Loshui Formation","Hengchun Peninsula","22.0169","120.8852","Neogene","Miocene","23.03","14.18","5.33","zircon","LA_ICP_MS","Guangzhou","Key Laboratory of Isotope Geochronology and Geochemistry, Guangzhou Institute of Geochemistry, Chinese Academy of Sciences","Agilent 7500a","detrital","siliciclastic","sandstone","77","LS14-25","rim","32","0.025448","0.000455","0.190781","0.009932","0.053869","0.002873","161.995611","2.862635","177.295327","8.469024","364.87","122.21","161.995611","2.862635","9.444525","829.769589","416.872195","25.472466","0.502395","LA_ICP_MS","siliciclastic","77","LS14-25",,,,,,,,,,,,,,,,,,,
"Zhang, X et al.","2014","Journal of Asian Earth Sciences","85","0","Provenance analysis of the Miocene accretionary prism of the Hengchun Peninsula, southern Taiwan, and regional geological significance","10.1016/j.jseaes.2014.01.021","LS14","China","Eastern Asia","Asia","Taiwan Island","Loshui Formation","Hengchun Peninsula","22.0169","120.8852","Neogene","Miocene","23.03","14.18","5.33","zircon","LA_ICP_MS","Guangzhou","Key Laboratory of Isotope Geochronology and Geochemistry, Guangzhou Institute of Geochemistry, Chinese Academy of Sciences","Agilent 7500a","detrital","siliciclastic","sandstone","77","LS14-28","rim","32","0.035769","0.000991","0.241335","0.020487","0.049491","0.004387","226.555802","6.169417","219.512704","16.759824","172.305","192.565","226.555802","6.169417","3.10877","179.744342","110.027899","7.693121","0.612136","LA_ICP_MS","siliciclastic","77","LS14-28",,,,,,,,,,,,,,,,,,,
"Zhang, X et al.","2014","Journal of Asian Earth Sciences","85","0","Provenance analysis of the Miocene accretionary prism of the Hengchun Peninsula, southern Taiwan, and regional geological significance","10.1016/j.jseaes.2014.01.021","LS14","China","Eastern Asia","Asia","Taiwan Island","Loshui Formation","Hengchun Peninsula","22.0169","120.8852","Neogene","Miocene","23.03","14.18","5.33","zircon","LA_ICP_MS","Guangzhou","Key Laboratory of Isotope Geochronology and Geochemistry, Guangzhou Institute of Geochemistry, Chinese Academy of Sciences","Agilent 7500a","detrital","siliciclastic","sandstone","77","LS14-29","rim","32","0.473922","0.008706","11.676004","0.475892","0.174742","0.007055","2500.737172","38.078066","2578.779278","38.138172","2603.39","67.2875","2603.39","67.2875","3.943045","327.989978","166.874141","195.583165","0.508778","LA_ICP_MS","siliciclastic","77","LS14-29",,,,,,,,,,,,,,,,,,,
"Zhang, X et al.","2014","Journal of Asian Earth Sciences","85","0","Provenance analysis of the Miocene accretionary prism of the Hengchun Peninsula, southern Taiwan, and regional geological significance","10.1016/j.jseaes.2014.01.021","LS14","China","Eastern Asia","Asia","Taiwan Island","Loshui Formation","Hengchun Peninsula","22.0169","120.8852","Neogene","Miocene","23.03","14.18","5.33","zircon","LA_ICP_MS","Guangzhou","Key Laboratory of Isotope Geochronology and Geochemistry, Guangzhou Institute of Geochemistry, Chinese Academy of Sciences","Agilent 7500a","detrital","siliciclastic","sandstone","77","LS14-31","rim","32","0.01694","0.000438","0.118042","0.014053","0.050641","0.005862","108.286724","2.776259","113.295793","12.763052","233.4","238.865","108.286724","2.776259","4.625746","293.991381","362.811535","6.970088","1.234089","LA_ICP_MS","siliciclastic","77","LS14-31",,,,,,,,,,,,,,,,,,,
"Zhang, X et al.","2014","Journal of Asian Earth Sciences","85","0","Provenance analysis of the Miocene accretionary prism of the Hengchun Peninsula, southern Taiwan, and regional geological significance","10.1016/j.jseaes.2014.01.021","LS14","China","Eastern Asia","Asia","Taiwan Island","Loshui Formation","Hengchun Peninsula","22.0169","120.8852","Neogene","Miocene","23.03","14.18","5.33","zircon","LA_ICP_MS","Guangzhou","Key Laboratory of Isotope Geochronology and Geochemistry, Guangzhou Institute of Geochemistry, Chinese Academy of Sciences","Agilent 7500a","detrital","siliciclastic","sandstone","77","LS14-32","rim","32","0.337481","0.005186","5.402662","0.189617","0.113776","0.004104","1874.541918","24.995228","1885.275837","30.079738","1861.115","64.97","1861.115","64.97","0.721445","487.686453","133.083063","186.528342","0.272887","LA_ICP_MS","siliciclastic","77","LS14-32",,,,,,,,,,,,,,,,,,,
"Zhang, X et al.","2014","Journal of Asian Earth Sciences","85","0","Provenance analysis of the Miocene accretionary prism of the Hengchun Peninsula, southern Taiwan, and regional geological significance","10.1016/j.jseaes.2014.01.021","LS14","China","Eastern Asia","Asia","Taiwan Island","Loshui Formation","Hengchun Peninsula","22.0169","120.8852","Neogene","Miocene","23.03","14.18","5.33","zircon","LA_ICP_MS","Guangzhou","Key Laboratory of Isotope Geochronology and Geochemistry, Guangzhou Institute of Geochemistry, Chinese Academy of Sciences","Agilent 7500a","detrital","siliciclastic","sandstone","77","LS14-33","rim","32","0.322727","0.00599","4.915006","0.187659","0.10871","0.004289","1803.034186","29.191392","1804.835725","32.224827","1788.89","72.225","1788.89","72.225","0.790668","83.057926","65.85497","34.03916","0.79288","LA_ICP_MS","siliciclastic","77","LS14-33",,,,,,,,,,,,,,,,,,,
"Zhang, X et al.","2014","Journal of Asian Earth Sciences","85","0","Provenance analysis of the Miocene accretionary prism of the Hengchun Peninsula, southern Taiwan, and regional geological significance","10.1016/j.jseaes.2014.01.021","LS14","China","Eastern Asia","Asia","Taiwan Island","Loshui Formation","Hengchun Peninsula","22.0169","120.8852","Neogene","Miocene","23.03","14.18","5.33","zircon","LA_ICP_MS","Guangzhou","Key Laboratory of Isotope Geochronology and Geochemistry, Guangzhou Institute of Geochemistry, Chinese Academy of Sciences","Agilent 7500a","detrital","siliciclastic","sandstone","77","LS14-34","rim","32","0.133117","0.004299","1.203065","0.109532","0.06563","0.005988","805.621727","24.45591","801.999882","50.524425","794.445","192.58","805.621727","24.45591","0.449571","38.354315","50.095394","7.12187","1.306121","LA_ICP_MS","siliciclastic","77","LS14-34",,,,,,,,,,,,,,,,,,,
"Zhang, X et al.","2014","Journal of Asian Earth Sciences","85","0","Provenance analysis of the Miocene accretionary prism of the Hengchun Peninsula, southern Taiwan, and regional geological significance","10.1016/j.jseaes.2014.01.021","LS14","China","Eastern Asia","Asia","Taiwan Island","Loshui Formation","Hengchun Peninsula","22.0169","120.8852","Neogene","Miocene","23.03","14.18","5.33","zircon","LA_ICP_MS","Guangzhou","Key Laboratory of Isotope Geochronology and Geochemistry, Guangzhou Institute of Geochemistry, Chinese Academy of Sciences","Agilent 7500a","detrital","siliciclastic","sandstone","77","LS14-35","rim","32","0.3362","0.006144","5.214073","0.200464","0.110803","0.004354","1868.360336","29.642249","1854.918627","32.76727","1812.96","72.0725","1812.96","72.0725","3.055795","272.943985","47.64602","101.781198","0.174563","LA_ICP_MS","siliciclastic","77","LS14-35",,,,,,,,,,,,,,,,,,,
"Zhang, X et al.","2014","Journal of Asian Earth Sciences","85","0","Provenance analysis of the Miocene accretionary prism of the Hengchun Peninsula, southern Taiwan, and regional geological significance","10.1016/j.jseaes.2014.01.021","LS14","China","Eastern Asia","Asia","Taiwan Island","Loshui Formation","Hengchun Peninsula","22.0169","120.8852","Neogene","Miocene","23.03","14.18","5.33","zircon","LA_ICP_MS","Guangzhou","Key Laboratory of Isotope Geochronology and Geochemistry, Guangzhou Institute of Geochemistry, Chinese Academy of Sciences","Agilent 7500a","detrital","siliciclastic","sandstone","77","LS14-37","rim","32","0.473022","0.00966","10.292598","0.397121","0.156134","0.006133","2496.799752","42.276374","2461.438225","35.722187","2414.5","66.6625","2414.5","66.6625","3.408563","45.48398","56.300003","30.692409","1.237799","LA_ICP_MS","siliciclastic","77","LS14-37",,,,,,,,,,,,,,,,,,,
"Zhang, X et al.","2014","Journal of Asian Earth Sciences","85","0","Provenance analysis of the Miocene accretionary prism of the Hengchun Peninsula, southern Taiwan, and regional geological significance","10.1016/j.jseaes.2014.01.021","LS14","China","Eastern Asia","Asia","Taiwan Island","Loshui Formation","Hengchun Peninsula","22.0169","120.8852","Neogene","Miocene","23.03","14.18","5.33","zircon","LA_ICP_MS","Guangzhou","Key Laboratory of Isotope Geochronology and Geochemistry, Guangzhou Institute of Geochemistry, Chinese Academy of Sciences","Agilent 7500a","detrital","siliciclastic","sandstone","77","LS14-38","rim","32","0.016011","0.000526","0.117192","0.011717","0.054839","0.005854","102.397777","3.337912","112.5232","10.649655","405.605","240.7075","102.397777","3.337912","9.888323","228.878984","266.72657","5.311529","1.165361","LA_ICP_MS","siliciclastic","77","LS14-38",,,,,,,,,,,,,,,,,,,
"Zhang, X et al.","2014","Journal of Asian Earth Sciences","85","0","Provenance analysis of the Miocene accretionary prism of the Hengchun Peninsula, southern Taiwan, and regional geological significance","10.1016/j.jseaes.2014.01.021","LS14","China","Eastern Asia","Asia","Taiwan Island","Loshui Formation","Hengchun Peninsula","22.0169","120.8852","Neogene","Miocene","23.03","14.18","5.33","zircon","LA_ICP_MS","Guangzhou","Key Laboratory of Isotope Geochronology and Geochemistry, Guangzhou Institute of Geochemistry, Chinese Academy of Sciences","Agilent 7500a","detrital","siliciclastic","sandstone","77","LS14-39","rim","32","0.302674","0.006266","4.338946","0.205553","0.102458","0.004826","1704.554038","31.008005","1700.795375","39.112297","1668.82","82.56","1668.80001","82.57999","2.141276","56.782225","42.012011","21.917142","0.73988","LA_ICP_MS","siliciclastic","77","LS14-39",,,,,,,,,,,,,,,,,,,
"Zhang, X et al.","2014","Journal of Asian Earth Sciences","85","0","Provenance analysis of the Miocene accretionary prism of the Hengchun Peninsula, southern Taiwan, and regional geological significance","10.1016/j.jseaes.2014.01.021","LS14","China","Eastern Asia","Asia","Taiwan Island","Loshui Formation","Hengchun Peninsula","22.0169","120.8852","Neogene","Miocene","23.03","14.18","5.33","zircon","LA_ICP_MS","Guangzhou","Key Laboratory of Isotope Geochronology and Geochemistry, Guangzhou Institute of Geochemistry, Chinese Academy of Sciences","Agilent 7500a","detrital","siliciclastic","sandstone","77","LS14-51","rim","32","0.103673","0.002784","0.9827","0.062884","0.068385","0.004693","635.897949","16.259293","694.988683","32.214965","879.63","142.5875","635.897949","16.259293","9.292487","99.528335","68.801941","13.159606","0.69128","LA_ICP_MS","siliciclastic","77","LS14-51",,,,,,,,,,,,,,,,,,,
"Zhang, X et al.","2014","Journal of Asian Earth Sciences","85","0","Provenance analysis of the Miocene accretionary prism of the Hengchun Peninsula, southern Taiwan, and regional geological significance","10.1016/j.jseaes.2014.01.021","LS14","China","Eastern Asia","Asia","Taiwan Island","Loshui Formation","Hengchun Peninsula","22.0169","120.8852","Neogene","Miocene","23.03","14.18","5.33","zircon","LA_ICP_MS","Guangzhou","Key Laboratory of Isotope Geochronology and Geochemistry, Guangzhou Institute of Geochemistry, Chinese Academy of Sciences","Agilent 7500a","detrital","siliciclastic","sandstone","77","LS14-52","rim","32","0.028151","0.000676","0.189068","0.012187","0.048454","0.003363","178.963199","4.239021","175.834007","10.407622","120.46","155.53","178.963199","4.239021","1.748511","504.81073","165.479775","16.129599","0.327806","LA_ICP_MS","siliciclastic","77","LS14-52",,,,,,,,,,,,,,,,,,,
"Zhang, X et al.","2014","Journal of Asian Earth Sciences","85","0","Provenance analysis of the Miocene accretionary prism of the Hengchun Peninsula, southern Taiwan, and regional geological significance","10.1016/j.jseaes.2014.01.021","LS14","China","Eastern Asia","Asia","Taiwan Island","Loshui Formation","Hengchun Peninsula","22.0169","120.8852","Neogene","Miocene","23.03","14.18","5.33","zircon","LA_ICP_MS","Guangzhou","Key Laboratory of Isotope Geochronology and Geochemistry, Guangzhou Institute of Geochemistry, Chinese Academy of Sciences","Agilent 7500a","detrital","siliciclastic","sandstone","77","LS14-54","rim","32","0.314488","0.005249","4.744672","0.186727","0.107943","0.004303","1762.756088","25.740091","1775.16665","33.016064","1765.12","68.0575","1765.12","68.0575","0.133924","339.697076","188.280371","131.2194","0.55426","LA_ICP_MS","siliciclastic","77","LS14-54",,,,,,,,,,,,,,,,,,,
"Zhang, X et al.","2014","Journal of Asian Earth Sciences","85","0","Provenance analysis of the Miocene accretionary prism of the Hengchun Peninsula, southern Taiwan, and regional geological significance","10.1016/j.jseaes.2014.01.021","LS14","China","Eastern Asia","Asia","Taiwan Island","Loshui Formation","Hengchun Peninsula","22.0169","120.8852","Neogene","Miocene","23.03","14.18","5.33","zircon","LA_ICP_MS","Guangzhou","Key Laboratory of Isotope Geochronology and Geochemistry, Guangzhou Institute of Geochemistry, Chinese Academy of Sciences","Agilent 7500a","detrital","siliciclastic","sandstone","77","LS14-55","rim","32","0.029748","0.000765","0.195519","0.015974","0.048314","0.004318","188.973525","4.788446","181.327794","13.567697","122.31","199.97","188.973525","4.788446","4.045927","347.029379","122.709808","11.542759","0.353601","LA_ICP_MS","siliciclastic","77","LS14-55",,,,,,,,,,,,,,,,,,,
"Zhang, X et al.","2014","Journal of Asian Earth Sciences","85","0","Provenance analysis of the Miocene accretionary prism of the Hengchun Peninsula, southern Taiwan, and regional geological significance","10.1016/j.jseaes.2014.01.021","LS14","China","Eastern Asia","Asia","Taiwan Island","Loshui Formation","Hengchun Peninsula","22.0169","120.8852","Neogene","Miocene","23.03","14.18","5.33","zircon","LA_ICP_MS","Guangzhou","Key Laboratory of Isotope Geochronology and Geochemistry, Guangzhou Institute of Geochemistry, Chinese Academy of Sciences","Agilent 7500a","detrital","siliciclastic","sandstone","77","LS14-56","rim","32","0.180652","0.003671","1.884051","0.09152","0.074612","0.003527","1070.536822","20.042458","1075.489529","32.232085","1057.41","94.4475","1070.536822","20.042458","0.462638","365.576592","58.592856","72.05112","0.160275","LA_ICP_MS","siliciclastic","77","LS14-56",,,,,,,,,,,,,,,,,,,
"Zhang, X et al.","2014","Journal of Asian Earth Sciences","85","0","Provenance analysis of the Miocene accretionary prism of the Hengchun Peninsula, southern Taiwan, and regional geological significance","10.1016/j.jseaes.2014.01.021","LS14","China","Eastern Asia","Asia","Taiwan Island","Loshui Formation","Hengchun Peninsula","22.0169","120.8852","Neogene","Miocene","23.03","14.18","5.33","zircon","LA_ICP_MS","Guangzhou","Key Laboratory of Isotope Geochronology and Geochemistry, Guangzhou Institute of Geochemistry, Chinese Academy of Sciences","Agilent 7500a","detrital","siliciclastic","sandstone","77","LS14-57","rim","32","0.375523","0.006535","6.15393","0.24079","0.117027","0.004712","2055.336869","30.626399","1997.930438","34.189064","1922.225","72.2225","1922.225","72.2225","6.924885","486.58587","265.015077","224.467765","0.544642","LA_ICP_MS","siliciclastic","77","LS14-57",,,,,,,,,,,,,,,,,,,
"Zhang, X et al.","2014","Journal of Asian Earth Sciences","85","0","Provenance analysis of the Miocene accretionary prism of the Hengchun Peninsula, southern Taiwan, and regional geological significance","10.1016/j.jseaes.2014.01.021","LS14","China","Eastern Asia","Asia","Taiwan Island","Loshui Formation","Hengchun Peninsula","22.0169","120.8852","Neogene","Miocene","23.03","14.18","5.33","zircon","LA_ICP_MS","Guangzhou","Key Laboratory of Isotope Geochronology and Geochemistry, Guangzhou Institute of Geochemistry, Chinese Academy of Sciences","Agilent 7500a","detrital","siliciclastic","sandstone","77","LS14-59","rim","32","0.037166","0.001228","0.271335","0.015679","0.051795","0.00282","235.242078","7.634624","243.760641","12.522695","275.99","125.91","235.242078","7.634624","3.62119","667.37243","59.282999","25.211086","0.08883","LA_ICP_MS","siliciclastic","77","LS14-59",,,,,,,,,,,,,,,,,,,
"Zhang, X et al.","2014","Journal of Asian Earth Sciences","85","0","Provenance analysis of the Miocene accretionary prism of the Hengchun Peninsula, southern Taiwan, and regional geological significance","10.1016/j.jseaes.2014.01.021","LS14","China","Eastern Asia","Asia","Taiwan Island","Loshui Formation","Hengchun Peninsula","22.0169","120.8852","Neogene","Miocene","23.03","14.18","5.33","zircon","LA_ICP_MS","Guangzhou","Key Laboratory of Isotope Geochronology and Geochemistry, Guangzhou Institute of Geochemistry, Chinese Academy of Sciences","Agilent 7500a","detrital","siliciclastic","sandstone","77","LS14-60","rim","32","0.310775","0.005069","4.711793","0.190241","0.106971","0.005108","1744.521703","24.927275","1769.338462","33.831497","1749.995","88.4325","1749.995","88.4325","0.312761","225.354732","86.48962","82.276082","0.383793","LA_ICP_MS","siliciclastic","77","LS14-60",,,,,,,,,,,,,,,,,,,
"Zhang, X et al.","2014","Journal of Asian Earth Sciences","85","0","Provenance analysis of the Miocene accretionary prism of the Hengchun Peninsula, southern Taiwan, and regional geological significance","10.1016/j.jseaes.2014.01.021","LS14","China","Eastern Asia","Asia","Taiwan Island","Loshui Formation","Hengchun Peninsula","22.0169","120.8852","Neogene","Miocene","23.03","14.18","5.33","zircon","LA_ICP_MS","Guangzhou","Key Laboratory of Isotope Geochronology and Geochemistry, Guangzhou Institute of Geochemistry, Chinese Academy of Sciences","Agilent 7500a","detrital","siliciclastic","sandstone","77","LS14-61","rim","32","0.261874","0.004818","3.590979","0.138559","0.09695","0.004154","1499.423357","24.614578","1547.53851","30.654349","1566.36","85.9525","1566.36","85.9525","4.273388","480.092536","98.945946","141.736992","0.206098","LA_ICP_MS","siliciclastic","77","LS14-61",,,,,,,,,,,,,,,,,,,
"Zhang, X et al.","2014","Journal of Asian Earth Sciences","85","0","Provenance analysis of the Miocene accretionary prism of the Hengchun Peninsula, southern Taiwan, and regional geological significance","10.1016/j.jseaes.2014.01.021","LS14","China","Eastern Asia","Asia","Taiwan Island","Loshui Formation","Hengchun Peninsula","22.0169","120.8852","Neogene","Miocene","23.03","14.18","5.33","zircon","LA_ICP_MS","Guangzhou","Key Laboratory of Isotope Geochronology and Geochemistry, Guangzhou Institute of Geochemistry, Chinese Academy of Sciences","Agilent 7500a","detrital","siliciclastic","sandstone","77","LS14-62","rim","32","0.284084","0.012011","4.582266","0.287991","0.112205","0.00492","1611.895349","60.300449","1746.047321","52.430512","1835.5","79.32","1835.5","79.32","12.18222","618.473702","97.2453","175.652762","0.157234","LA_ICP_MS","siliciclastic","77","LS14-62",,,,,,,,,,,,,,,,,,,
"Zhang, X et al.","2014","Journal of Asian Earth Sciences","85","0","Provenance analysis of the Miocene accretionary prism of the Hengchun Peninsula, southern Taiwan, and regional geological significance","10.1016/j.jseaes.2014.01.021","LS14","China","Eastern Asia","Asia","Taiwan Island","Loshui Formation","Hengchun Peninsula","22.0169","120.8852","Neogene","Miocene","23.03","14.18","5.33","zircon","LA_ICP_MS","Guangzhou","Key Laboratory of Isotope Geochronology and Geochemistry, Guangzhou Institute of Geochemistry, Chinese Academy of Sciences","Agilent 7500a","detrital","siliciclastic","sandstone","77","LS14-63","rim","32","0.034407","0.000949","0.239887","0.016042","0.050294","0.003547","218.069973","5.916005","218.328131","13.137733","209.33","164.795","218.069973","5.916005","0.118383","542.880159","81.06822","20.221115","0.14933","LA_ICP_MS","siliciclastic","77","LS14-63",,,,,,,,,,,,,,,,,,,
"Zhang, X et al.","2014","Journal of Asian Earth Sciences","85","0","Provenance analysis of the Miocene accretionary prism of the Hengchun Peninsula, southern Taiwan, and regional geological significance","10.1016/j.jseaes.2014.01.021","LS14","China","Eastern Asia","Asia","Taiwan Island","Loshui Formation","Hengchun Peninsula","22.0169","120.8852","Neogene","Miocene","23.03","14.18","5.33","zircon","LA_ICP_MS","Guangzhou","Key Laboratory of Isotope Geochronology and Geochemistry, Guangzhou Institute of Geochemistry, Chinese Academy of Sciences","Agilent 7500a","detrital","siliciclastic","sandstone","77","LS14-64","rim","32","0.018183","0.000583","0.110782","0.013252","0.043652","0.005341","116.159438","3.692976","106.680388","12.113984",,,"116.159438","3.692976","8.160378","276.737781","194.082152","6.179067","0.701321","LA_ICP_MS","siliciclastic","77","LS14-64",,,,,,,,,,,,,,,,,,,
"Zhang, X et al.","2014","Journal of Asian Earth Sciences","85","0","Provenance analysis of the Miocene accretionary prism of the Hengchun Peninsula, southern Taiwan, and regional geological significance","10.1016/j.jseaes.2014.01.021","LS14","China","Eastern Asia","Asia","Taiwan Island","Loshui Formation","Hengchun Peninsula","22.0169","120.8852","Neogene","Miocene","23.03","14.18","5.33","zircon","LA_ICP_MS","Guangzhou","Key Laboratory of Isotope Geochronology and Geochemistry, Guangzhou Institute of Geochemistry, Chinese Academy of Sciences","Agilent 7500a","detrital","siliciclastic","sandstone","77","LS14-68","rim","32","0.016512","0.000604","0.114714","0.010792","0.05047","0.005384","105.576102","3.828776","110.268734","9.830973","216.74","238.86","105.576102","3.828776","4.444786","460.383863","320.511698","9.427125","0.696184","LA_ICP_MS","siliciclastic","77","LS14-68",,,,,,,,,,,,,,,,,,,
"Zhang, X et al.","2014","Journal of Asian Earth Sciences","85","0","Provenance analysis of the Miocene accretionary prism of the Hengchun Peninsula, southern Taiwan, and regional geological significance","10.1016/j.jseaes.2014.01.021","LS14","China","Eastern Asia","Asia","Taiwan Island","Loshui Formation","Hengchun Peninsula","22.0169","120.8852","Neogene","Miocene","23.03","14.18","5.33","zircon","LA_ICP_MS","Guangzhou","Key Laboratory of Isotope Geochronology and Geochemistry, Guangzhou Institute of Geochemistry, Chinese Academy of Sciences","Agilent 7500a","detrital","siliciclastic","sandstone","77","LS14-71","rim","32","0.018649","0.000353","0.128703","0.005114","0.050075","0.001803","119.114304","2.234736","122.931544","4.600526","198.23","78.69","119.114304","2.234736","3.204686","1492.532898","703.904587","32.554771","0.471617","LA_ICP_MS","siliciclastic","77","LS14-71",,,,,,,,,,,,,,,,,,,
"Zhang, X et al.","2014","Journal of Asian Earth Sciences","85","0","Provenance analysis of the Miocene accretionary prism of the Hengchun Peninsula, southern Taiwan, and regional geological significance","10.1016/j.jseaes.2014.01.021","LS14","China","Eastern Asia","Asia","Taiwan Island","Loshui Formation","Hengchun Peninsula","22.0169","120.8852","Neogene","Miocene","23.03","14.18","5.33","zircon","LA_ICP_MS","Guangzhou","Key Laboratory of Isotope Geochronology and Geochemistry, Guangzhou Institute of Geochemistry, Chinese Academy of Sciences","Agilent 7500a","detrital","siliciclastic","sandstone","77","LS14-72","rim","32","0.028065","0.000474","0.196251","0.008023","0.051255","0.001891","178.428051","2.969109","181.94863","6.810319","253.77","89.8","178.428051","2.969109","1.973108","1414.25469","1253.472731","51.105548","0.886313","LA_ICP_MS","siliciclastic","77","LS14-72",,,,,,,,,,,,,,,,,,,
"Zhang, X et al.","2014","Journal of Asian Earth Sciences","85","0","Provenance analysis of the Miocene accretionary prism of the Hengchun Peninsula, southern Taiwan, and regional geological significance","10.1016/j.jseaes.2014.01.021","LS14","China","Eastern Asia","Asia","Taiwan Island","Loshui Formation","Hengchun Peninsula","22.0169","120.8852","Neogene","Miocene","23.03","14.18","5.33","zircon","LA_ICP_MS","Guangzhou","Key Laboratory of Isotope Geochronology and Geochemistry, Guangzhou Institute of Geochemistry, Chinese Academy of Sciences","Agilent 7500a","detrital","siliciclastic","sandstone","77","LS14-73","rim","32","0.027741","0.000477","0.193381","0.010011","0.051354","0.002292","176.394308","2.990201","179.510168","8.518022","257.47","108.3175","176.394308","2.990201","1.766417","731.806077","139.876899","22.352652","0.191139","LA_ICP_MS","siliciclastic","77","LS14-73",,,,,,,,,,,,,,,,,,,
"Zhang, X et al.","2014","Journal of Asian Earth Sciences","85","0","Provenance analysis of the Miocene accretionary prism of the Hengchun Peninsula, southern Taiwan, and regional geological significance","10.1016/j.jseaes.2014.01.021","LS14","China","Eastern Asia","Asia","Taiwan Island","Loshui Formation","Hengchun Peninsula","22.0169","120.8852","Neogene","Miocene","23.03","14.18","5.33","zircon","LA_ICP_MS","Guangzhou","Key Laboratory of Isotope Geochronology and Geochemistry, Guangzhou Institute of Geochemistry, Chinese Academy of Sciences","Agilent 7500a","detrital","siliciclastic","sandstone","77","LS14-74","rim","32","0.02954","0.000887","0.203799","0.014782","0.05189","0.003365","187.670945","5.551549","188.335789","12.46897","279.69","154.61","187.670945","5.551549","0.35426","271.795863","95.167573","8.768891","0.350144","LA_ICP_MS","siliciclastic","77","LS14-74",,,,,,,,,,,,,,,,,,,
"Zhang, X et al.","2014","Journal of Asian Earth Sciences","85","0","Provenance analysis of the Miocene accretionary prism of the Hengchun Peninsula, southern Taiwan, and regional geological significance","10.1016/j.jseaes.2014.01.021","LS14","China","Eastern Asia","Asia","Taiwan Island","Loshui Formation","Hengchun Peninsula","22.0169","120.8852","Neogene","Miocene","23.03","14.18","5.33","zircon","LA_ICP_MS","Guangzhou","Key Laboratory of Isotope Geochronology and Geochemistry, Guangzhou Institute of Geochemistry, Chinese Academy of Sciences","Agilent 7500a","detrital","siliciclastic","sandstone","77","LS14-77","rim","32","0.024036","0.000423","0.176545","0.010253","0.054508","0.002575","153.111398","2.660393","165.08286","8.848698","390.79","105.545","153.111398","2.660393","7.818792","750.050877","414.49372","22.106193","0.552621","LA_ICP_MS","siliciclastic","77","LS14-77",,,,,,,,,,,,,,,,,,,
"Zhang, X et al.","2014","Journal of Asian Earth Sciences","85","0","Provenance analysis of the Miocene accretionary prism of the Hengchun Peninsula, southern Taiwan, and regional geological significance","10.1016/j.jseaes.2014.01.021","LS14","China","Eastern Asia","Asia","Taiwan Island","Loshui Formation","Hengchun Peninsula","22.0169","120.8852","Neogene","Miocene","23.03","14.18","5.33","zircon","LA_ICP_MS","Guangzhou","Key Laboratory of Isotope Geochronology and Geochemistry, Guangzhou Institute of Geochemistry, Chinese Academy of Sciences","Agilent 7500a","detrital","siliciclastic","sandstone","77","LS14-78","rim","32","0.06274","0.001102","0.503354","0.026127","0.059039","0.00254","392.265859","6.685806","413.970003","17.648278","568.55","94.43","392.265859","6.685806","5.533019","275.557359","27.555296","18.409124","0.099998","LA_ICP_MS","siliciclastic","77","LS14-78",,,,,,,,,,,,,,,,,,,
"Zhang, X et al.","2014","Journal of Asian Earth Sciences","85","0","Provenance analysis of the Miocene accretionary prism of the Hengchun Peninsula, southern Taiwan, and regional geological significance","10.1016/j.jseaes.2014.01.021","LS14","China","Eastern Asia","Asia","Taiwan Island","Loshui Formation","Hengchun Peninsula","22.0169","120.8852","Neogene","Miocene","23.03","14.18","5.33","zircon","LA_ICP_MS","Guangzhou","Key Laboratory of Isotope Geochronology and Geochemistry, Guangzhou Institute of Geochemistry, Chinese Academy of Sciences","Agilent 7500a","detrital","siliciclastic","sandstone","77","LS14-79","rim","32","0.030671","0.000471","0.211334","0.0085","0.050629","0.00191","194.743692","2.944094","194.671794","7.124853","233.4","54.6225","194.743692","2.944094","0.036919","892.0861","397.527587","31.338856","0.445616","LA_ICP_MS","siliciclastic","77","LS14-79",,,,,,,,,,,,,,,,,,,
"Zhang, X et al.","2014","Journal of Asian Earth Sciences","85","0","Provenance analysis of the Miocene accretionary prism of the Hengchun Peninsula, southern Taiwan, and regional geological significance","10.1016/j.jseaes.2014.01.021","LS14","China","Eastern Asia","Asia","Taiwan Island","Loshui Formation","Hengchun Peninsula","22.0169","120.8852","Neogene","Miocene","23.03","14.18","5.33","zircon","LA_ICP_MS","Guangzhou","Key Laboratory of Isotope Geochronology and Geochemistry, Guangzhou Institute of Geochemistry, Chinese Academy of Sciences","Agilent 7500a","detrital","siliciclastic","sandstone","77","LS14-80","rim","32","0.266295","0.005002","3.912441","0.128947","0.106841","0.003015","1521.970507","25.461975","1616.257299","26.659004","1745.98","51.8525","1745.98","51.8525","12.830015","361.033227","227.766591","117.536605","0.630874","LA_ICP_MS","siliciclastic","77","LS14-80",,,,,,,,,,,,,,,,,,,
"Zhang, X et al.","2014","Journal of Asian Earth Sciences","85","0","Provenance analysis of the Miocene accretionary prism of the Hengchun Peninsula, southern Taiwan, and regional geological significance","10.1016/j.jseaes.2014.01.021","LS14","China","Eastern Asia","Asia","Taiwan Island","Loshui Formation","Hengchun Peninsula","22.0169","120.8852","Neogene","Miocene","23.03","14.18","5.33","zircon","LA_ICP_MS","Guangzhou","Key Laboratory of Isotope Geochronology and Geochemistry, Guangzhou Institute of Geochemistry, Chinese Academy of Sciences","Agilent 7500a","detrital","siliciclastic","sandstone","77","LS14-83","rim","32","0.041699","0.000655","0.295062","0.013296","0.050963","0.002345","263.358454","4.054108","262.536298","10.425368","238.955","107.3925","263.358454","4.054108","0.312181","465.949061","258.623989","23.15906","0.555048","LA_ICP_MS","siliciclastic","77","LS14-83",,,,,,,,,,,,,,,,,,,
"Zhang, X et al.","2014","Journal of Asian Earth Sciences","85","0","Provenance analysis of the Miocene accretionary prism of the Hengchun Peninsula, southern Taiwan, and regional geological significance","10.1016/j.jseaes.2014.01.021","LS14","China","Eastern Asia","Asia","Taiwan Island","Loshui Formation","Hengchun Peninsula","22.0169","120.8852","Neogene","Miocene","23.03","14.18","5.33","zircon","LA_ICP_MS","Guangzhou","Key Laboratory of Isotope Geochronology and Geochemistry, Guangzhou Institute of Geochemistry, Chinese Academy of Sciences","Agilent 7500a","detrital","siliciclastic","sandstone","77","LS14-84","rim","32","0.336816","0.004723","5.815374","0.171729","0.123805","0.003851","1871.333048","22.77699","1948.703769","25.590362","2012.96","55.2425","2012.96","55.2425","7.035756","303.310451","129.459578","123.545482","0.426822","LA_ICP_MS","siliciclastic","77","LS14-84",,,,,,,,,,,,,,,,,,,
"Zhang, X et al.","2014","Journal of Asian Earth Sciences","85","0","Provenance analysis of the Miocene accretionary prism of the Hengchun Peninsula, southern Taiwan, and regional geological significance","10.1016/j.jseaes.2014.01.021","LS14","China","Eastern Asia","Asia","Taiwan Island","Loshui Formation","Hengchun Peninsula","22.0169","120.8852","Neogene","Miocene","23.03","14.18","5.33","zircon","LA_ICP_MS","Guangzhou","Key Laboratory of Isotope Geochronology and Geochemistry, Guangzhou Institute of Geochemistry, Chinese Academy of Sciences","Agilent 7500a","detrital","siliciclastic","sandstone","77","LS14-85","rim","32","0.019305","0.000412","0.139872","0.006793","0.052721","0.002869","123.260325","2.608068","132.929423","6.051123","316.725","124.055","123.260325","2.608068","7.844453","665.183762","272.390951","14.506687","0.409497","LA_ICP_MS","siliciclastic","77","LS14-85",,,,,,,,,,,,,,,,,,,
"Zhang, X et al.","2014","Journal of Asian Earth Sciences","85","0","Provenance analysis of the Miocene accretionary prism of the Hengchun Peninsula, southern Taiwan, and regional geological significance","10.1016/j.jseaes.2014.01.021","LS14","China","Eastern Asia","Asia","Taiwan Island","Loshui Formation","Hengchun Peninsula","22.0169","120.8852","Neogene","Miocene","23.03","14.18","5.33","zircon","LA_ICP_MS","Guangzhou","Key Laboratory of Isotope Geochronology and Geochemistry, Guangzhou Institute of Geochemistry, Chinese Academy of Sciences","Agilent 7500a","detrital","siliciclastic","sandstone","77","LS14-88","rim","32","0.277689","0.004812","4.544211","0.137287","0.117378","0.003337","1579.715391","24.27641","1739.101729","25.148235","1916.97","52.005","1916.97","52.005","17.593108","413.367384","51.426533","130.294047","0.124409","LA_ICP_MS","siliciclastic","77","LS14-88",,,,,,,,,,,,,,,,,,,
"Zhang, X et al.","2014","Journal of Asian Earth Sciences","85","0","Provenance analysis of the Miocene accretionary prism of the Hengchun Peninsula, southern Taiwan, and regional geological significance","10.1016/j.jseaes.2014.01.021","LS14","China","Eastern Asia","Asia","Taiwan Island","Loshui Formation","Hengchun Peninsula","22.0169","120.8852","Neogene","Miocene","23.03","14.18","5.33","zircon","LA_ICP_MS","Guangzhou","Key Laboratory of Isotope Geochronology and Geochemistry, Guangzhou Institute of Geochemistry, Chinese Academy of Sciences","Agilent 7500a","detrital","siliciclastic","sandstone","77","LS14-89","rim","32","0.034188","0.00056","0.262491","0.012623","0.055443","0.002728","216.70505","3.48767","236.672345","10.152569","431.53","141.65","216.70505","3.48767","9.214042","412.449172","288.144434","17.523595","0.698618","LA_ICP_MS","siliciclastic","77","LS14-89",,,,,,,,,,,,,,,,,,,
"Zhang, X et al.","2014","Journal of Asian Earth Sciences","85","0","Provenance analysis of the Miocene accretionary prism of the Hengchun Peninsula, southern Taiwan, and regional geological significance","10.1016/j.jseaes.2014.01.021","LS14","China","Eastern Asia","Asia","Taiwan Island","Loshui Formation","Hengchun Peninsula","22.0169","120.8852","Neogene","Miocene","23.03","14.18","5.33","zircon","LA_ICP_MS","Guangzhou","Key Laboratory of Isotope Geochronology and Geochemistry, Guangzhou Institute of Geochemistry, Chinese Academy of Sciences","Agilent 7500a","detrital","siliciclastic","sandstone","77","LS14-91","rim","32","0.016782","0.000365","0.106097","0.005712","0.046347","0.002724","107.286155","2.316139","102.389037","5.243744","16.765","133.32","107.286155","2.316139","4.564538","392.444557","663.763902","10.000899","1.691357","LA_ICP_MS","siliciclastic","77","LS14-91",,,,,,,,,,,,,,,,,,,
"Zhang, X et al.","2014","Journal of Asian Earth Sciences","85","0","Provenance analysis of the Miocene accretionary prism of the Hengchun Peninsula, southern Taiwan, and regional geological significance","10.1016/j.jseaes.2014.01.021","LS14","China","Eastern Asia","Asia","Taiwan Island","Loshui Formation","Hengchun Peninsula","22.0169","120.8852","Neogene","Miocene","23.03","14.18","5.33","zircon","LA_ICP_MS","Guangzhou","Key Laboratory of Isotope Geochronology and Geochemistry, Guangzhou Institute of Geochemistry, Chinese Academy of Sciences","Agilent 7500a","detrital","siliciclastic","sandstone","77","LS14-95","rim","32","0.325393","0.005434","4.982671","0.14932","0.110048","0.003212","1816.015344","26.43207","1816.385418","25.347952","1811.11","53.71","1811.11","53.71","0.270847","189.297552","91.136668","76.279069","0.481447","LA_ICP_MS","siliciclastic","77","LS14-95",,,,,,,,,,,,,,,,,,,
"Zhang, X et al.","2014","Journal of Asian Earth Sciences","85","0","Provenance analysis of the Miocene accretionary prism of the Hengchun Peninsula, southern Taiwan, and regional geological significance","10.1016/j.jseaes.2014.01.021","LS14","China","Eastern Asia","Asia","Taiwan Island","Loshui Formation","Hengchun Peninsula","22.0169","120.8852","Neogene","Miocene","23.03","14.18","5.33","zircon","LA_ICP_MS","Guangzhou","Key Laboratory of Isotope Geochronology and Geochemistry, Guangzhou Institute of Geochemistry, Chinese Academy of Sciences","Agilent 7500a","detrital","siliciclastic","sandstone","77","LS14-96","rim","32","0.032561","0.000586","0.217231","0.009021","0.048415","0.002143","206.558303","3.656159","199.602783","7.525334","120.46","103.69","206.558303","3.656159","3.36734","448.637264","249.910297","18.001657","0.557043","LA_ICP_MS","siliciclastic","77","LS14-96",,,,,,,,,,,,,,,,,,,
"Zhang, X et al.","2014","Journal of Asian Earth Sciences","85","0","Provenance analysis of the Miocene accretionary prism of the Hengchun Peninsula, southern Taiwan, and regional geological significance","10.1016/j.jseaes.2014.01.021","LS14","China","Eastern Asia","Asia","Taiwan Island","Loshui Formation","Hengchun Peninsula","22.0169","120.8852","Neogene","Miocene","23.03","14.18","5.33","zircon","LA_ICP_MS","Guangzhou","Key Laboratory of Isotope Geochronology and Geochemistry, Guangzhou Institute of Geochemistry, Chinese Academy of Sciences","Agilent 7500a","detrital","siliciclastic","sandstone","77","LS14-97","rim","32","0.025903","0.000456","0.177065","0.008139","0.049669","0.002395","164.857505","2.865226","165.531479","7.021552","188.97","111.095","164.857505","2.865226","0.408822","485.956391","235.84481","15.043684","0.485321","LA_ICP_MS","siliciclastic","77","LS14-97",,,,,,,,,,,,,,,,,,,
"Zhang, X et al.","2014","Journal of Asian Earth Sciences","85","0","Provenance analysis of the Miocene accretionary prism of the Hengchun Peninsula, southern Taiwan, and regional geological significance","10.1016/j.jseaes.2014.01.021","LS14","China","Eastern Asia","Asia","Taiwan Island","Loshui Formation","Hengchun Peninsula","22.0169","120.8852","Neogene","Miocene","23.03","14.18","5.33","zircon","LA_ICP_MS","Guangzhou","Key Laboratory of Isotope Geochronology and Geochemistry, Guangzhou Institute of Geochemistry, Chinese Academy of Sciences","Agilent 7500a","detrital","siliciclastic","sandstone","77","LS14-98","rim","32","0.328277","0.006233","6.296676","0.210249","0.13774","0.003666","1830.02421","30.249166","2017.991455","29.265751","2199.075","50.93","2199.075","50.93","16.782092","482.771605","170.73579","195.243215","0.353657","LA_ICP_MS","siliciclastic","77","LS14-98",,,,,,,,,,,,,,,,,,,
"Zhang, X et al.","2014","Journal of Asian Earth Sciences","85","0","Provenance analysis of the Miocene accretionary prism of the Hengchun Peninsula, southern Taiwan, and regional geological significance","10.1016/j.jseaes.2014.01.021","LS14","China","Eastern Asia","Asia","Taiwan Island","Loshui Formation","Hengchun Peninsula","22.0169","120.8852","Neogene","Miocene","23.03","14.18","5.33","zircon","LA_ICP_MS","Guangzhou","Key Laboratory of Isotope Geochronology and Geochemistry, Guangzhou Institute of Geochemistry, Chinese Academy of Sciences","Agilent 7500a","detrital","siliciclastic","sandstone","77","LS14-99","rim","32","0.013879","0.000441","0.089721","0.00896","0.050278","0.005927","88.853777","2.801881","87.243224","8.349043","209.33","251.825","88.853777","2.801881","1.812588","190.291106","328.633985","4.21292","1.727007","LA_ICP_MS","siliciclastic","77","LS14-99",,,,,,,,,,,,,,,,,,,
"Zhang, X et al.","2014","Journal of Asian Earth Sciences","85","0","Provenance analysis of the Miocene accretionary prism of the Hengchun Peninsula, southern Taiwan, and regional geological significance","10.1016/j.jseaes.2014.01.021","LS14","China","Eastern Asia","Asia","Taiwan Island","Loshui Formation","Hengchun Peninsula","22.0169","120.8852","Neogene","Miocene","23.03","14.18","5.33","zircon","LA_ICP_MS","Guangzhou","Key Laboratory of Isotope Geochronology and Geochemistry, Guangzhou Institute of Geochemistry, Chinese Academy of Sciences","Agilent 7500a","detrital","siliciclastic","sandstone","77","LS14-100","rim","32","0.398367","0.006225","7.698489","0.260701","0.139861","0.0046","2161.51355","28.698637","2196.425149","30.440971","2225.61","56.3275","2225.61","56.3275","2.87995","721.426045","184.580451","345.499922","0.255855","LA_ICP_MS","siliciclastic","77","LS14-100",,,,,,,,,,,,,,,,,,,
"Zhang, X et al.","2014","Journal of Asian Earth Sciences","85","0","Provenance analysis of the Miocene accretionary prism of the Hengchun Peninsula, southern Taiwan, and regional geological significance","10.1016/j.jseaes.2014.01.021","LS14","China","Eastern Asia","Asia","Taiwan Island","Loshui Formation","Hengchun Peninsula","22.0169","120.8852","Neogene","Miocene","23.03","14.18","5.33","zircon","LA_ICP_MS","Guangzhou","Key Laboratory of Isotope Geochronology and Geochemistry, Guangzhou Institute of Geochemistry, Chinese Academy of Sciences","Agilent 7500a","detrital","siliciclastic","sandstone","77","LS14-101","rim","32","0.020701","0.000583","0.143123","0.012819","0.052596","0.005472","132.082624","3.683625","135.821459","11.386977","322.28","238.86","132.082624","3.683625","2.830679","222.908995","134.732636","5.710958","0.604429","LA_ICP_MS","siliciclastic","77","LS14-101",,,,,,,,,,,,,,,,,,,
"Zhang, X et al.","2014","Journal of Asian Earth Sciences","85","0","Provenance analysis of the Miocene accretionary prism of the Hengchun Peninsula, southern Taiwan, and regional geological significance","10.1016/j.jseaes.2014.01.021","LS14","China","Eastern Asia","Asia","Taiwan Island","Loshui Formation","Hengchun Peninsula","22.0169","120.8852","Neogene","Miocene","23.03","14.18","5.33","zircon","LA_ICP_MS","Guangzhou","Key Laboratory of Isotope Geochronology and Geochemistry, Guangzhou Institute of Geochemistry, Chinese Academy of Sciences","Agilent 7500a","detrital","siliciclastic","sandstone","77","LS14-102","rim","32","0.038667","0.000641","0.28194","0.009546","0.052996","0.001767","244.562272","3.978904","252.195503","7.561252","327.835","108.3225","244.562272","3.978904","3.121181","941.800505","270.486724","40.794891","0.287202","LA_ICP_MS","siliciclastic","77","LS14-102",,,,,,,,,,,,,,,,,,,
"Zhang, X et al.","2014","Journal of Asian Earth Sciences","85","0","Provenance analysis of the Miocene accretionary prism of the Hengchun Peninsula, southern Taiwan, and regional geological significance","10.1016/j.jseaes.2014.01.021","LS14","China","Eastern Asia","Asia","Taiwan Island","Loshui Formation","Hengchun Peninsula","22.0169","120.8852","Neogene","Miocene","23.03","14.18","5.33","zircon","LA_ICP_MS","Guangzhou","Key Laboratory of Isotope Geochronology and Geochemistry, Guangzhou Institute of Geochemistry, Chinese Academy of Sciences","Agilent 7500a","detrital","siliciclastic","sandstone","77","LS14-103","rim","32","0.296111","0.006023","4.382194","0.179575","0.109022","0.004981","1671.995977","29.956739","1708.987295","33.890388","1783.335","83.335","1783.335","83.335","6.243304","30.172276","19.776727","11.216243","0.65546","LA_ICP_MS","siliciclastic","77","LS14-103",,,,,,,,,,,,,,,,,,,
"Zhang, X et al.","2014","Journal of Asian Earth Sciences","85","0","Provenance analysis of the Miocene accretionary prism of the Hengchun Peninsula, southern Taiwan, and regional geological significance","10.1016/j.jseaes.2014.01.021","LS14","China","Eastern Asia","Asia","Taiwan Island","Loshui Formation","Hengchun Peninsula","22.0169","120.8852","Neogene","Miocene","23.03","14.18","5.33","zircon","LA_ICP_MS","Guangzhou","Key Laboratory of Isotope Geochronology and Geochemistry, Guangzhou Institute of Geochemistry, Chinese Academy of Sciences","Agilent 7500a","detrital","siliciclastic","sandstone","77","LS14-104","rim","32","0.026531","0.000428","0.174155","0.007229","0.047844","0.002053","168.802792","2.68962","163.018499","6.251163","100.09","90.73","168.802792","2.68962","3.426657","676.503926","46.87993","18.629009","0.069297","LA_ICP_MS","siliciclastic","77","LS14-104",,,,,,,,,,,,,,,,,,,
"Zhang, X et al.","2014","Journal of Asian Earth Sciences","85","0","Provenance analysis of the Miocene accretionary prism of the Hengchun Peninsula, southern Taiwan, and regional geological significance","10.1016/j.jseaes.2014.01.021","LS14","China","Eastern Asia","Asia","Taiwan Island","Loshui Formation","Hengchun Peninsula","22.0169","120.8852","Neogene","Miocene","23.03","14.18","5.33","zircon","LA_ICP_MS","Guangzhou","Key Laboratory of Isotope Geochronology and Geochemistry, Guangzhou Institute of Geochemistry, Chinese Academy of Sciences","Agilent 7500a","detrital","siliciclastic","sandstone","77","LS14-105","rim","32","0.309748","0.005786","4.660942","0.188992","0.108903","0.004004","1739.467585","28.477798","1760.258174","33.911442","1781.17","62.195","1781.17","62.195","2.341293","51.428339","35.419839","19.762037","0.688722","LA_ICP_MS","siliciclastic","77","LS14-105",,,,,,,,,,,,,,,,,,,
"Zhang, X et al.","2014","Journal of Asian Earth Sciences","85","0","Provenance analysis of the Miocene accretionary prism of the Hengchun Peninsula, southern Taiwan, and regional geological significance","10.1016/j.jseaes.2014.01.021","LS14","China","Eastern Asia","Asia","Taiwan Island","Loshui Formation","Hengchun Peninsula","22.0169","120.8852","Neogene","Miocene","23.03","14.18","5.33","zircon","LA_ICP_MS","Guangzhou","Key Laboratory of Isotope Geochronology and Geochemistry, Guangzhou Institute of Geochemistry, Chinese Academy of Sciences","Agilent 7500a","detrital","siliciclastic","sandstone","77","LS14-106","rim","32","0.389136","0.00532","8.945461","0.251615","0.166136","0.004304","2118.819443","24.689545","2332.452947","25.694132","2520.37","43.0575","2520.37","43.0575","15.932207","541.265135","303.977456","269.894558","0.561605","LA_ICP_MS","siliciclastic","77","LS14-106",,,,,,,,,,,,,,,,,,,
"Zhang, X et al.","2014","Journal of Asian Earth Sciences","85","0","Provenance analysis of the Miocene accretionary prism of the Hengchun Peninsula, southern Taiwan, and regional geological significance","10.1016/j.jseaes.2014.01.021","LS14","China","Eastern Asia","Asia","Taiwan Island","Loshui Formation","Hengchun Peninsula","22.0169","120.8852","Neogene","Miocene","23.03","14.18","5.33","zircon","LA_ICP_MS","Guangzhou","Key Laboratory of Isotope Geochronology and Geochemistry, Guangzhou Institute of Geochemistry, Chinese Academy of Sciences","Agilent 7500a","detrital","siliciclastic","sandstone","77","LS14-107","rim","32","0.038859","0.000583","0.255628","0.011249","0.047768","0.002173","245.757943","3.616532","231.137604","9.096777","87.13","103.69","245.757943","3.616532","5.949081","353.457876","167.438783","15.94415","0.473716","LA_ICP_MS","siliciclastic","77","LS14-107",,,,,,,,,,,,,,,,,,,
"Zhang, X et al.","2014","Journal of Asian Earth Sciences","85","0","Provenance analysis of the Miocene accretionary prism of the Hengchun Peninsula, southern Taiwan, and regional geological significance","10.1016/j.jseaes.2014.01.021","LS14","China","Eastern Asia","Asia","Taiwan Island","Loshui Formation","Hengchun Peninsula","22.0169","120.8852","Neogene","Miocene","23.03","14.18","5.33","zircon","LA_ICP_MS","Guangzhou","Key Laboratory of Isotope Geochronology and Geochemistry, Guangzhou Institute of Geochemistry, Chinese Academy of Sciences","Agilent 7500a","detrital","siliciclastic","sandstone","77","LS14-108","rim","32","0.037975","0.000655","0.262595","0.011486","0.050321","0.002398","240.270685","4.06597","236.756323","9.237342","209.33","111.095","240.270685","4.06597","1.462668","617.405101","286.665423","27.613526","0.464307","LA_ICP_MS","siliciclastic","77","LS14-108",,,,,,,,,,,,,,,,,,,
"Zhang, X et al.","2014","Journal of Asian Earth Sciences","85","0","Provenance analysis of the Miocene accretionary prism of the Hengchun Peninsula, southern Taiwan, and regional geological significance","10.1016/j.jseaes.2014.01.021","LS14","China","Eastern Asia","Asia","Taiwan Island","Loshui Formation","Hengchun Peninsula","22.0169","120.8852","Neogene","Miocene","23.03","14.18","5.33","zircon","LA_ICP_MS","Guangzhou","Key Laboratory of Isotope Geochronology and Geochemistry, Guangzhou Institute of Geochemistry, Chinese Academy of Sciences","Agilent 7500a","detrital","siliciclastic","sandstone","77","LS14-109","rim","32","0.320024","0.004408","4.9117","0.140607","0.110574","0.003077","1789.84595","21.526588","1804.26806","24.154985","1809.26","50.3125","1809.26","50.3125","1.073038","308.299298","71.294607","113.391428","0.231251","LA_ICP_MS","siliciclastic","77","LS14-109",,,,,,,,,,,,,,,,,,,
"Zhang, X et al.","2014","Journal of Asian Earth Sciences","85","0","Provenance analysis of the Miocene accretionary prism of the Hengchun Peninsula, southern Taiwan, and regional geological significance","10.1016/j.jseaes.2014.01.021","LS14","China","Eastern Asia","Asia","Taiwan Island","Loshui Formation","Hengchun Peninsula","22.0169","120.8852","Neogene","Miocene","23.03","14.18","5.33","zircon","LA_ICP_MS","Guangzhou","Key Laboratory of Isotope Geochronology and Geochemistry, Guangzhou Institute of Geochemistry, Chinese Academy of Sciences","Agilent 7500a","detrital","siliciclastic","sandstone","77","LS14-110","rim","32","0.016821","0.000367","0.107314","0.009326","0.046899","0.004136","107.530382","2.329191","103.50562","8.55213","42.69","199.97","107.530382","2.329191","3.742907","255.355854","433.567207","6.699232","1.697894","LA_ICP_MS","siliciclastic","77","LS14-110",,,,,,,,,,,,,,,,,,,
"Zhang, X et al.","2014","Journal of Asian Earth Sciences","85","0","Provenance analysis of the Miocene accretionary prism of the Hengchun Peninsula, southern Taiwan, and regional geological significance","10.1016/j.jseaes.2014.01.021","LS14","China","Eastern Asia","Asia","Taiwan Island","Loshui Formation","Hengchun Peninsula","22.0169","120.8852","Neogene","Miocene","23.03","14.18","5.33","zircon","LA_ICP_MS","Guangzhou","Key Laboratory of Isotope Geochronology and Geochemistry, Guangzhou Institute of Geochemistry, Chinese Academy of Sciences","Agilent 7500a","detrital","siliciclastic","sandstone","77","LS14-111","rim","32","0.016239","0.000336","0.112452","0.004421","0.050456","0.001954","103.845526","2.13246","108.205758","4.035021","216.74","88.875","103.845526","2.13246","4.198767","1912.08426","534.815072","34.346041","0.279703","LA_ICP_MS","siliciclastic","77","LS14-111",,,,,,,,,,,,,,,,,,,
"Zhang, X et al.","2014","Journal of Asian Earth Sciences","85","0","Provenance analysis of the Miocene accretionary prism of the Hengchun Peninsula, southern Taiwan, and regional geological significance","10.1016/j.jseaes.2014.01.021","LS14","China","Eastern Asia","Asia","Taiwan Island","Loshui Formation","Hengchun Peninsula","22.0169","120.8852","Neogene","Miocene","23.03","14.18","5.33","zircon","LA_ICP_MS","Guangzhou","Key Laboratory of Isotope Geochronology and Geochemistry, Guangzhou Institute of Geochemistry, Chinese Academy of Sciences","Agilent 7500a","detrital","siliciclastic","sandstone","77","LS14-113","rim","32","0.202477","0.002884","2.318398","0.075331","0.083127","0.002518","1188.611872","15.461946","1217.933722","23.05405","1272.215","59.26","1188.611872","15.461946","2.466899","230.758804","150.133714","58.739207","0.650609","LA_ICP_MS","siliciclastic","77","LS14-113",,,,,,,,,,,,,,,,,,,
"Zhang, X et al.","2014","Journal of Asian Earth Sciences","85","0","Provenance analysis of the Miocene accretionary prism of the Hengchun Peninsula, southern Taiwan, and regional geological significance","10.1016/j.jseaes.2014.01.021","LS14","China","Eastern Asia","Asia","Taiwan Island","Loshui Formation","Hengchun Peninsula","22.0169","120.8852","Neogene","Miocene","23.03","14.18","5.33","zircon","LA_ICP_MS","Guangzhou","Key Laboratory of Isotope Geochronology and Geochemistry, Guangzhou Institute of Geochemistry, Chinese Academy of Sciences","Agilent 7500a","detrital","siliciclastic","sandstone","77","LS14-115","rim","32","0.120039","0.002311","1.055927","0.051078","0.064454","0.00304","730.788231","13.303358","731.813912","25.231575","766.67","99.99","730.788231","13.303358","0.140353","135.996878","118.189064","21.24077","0.869057","LA_ICP_MS","siliciclastic","77","LS14-115",,,,,,,,,,,,,,,,,,,
"Zhang, X et al.","2014","Journal of Asian Earth Sciences","85","0","Provenance analysis of the Miocene accretionary prism of the Hengchun Peninsula, southern Taiwan, and regional geological significance","10.1016/j.jseaes.2014.01.021","LS14","China","Eastern Asia","Asia","Taiwan Island","Loshui Formation","Hengchun Peninsula","22.0169","120.8852","Neogene","Miocene","23.03","14.18","5.33","zircon","LA_ICP_MS","Guangzhou","Key Laboratory of Isotope Geochronology and Geochemistry, Guangzhou Institute of Geochemistry, Chinese Academy of Sciences","Agilent 7500a","detrital","siliciclastic","sandstone","77","LS14-116","rim","32","0.302657","0.004439","4.944217","0.165153","0.11852","0.003739","1704.468797","21.966301","1809.8378","28.218486","1944.45","57.25","1944.45","57.25","12.341855","498.024246","70.149822","170.855495","0.140856","LA_ICP_MS","siliciclastic","77","LS14-116",,,,,,,,,,,,,,,,,,,
"Zhang, X et al.","2014","Journal of Asian Earth Sciences","85","0","Provenance analysis of the Miocene accretionary prism of the Hengchun Peninsula, southern Taiwan, and regional geological significance","10.1016/j.jseaes.2014.01.021","LS14","China","Eastern Asia","Asia","Taiwan Island","Loshui Formation","Hengchun Peninsula","22.0169","120.8852","Neogene","Miocene","23.03","14.18","5.33","zircon","LA_ICP_MS","Guangzhou","Key Laboratory of Isotope Geochronology and Geochemistry, Guangzhou Institute of Geochemistry, Chinese Academy of Sciences","Agilent 7500a","detrital","siliciclastic","sandstone","77","LS14-118","rim","32","0.389094","0.009007","8.995973","0.336394","0.165097","0.005283","2118.6244","41.80029","2337.59695","34.183521","2508.335","54.015","2508.335","54.015","15.536625","1223.978074","492.832491","577.879082","0.402648","LA_ICP_MS","siliciclastic","77","LS14-118",,,,,,,,,,,,,,,,,,,
"Zhang, X et al.","2014","Journal of Asian Earth Sciences","85","0","Provenance analysis of the Miocene accretionary prism of the Hengchun Peninsula, southern Taiwan, and regional geological significance","10.1016/j.jseaes.2014.01.021","LS14","China","Eastern Asia","Asia","Taiwan Island","Loshui Formation","Hengchun Peninsula","22.0169","120.8852","Neogene","Miocene","23.03","14.18","5.33","zircon","LA_ICP_MS","Guangzhou","Key Laboratory of Isotope Geochronology and Geochemistry, Guangzhou Institute of Geochemistry, Chinese Academy of Sciences","Agilent 7500a","detrital","siliciclastic","sandstone","77","LS14-119","rim","32","0.323895","0.005361","5.557592","0.201016","0.121762","0.004498","1808.725305","26.103572","1909.553178","31.135209","1983.335","64.9675","1983.335","64.9675","8.803843","747.415751","320.675589","293.735847","0.429046","LA_ICP_MS","siliciclastic","77","LS14-119",,,,,,,,,,,,,,,,,,,
"Zhang, X et al.","2014","Journal of Asian Earth Sciences","85","0","Provenance analysis of the Miocene accretionary prism of the Hengchun Peninsula, southern Taiwan, and regional geological significance","10.1016/j.jseaes.2014.01.021","LS14","China","Eastern Asia","Asia","Taiwan Island","Loshui Formation","Hengchun Peninsula","22.0169","120.8852","Neogene","Miocene","23.03","14.18","5.33","zircon","LA_ICP_MS","Guangzhou","Key Laboratory of Isotope Geochronology and Geochemistry, Guangzhou Institute of Geochemistry, Chinese Academy of Sciences","Agilent 7500a","detrital","siliciclastic","sandstone","77","LS14-120","rim","32","0.016794","0.00045","0.118105","0.009153","0.050638","0.004176","107.360914","2.855262","113.352941","8.312434","233.4","192.5675","107.360914","2.855262","5.5812","246.684083","158.725713","5.122351","0.643437","LA_ICP_MS","siliciclastic","77","LS14-120",,,,,,,,,,,,,,,,,,,
"Cao, L et al.","2021","Geological Society of America Bulletin","133","0","Fingerprinting sand from Asian rivers to the deep central South China Sea since the Late Miocene","10.1130/b35845.1","JT1","China","Eastern Asia","Asia","South China Sea",,,"18.4798","116.8015","Neogene","Miocene","11.63","8.48","5.33","zircon","LA_ICP_MS","Wuhan","State Key Laboratory of Geological Processes and Mineral Resources, China University of Geosciences","Agilent 7500a","detrital","siliciclastic","silty to fine sandstone","61","1",,"32","0.314279","0.003532","4.594341","0.143312","0.103195","0.003401","1762","17","1748","26","1682","54","1682","54","4.756243",,,,,"LA_ICP_MS","siliciclastic","61","1","U1431D","Upper Miocene",,,,,,,,,,,,,,,,,
"Cao, L et al.","2021","Geological Society of America Bulletin","133","0","Fingerprinting sand from Asian rivers to the deep central South China Sea since the Late Miocene","10.1130/b35845.1","JT1","China","Eastern Asia","Asia","South China Sea",,,"18.4798","116.8015","Neogene","Miocene","11.63","8.48","5.33","zircon","LA_ICP_MS","Wuhan","State Key Laboratory of Geological Processes and Mineral Resources, China University of Geosciences","Agilent 7500a","detrital","siliciclastic","silty to fine sandstone","61","2",,"32","0.081045","0.001337","0.66279","0.034706","0.059298","0.003081","502","8","516","21","578","109","502","8","2.788845",,,,,"LA_ICP_MS","siliciclastic","61","2","U1431D","Upper Miocene",,,,,,,,,,,,,,,,,
"Cao, L et al.","2021","Geological Society of America Bulletin","133","0","Fingerprinting sand from Asian rivers to the deep central South China Sea since the Late Miocene","10.1130/b35845.1","JT1","China","Eastern Asia","Asia","South China Sea",,,"18.4798","116.8015","Neogene","Miocene","11.63","8.48","5.33","zircon","LA_ICP_MS","Wuhan","State Key Laboratory of Geological Processes and Mineral Resources, China University of Geosciences","Agilent 7500a","detrital","siliciclastic","silty to fine sandstone","61","3",,"32","0.07391","0.00121","0.59332","0.043942","0.057492","0.004096","460","7","473","28","510","161","460","7","2.826087",,,,,"LA_ICP_MS","siliciclastic","61","3","U1431D","Upper Miocene",,,,,,,,,,,,,,,,,
"Cao, L et al.","2021","Geological Society of America Bulletin","133","0","Fingerprinting sand from Asian rivers to the deep central South China Sea since the Late Miocene","10.1130/b35845.1","JT1","China","Eastern Asia","Asia","South China Sea",,,"18.4798","116.8015","Neogene","Miocene","11.63","8.48","5.33","zircon","LA_ICP_MS","Wuhan","State Key Laboratory of Geological Processes and Mineral Resources, China University of Geosciences","Agilent 7500a","detrital","siliciclastic","silty to fine sandstone","61","4",,"32","0.165963","0.001708","1.630127","0.048234","0.07083","0.002134","990","9","982","19","953","57","990","9","0.808081",,,,,"LA_ICP_MS","siliciclastic","61","4","U1431D","Upper Miocene",,,,,,,,,,,,,,,,,
"Cao, L et al.","2021","Geological Society of America Bulletin","133","0","Fingerprinting sand from Asian rivers to the deep central South China Sea since the Late Miocene","10.1130/b35845.1","JT1","China","Eastern Asia","Asia","South China Sea",,,"18.4798","116.8015","Neogene","Miocene","11.63","8.48","5.33","zircon","LA_ICP_MS","Wuhan","State Key Laboratory of Geological Processes and Mineral Resources, China University of Geosciences","Agilent 7500a","detrital","siliciclastic","silty to fine sandstone","61","5",,"32","0.030081","0.00025","0.206812","0.005036","0.049494","0.001243","191","2","191","4","171","53","191","2","0",,,,,"LA_ICP_MS","siliciclastic","61","5","U1431D","Upper Miocene",,,,,,,,,,,,,,,,,
"Cao, L et al.","2021","Geological Society of America Bulletin","133","0","Fingerprinting sand from Asian rivers to the deep central South China Sea since the Late Miocene","10.1130/b35845.1","JT1","China","Eastern Asia","Asia","South China Sea",,,"18.4798","116.8015","Neogene","Miocene","11.63","8.48","5.33","zircon","LA_ICP_MS","Wuhan","State Key Laboratory of Geological Processes and Mineral Resources, China University of Geosciences","Agilent 7500a","detrital","siliciclastic","silty to fine sandstone","61","6",,"32","0.026128","0.000295","0.176571","0.006645","0.048678","0.001763","166","2","165","6","132","82","166","2","0.60241",,,,,"LA_ICP_MS","siliciclastic","61","6","U1431D","Upper Miocene",,,,,,,,,,,,,,,,,
"Cao, L et al.","2021","Geological Society of America Bulletin","133","0","Fingerprinting sand from Asian rivers to the deep central South China Sea since the Late Miocene","10.1130/b35845.1","JT1","China","Eastern Asia","Asia","South China Sea",,,"18.4798","116.8015","Neogene","Miocene","11.63","8.48","5.33","zircon","LA_ICP_MS","Wuhan","State Key Laboratory of Geological Processes and Mineral Resources, China University of Geosciences","Agilent 7500a","detrital","siliciclastic","silty to fine sandstone","61","8",,"32","0.077975","0.001115","0.590125","0.031635","0.054878","0.003089","484","7","471","20","407","116","484","7","2.68595",,,,,"LA_ICP_MS","siliciclastic","61","8","U1431D","Upper Miocene",,,,,,,,,,,,,,,,,
"Cao, L et al.","2021","Geological Society of America Bulletin","133","0","Fingerprinting sand from Asian rivers to the deep central South China Sea since the Late Miocene","10.1130/b35845.1","JT1","China","Eastern Asia","Asia","South China Sea",,,"18.4798","116.8015","Neogene","Miocene","11.63","8.48","5.33","zircon","LA_ICP_MS","Wuhan","State Key Laboratory of Geological Processes and Mineral Resources, China University of Geosciences","Agilent 7500a","detrital","siliciclastic","silty to fine sandstone","61","9",,"32","0.021707","0.000319","0.155608","0.010232","0.051869","0.003485","138","2","147","9","280","146","138","2","6.521739",,,,,"LA_ICP_MS","siliciclastic","61","9","U1431D","Upper Miocene",,,,,,,,,,,,,,,,,
"Cao, L et al.","2021","Geological Society of America Bulletin","133","0","Fingerprinting sand from Asian rivers to the deep central South China Sea since the Late Miocene","10.1130/b35845.1","JT1","China","Eastern Asia","Asia","South China Sea",,,"18.4798","116.8015","Neogene","Miocene","11.63","8.48","5.33","zircon","LA_ICP_MS","Wuhan","State Key Laboratory of Geological Processes and Mineral Resources, China University of Geosciences","Agilent 7500a","detrital","siliciclastic","silty to fine sandstone","61","13",,"32","0.131965","0.001481","1.175294","0.039111","0.064417","0.002185","799","8","789","18","755","63","799","8","1.251564",,,,,"LA_ICP_MS","siliciclastic","61","13","U1431D","Upper Miocene",,,,,,,,,,,,,,,,,
"Cao, L et al.","2021","Geological Society of America Bulletin","133","0","Fingerprinting sand from Asian rivers to the deep central South China Sea since the Late Miocene","10.1130/b35845.1","JT1","China","Eastern Asia","Asia","South China Sea",,,"18.4798","116.8015","Neogene","Miocene","11.63","8.48","5.33","zircon","LA_ICP_MS","Wuhan","State Key Laboratory of Geological Processes and Mineral Resources, China University of Geosciences","Agilent 7500a","detrital","siliciclastic","silty to fine sandstone","61","14",,"32","0.037732","0.000545","0.253717","0.014945","0.049495","0.003052","239","3","230","12","171","123","239","3","3.76569",,,,,"LA_ICP_MS","siliciclastic","61","14","U1431D","Upper Miocene",,,,,,,,,,,,,,,,,
"Cao, L et al.","2021","Geological Society of America Bulletin","133","0","Fingerprinting sand from Asian rivers to the deep central South China Sea since the Late Miocene","10.1130/b35845.1","JT1","China","Eastern Asia","Asia","South China Sea",,,"18.4798","116.8015","Neogene","Miocene","11.63","8.48","5.33","zircon","LA_ICP_MS","Wuhan","State Key Laboratory of Geological Processes and Mineral Resources, China University of Geosciences","Agilent 7500a","detrital","siliciclastic","silty to fine sandstone","61","15",,"32","0.016887","0.000252","0.130451","0.008258","0.056832","0.003873","107","2","108","8","125","144","107","2","0.934579",,,,,"LA_ICP_MS","siliciclastic","61","15","U1431D","Upper Miocene",,,,,,,,,,,,,,,,,
"Cao, L et al.","2021","Geological Society of America Bulletin","133","0","Fingerprinting sand from Asian rivers to the deep central South China Sea since the Late Miocene","10.1130/b35845.1","JT1","China","Eastern Asia","Asia","South China Sea",,,"18.4798","116.8015","Neogene","Miocene","11.63","8.48","5.33","zircon","LA_ICP_MS","Wuhan","State Key Laboratory of Geological Processes and Mineral Resources, China University of Geosciences","Agilent 7500a","detrital","siliciclastic","silty to fine sandstone","61","16",,"32","0.096743","0.001054","0.796424","0.029843","0.059143","0.002164","595","6","595","17","572","74","595","6","0",,,,,"LA_ICP_MS","siliciclastic","61","16","U1431D","Upper Miocene",,,,,,,,,,,,,,,,,
"Cao, L et al.","2021","Geological Society of America Bulletin","133","0","Fingerprinting sand from Asian rivers to the deep central South China Sea since the Late Miocene","10.1130/b35845.1","JT1","China","Eastern Asia","Asia","South China Sea",,,"18.4798","116.8015","Neogene","Miocene","11.63","8.48","5.33","zircon","LA_ICP_MS","Wuhan","State Key Laboratory of Geological Processes and Mineral Resources, China University of Geosciences","Agilent 7500a","detrital","siliciclastic","silty to fine sandstone","61","17",,"32","0.016468","0.000447","0.108981","0.01206","0.049116","0.005529","105","3","105","11","153","221","105","3","0",,,,,"LA_ICP_MS","siliciclastic","61","17","U1431D","Upper Miocene",,,,,,,,,,,,,,,,,
"Cao, L et al.","2021","Geological Society of America Bulletin","133","0","Fingerprinting sand from Asian rivers to the deep central South China Sea since the Late Miocene","10.1130/b35845.1","JT1","China","Eastern Asia","Asia","South China Sea",,,"18.4798","116.8015","Neogene","Miocene","11.63","8.48","5.33","zircon","LA_ICP_MS","Wuhan","State Key Laboratory of Geological Processes and Mineral Resources, China University of Geosciences","Agilent 7500a","detrital","siliciclastic","silty to fine sandstone","61","18",,"32","0.346989","0.003349","5.506413","0.140909","0.113905","0.002939","1920","16","1902","22","1863","41","1863","41","3.059581",,,,,"LA_ICP_MS","siliciclastic","61","18","U1431D","Upper Miocene",,,,,,,,,,,,,,,,,
"Cao, L et al.","2021","Geological Society of America Bulletin","133","0","Fingerprinting sand from Asian rivers to the deep central South China Sea since the Late Miocene","10.1130/b35845.1","JT1","China","Eastern Asia","Asia","South China Sea",,,"18.4798","116.8015","Neogene","Miocene","11.63","8.48","5.33","zircon","LA_ICP_MS","Wuhan","State Key Laboratory of Geological Processes and Mineral Resources, China University of Geosciences","Agilent 7500a","detrital","siliciclastic","silty to fine sandstone","61","19",,"32","0.070129","0.000807","0.561391","0.024634","0.058031","0.002572","437","5","452","16","531","88","437","5","3.432494",,,,,"LA_ICP_MS","siliciclastic","61","19","U1431D","Upper Miocene",,,,,,,,,,,,,,,,,
"Cao, L et al.","2021","Geological Society of America Bulletin","133","0","Fingerprinting sand from Asian rivers to the deep central South China Sea since the Late Miocene","10.1130/b35845.1","JT1","China","Eastern Asia","Asia","South China Sea",,,"18.4798","116.8015","Neogene","Miocene","11.63","8.48","5.33","zircon","LA_ICP_MS","Wuhan","State Key Laboratory of Geological Processes and Mineral Resources, China University of Geosciences","Agilent 7500a","detrital","siliciclastic","silty to fine sandstone","61","20",,"32","0.167789","0.001912","1.785584","0.060679","0.07649","0.002586","1000","11","1040","22","1108","61","1000","11","4",,,,,"LA_ICP_MS","siliciclastic","61","20","U1431D","Upper Miocene",,,,,,,,,,,,,,,,,
"Cao, L et al.","2021","Geological Society of America Bulletin","133","0","Fingerprinting sand from Asian rivers to the deep central South China Sea since the Late Miocene","10.1130/b35845.1","JT1","China","Eastern Asia","Asia","South China Sea",,,"18.4798","116.8015","Neogene","Miocene","11.63","8.48","5.33","zircon","LA_ICP_MS","Wuhan","State Key Laboratory of Geological Processes and Mineral Resources, China University of Geosciences","Agilent 7500a","detrital","siliciclastic","silty to fine sandstone","61","22",,"32","0.466646","0.004313","10.648478","0.238585","0.163985","0.003698","2469","19","2493","21","2497","33","2497","33","1.121346",,,,,"LA_ICP_MS","siliciclastic","61","22","U1431D","Upper Miocene",,,,,,,,,,,,,,,,,
"Cao, L et al.","2021","Geological Society of America Bulletin","133","0","Fingerprinting sand from Asian rivers to the deep central South China Sea since the Late Miocene","10.1130/b35845.1","JT1","China","Eastern Asia","Asia","South China Sea",,,"18.4798","116.8015","Neogene","Miocene","11.63","8.48","5.33","zircon","LA_ICP_MS","Wuhan","State Key Laboratory of Geological Processes and Mineral Resources, China University of Geosciences","Agilent 7500a","detrital","siliciclastic","silty to fine sandstone","61","23",,"32","0.186133","0.001708","1.843378","0.051367","0.071182","0.001942","1100","9","1061","18","963","51","1100","9","3.545455",,,,,"LA_ICP_MS","siliciclastic","61","23","U1431D","Upper Miocene",,,,,,,,,,,,,,,,,
"Cao, L et al.","2021","Geological Society of America Bulletin","133","0","Fingerprinting sand from Asian rivers to the deep central South China Sea since the Late Miocene","10.1130/b35845.1","JT1","China","Eastern Asia","Asia","South China Sea",,,"18.4798","116.8015","Neogene","Miocene","11.63","8.48","5.33","zircon","LA_ICP_MS","Wuhan","State Key Laboratory of Geological Processes and Mineral Resources, China University of Geosciences","Agilent 7500a","detrital","siliciclastic","silty to fine sandstone","61","24",,"32","0.013719","0.000265","0.090011","0.006979","0.047768","0.003888","88","2","88","7","88","154","88","2","0",,,,,"LA_ICP_MS","siliciclastic","61","24","U1431D","Upper Miocene",,,,,,,,,,,,,,,,,
"Cao, L et al.","2021","Geological Society of America Bulletin","133","0","Fingerprinting sand from Asian rivers to the deep central South China Sea since the Late Miocene","10.1130/b35845.1","JT1","China","Eastern Asia","Asia","South China Sea",,,"18.4798","116.8015","Neogene","Miocene","11.63","8.48","5.33","zircon","LA_ICP_MS","Wuhan","State Key Laboratory of Geological Processes and Mineral Resources, China University of Geosciences","Agilent 7500a","detrital","siliciclastic","silty to fine sandstone","61","25",,"32","0.151017","0.003759","1.437408","0.088188","0.069373","0.004478","907","21","905","37","910","110","907","21","0.220507",,,,,"LA_ICP_MS","siliciclastic","61","25","U1431D","Upper Miocene",,,,,,,,,,,,,,,,,
"Cao, L et al.","2021","Geological Society of America Bulletin","133","0","Fingerprinting sand from Asian rivers to the deep central South China Sea since the Late Miocene","10.1130/b35845.1","JT1","China","Eastern Asia","Asia","South China Sea",,,"18.4798","116.8015","Neogene","Miocene","11.63","8.48","5.33","zircon","LA_ICP_MS","Wuhan","State Key Laboratory of Geological Processes and Mineral Resources, China University of Geosciences","Agilent 7500a","detrital","siliciclastic","silty to fine sandstone","61","26",,"32","0.053536","0.000556","0.390564","0.014711","0.052675","0.001971","336","3","335","11","315","78","336","3","0.297619",,,,,"LA_ICP_MS","siliciclastic","61","26","U1431D","Upper Miocene",,,,,,,,,,,,,,,,,
"Cao, L et al.","2021","Geological Society of America Bulletin","133","0","Fingerprinting sand from Asian rivers to the deep central South China Sea since the Late Miocene","10.1130/b35845.1","JT1","China","Eastern Asia","Asia","South China Sea",,,"18.4798","116.8015","Neogene","Miocene","11.63","8.48","5.33","zircon","LA_ICP_MS","Wuhan","State Key Laboratory of Geological Processes and Mineral Resources, China University of Geosciences","Agilent 7500a","detrital","siliciclastic","silty to fine sandstone","61","27",,"32","0.074631","0.000771","0.567288","0.025105","0.055016","0.002546","464","5","456","16","413","92","464","5","1.724138",,,,,"LA_ICP_MS","siliciclastic","61","27","U1431D","Upper Miocene",,,,,,,,,,,,,,,,,
"Cao, L et al.","2021","Geological Society of America Bulletin","133","0","Fingerprinting sand from Asian rivers to the deep central South China Sea since the Late Miocene","10.1130/b35845.1","JT1","China","Eastern Asia","Asia","South China Sea",,,"18.4798","116.8015","Neogene","Miocene","11.63","8.48","5.33","zircon","LA_ICP_MS","Wuhan","State Key Laboratory of Geological Processes and Mineral Resources, China University of Geosciences","Agilent 7500a","detrital","siliciclastic","silty to fine sandstone","61","28",,"32","0.027944","0.000328","0.192325","0.009301","0.049917","0.002445","178","2","179","8","191","103","178","2","0.561798",,,,,"LA_ICP_MS","siliciclastic","61","28","U1431D","Upper Miocene",,,,,,,,,,,,,,,,,
"Cao, L et al.","2021","Geological Society of America Bulletin","133","0","Fingerprinting sand from Asian rivers to the deep central South China Sea since the Late Miocene","10.1130/b35845.1","JT1","China","Eastern Asia","Asia","South China Sea",,,"18.4798","116.8015","Neogene","Miocene","11.63","8.48","5.33","zircon","LA_ICP_MS","Wuhan","State Key Laboratory of Geological Processes and Mineral Resources, China University of Geosciences","Agilent 7500a","detrital","siliciclastic","silty to fine sandstone","61","29",,"32","0.073726","0.001085","0.556226","0.030102","0.054843","0.003053","459","7","449","20","406","111","459","7","2.178649",,,,,"LA_ICP_MS","siliciclastic","61","29","U1431D","Upper Miocene",,,,,,,,,,,,,,,,,
"Cao, L et al.","2021","Geological Society of America Bulletin","133","0","Fingerprinting sand from Asian rivers to the deep central South China Sea since the Late Miocene","10.1130/b35845.1","JT1","China","Eastern Asia","Asia","South China Sea",,,"18.4798","116.8015","Neogene","Miocene","11.63","8.48","5.33","zircon","LA_ICP_MS","Wuhan","State Key Laboratory of Geological Processes and Mineral Resources, China University of Geosciences","Agilent 7500a","detrital","siliciclastic","silty to fine sandstone","61","30",,"32","0.53299","0.006102","14.33453","0.437371","0.194817","0.005928","2754","26","2772","29","2783","44","2783","44","1.042041",,,,,"LA_ICP_MS","siliciclastic","61","30","U1431D","Upper Miocene",,,,,,,,,,,,,,,,,
"Cao, L et al.","2021","Geological Society of America Bulletin","133","0","Fingerprinting sand from Asian rivers to the deep central South China Sea since the Late Miocene","10.1130/b35845.1","JT1","China","Eastern Asia","Asia","South China Sea",,,"18.4798","116.8015","Neogene","Miocene","11.63","8.48","5.33","zircon","LA_ICP_MS","Wuhan","State Key Laboratory of Geological Processes and Mineral Resources, China University of Geosciences","Agilent 7500a","detrital","siliciclastic","silty to fine sandstone","61","31",,"32","0.132984","0.002041","1.231387","0.050241","0.067185","0.002712","805","12","815","23","844","75","805","12","1.242236",,,,,"LA_ICP_MS","siliciclastic","61","31","U1431D","Upper Miocene",,,,,,,,,,,,,,,,,
"Cao, L et al.","2021","Geological Society of America Bulletin","133","0","Fingerprinting sand from Asian rivers to the deep central South China Sea since the Late Miocene","10.1130/b35845.1","JT1","China","Eastern Asia","Asia","South China Sea",,,"18.4798","116.8015","Neogene","Miocene","11.63","8.48","5.33","zircon","LA_ICP_MS","Wuhan","State Key Laboratory of Geological Processes and Mineral Resources, China University of Geosciences","Agilent 7500a","detrital","siliciclastic","silty to fine sandstone","61","32",,"32","0.144415","0.001751","1.517501","0.049468","0.076158","0.002486","870","10","937","20","1099","58","870","10","7.701149",,,,,"LA_ICP_MS","siliciclastic","61","32","U1431D","Upper Miocene",,,,,,,,,,,,,,,,,
"Cao, L et al.","2021","Geological Society of America Bulletin","133","0","Fingerprinting sand from Asian rivers to the deep central South China Sea since the Late Miocene","10.1130/b35845.1","JT1","China","Eastern Asia","Asia","South China Sea",,,"18.4798","116.8015","Neogene","Miocene","11.63","8.48","5.33","zircon","LA_ICP_MS","Wuhan","State Key Laboratory of Geological Processes and Mineral Resources, China University of Geosciences","Agilent 7500a","detrital","siliciclastic","silty to fine sandstone","61","33",,"32","0.135107","0.001335","1.25652","0.042192","0.067082","0.002262","817","8","826","19","840","64","817","8","1.101591",,,,,"LA_ICP_MS","siliciclastic","61","33","U1431D","Upper Miocene",,,,,,,,,,,,,,,,,
"Cao, L et al.","2021","Geological Society of America Bulletin","133","0","Fingerprinting sand from Asian rivers to the deep central South China Sea since the Late Miocene","10.1130/b35845.1","JT1","China","Eastern Asia","Asia","South China Sea",,,"18.4798","116.8015","Neogene","Miocene","11.63","8.48","5.33","zircon","LA_ICP_MS","Wuhan","State Key Laboratory of Geological Processes and Mineral Resources, China University of Geosciences","Agilent 7500a","detrital","siliciclastic","silty to fine sandstone","61","34",,"32","0.083092","0.000799","0.660479","0.022094","0.057454","0.001922","515","5","515","14","509","67","515","5","0",,,,,"LA_ICP_MS","siliciclastic","61","34","U1431D","Upper Miocene",,,,,,,,,,,,,,,,,
"Cao, L et al.","2021","Geological Society of America Bulletin","133","0","Fingerprinting sand from Asian rivers to the deep central South China Sea since the Late Miocene","10.1130/b35845.1","JT1","China","Eastern Asia","Asia","South China Sea",,,"18.4798","116.8015","Neogene","Miocene","11.63","8.48","5.33","zircon","LA_ICP_MS","Wuhan","State Key Laboratory of Geological Processes and Mineral Resources, China University of Geosciences","Agilent 7500a","detrital","siliciclastic","silty to fine sandstone","61","35",,"32","0.046905","0.000637","0.358277","0.023405","0.055015","0.003582","295","4","311","17","413","137","295","4","5.423729",,,,,"LA_ICP_MS","siliciclastic","61","35","U1431D","Upper Miocene",,,,,,,,,,,,,,,,,
"Cao, L et al.","2021","Geological Society of America Bulletin","133","0","Fingerprinting sand from Asian rivers to the deep central South China Sea since the Late Miocene","10.1130/b35845.1","JT1","China","Eastern Asia","Asia","South China Sea",,,"18.4798","116.8015","Neogene","Miocene","11.63","8.48","5.33","zircon","LA_ICP_MS","Wuhan","State Key Laboratory of Geological Processes and Mineral Resources, China University of Geosciences","Agilent 7500a","detrital","siliciclastic","silty to fine sandstone","61","36",,"32","0.081441","0.00122","0.657677","0.037139","0.059483","0.003516","505","7","513","23","585","113","505","7","1.584158",,,,,"LA_ICP_MS","siliciclastic","61","36","U1431D","Upper Miocene",,,,,,,,,,,,,,,,,
"Cao, L et al.","2021","Geological Society of America Bulletin","133","0","Fingerprinting sand from Asian rivers to the deep central South China Sea since the Late Miocene","10.1130/b35845.1","JT1","China","Eastern Asia","Asia","South China Sea",,,"18.4798","116.8015","Neogene","Miocene","11.63","8.48","5.33","zircon","LA_ICP_MS","Wuhan","State Key Laboratory of Geological Processes and Mineral Resources, China University of Geosciences","Agilent 7500a","detrital","siliciclastic","silty to fine sandstone","61","37",,"32","0.041123","0.000618","0.305618","0.01982","0.054553","0.003744","260","4","271","15","394","135","260","4","4.230769",,,,,"LA_ICP_MS","siliciclastic","61","37","U1431D","Upper Miocene",,,,,,,,,,,,,,,,,
"Cao, L et al.","2021","Geological Society of America Bulletin","133","0","Fingerprinting sand from Asian rivers to the deep central South China Sea since the Late Miocene","10.1130/b35845.1","JT1","China","Eastern Asia","Asia","South China Sea",,,"18.4798","116.8015","Neogene","Miocene","11.63","8.48","5.33","zircon","LA_ICP_MS","Wuhan","State Key Laboratory of Geological Processes and Mineral Resources, China University of Geosciences","Agilent 7500a","detrital","siliciclastic","silty to fine sandstone","61","38",,"32","0.171259","0.001892","1.72068","0.043244","0.072595","0.001881","1019","10","1016","16","1003","44","1019","10","0.294406",,,,,"LA_ICP_MS","siliciclastic","61","38","U1431D","Upper Miocene",,,,,,,,,,,,,,,,,
"Cao, L et al.","2021","Geological Society of America Bulletin","133","0","Fingerprinting sand from Asian rivers to the deep central South China Sea since the Late Miocene","10.1130/b35845.1","JT1","China","Eastern Asia","Asia","South China Sea",,,"18.4798","116.8015","Neogene","Miocene","11.63","8.48","5.33","zircon","LA_ICP_MS","Wuhan","State Key Laboratory of Geological Processes and Mineral Resources, China University of Geosciences","Agilent 7500a","detrital","siliciclastic","silty to fine sandstone","61","39",,"32","0.209345","0.002896","2.380758","0.111847","0.082706","0.003999","1225","15","1237","34","1262","84","1262","84","2.931854",,,,,"LA_ICP_MS","siliciclastic","61","39","U1431D","Upper Miocene",,,,,,,,,,,,,,,,,
"Cao, L et al.","2021","Geological Society of America Bulletin","133","0","Fingerprinting sand from Asian rivers to the deep central South China Sea since the Late Miocene","10.1130/b35845.1","JT1","China","Eastern Asia","Asia","South China Sea",,,"18.4798","116.8015","Neogene","Miocene","11.63","8.48","5.33","zircon","LA_ICP_MS","Wuhan","State Key Laboratory of Geological Processes and Mineral Resources, China University of Geosciences","Agilent 7500a","detrital","siliciclastic","silty to fine sandstone","61","40",,"32","0.179245","0.001492","1.789895","0.046288","0.071847","0.001855","1063","8","1042","17","982","47","1063","8","1.975541",,,,,"LA_ICP_MS","siliciclastic","61","40","U1431D","Upper Miocene",,,,,,,,,,,,,,,,,
"Cao, L et al.","2021","Geological Society of America Bulletin","133","0","Fingerprinting sand from Asian rivers to the deep central South China Sea since the Late Miocene","10.1130/b35845.1","JT1","China","Eastern Asia","Asia","South China Sea",,,"18.4798","116.8015","Neogene","Miocene","11.63","8.48","5.33","zircon","LA_ICP_MS","Wuhan","State Key Laboratory of Geological Processes and Mineral Resources, China University of Geosciences","Agilent 7500a","detrital","siliciclastic","silty to fine sandstone","61","41",,"32","0.485377","0.00493","11.036391","0.288233","0.163589","0.004251","2551","21","2526","24","2493","39","2493","39","2.326514",,,,,"LA_ICP_MS","siliciclastic","61","41","U1431D","Upper Miocene",,,,,,,,,,,,,,,,,
"Cao, L et al.","2021","Geological Society of America Bulletin","133","0","Fingerprinting sand from Asian rivers to the deep central South China Sea since the Late Miocene","10.1130/b35845.1","JT1","China","Eastern Asia","Asia","South China Sea",,,"18.4798","116.8015","Neogene","Miocene","11.63","8.48","5.33","zircon","LA_ICP_MS","Wuhan","State Key Laboratory of Geological Processes and Mineral Resources, China University of Geosciences","Agilent 7500a","detrital","siliciclastic","silty to fine sandstone","61","43",,"32","0.039201","0.000587","0.303494","0.016752","0.056629","0.003163","248","4","269","13","477","112","248","4","8.467742",,,,,"LA_ICP_MS","siliciclastic","61","43","U1431D","Upper Miocene",,,,,,,,,,,,,,,,,
"Cao, L et al.","2021","Geological Society of America Bulletin","133","0","Fingerprinting sand from Asian rivers to the deep central South China Sea since the Late Miocene","10.1130/b35845.1","JT1","China","Eastern Asia","Asia","South China Sea",,,"18.4798","116.8015","Neogene","Miocene","11.63","8.48","5.33","zircon","LA_ICP_MS","Wuhan","State Key Laboratory of Geological Processes and Mineral Resources, China University of Geosciences","Agilent 7500a","detrital","siliciclastic","silty to fine sandstone","61","46",,"32","0.035686","0.000497","0.238509","0.014987","0.048281","0.003037","226","3","217","12","113","128","226","3","3.982301",,,,,"LA_ICP_MS","siliciclastic","61","46","U1431D","Upper Miocene",,,,,,,,,,,,,,,,,
"Cao, L et al.","2021","Geological Society of America Bulletin","133","0","Fingerprinting sand from Asian rivers to the deep central South China Sea since the Late Miocene","10.1130/b35845.1","JT1","China","Eastern Asia","Asia","South China Sea",,,"18.4798","116.8015","Neogene","Miocene","11.63","8.48","5.33","zircon","LA_ICP_MS","Wuhan","State Key Laboratory of Geological Processes and Mineral Resources, China University of Geosciences","Agilent 7500a","detrital","siliciclastic","silty to fine sandstone","61","48",,"32","0.075772","0.00079","0.607227","0.020355","0.058074","0.001985","471","5","482","13","533","66","471","5","2.335456",,,,,"LA_ICP_MS","siliciclastic","61","48","U1431D","Upper Miocene",,,,,,,,,,,,,,,,,
"Cao, L et al.","2021","Geological Society of America Bulletin","133","0","Fingerprinting sand from Asian rivers to the deep central South China Sea since the Late Miocene","10.1130/b35845.1","JT1","China","Eastern Asia","Asia","South China Sea",,,"18.4798","116.8015","Neogene","Miocene","11.63","8.48","5.33","zircon","LA_ICP_MS","Wuhan","State Key Laboratory of Geological Processes and Mineral Resources, China University of Geosciences","Agilent 7500a","detrital","siliciclastic","silty to fine sandstone","61","49",,"32","0.154197","0.001748","1.450366","0.050237","0.068084","0.002377","924","10","910","21","871","65","924","10","1.515152",,,,,"LA_ICP_MS","siliciclastic","61","49","U1431D","Upper Miocene",,,,,,,,,,,,,,,,,
"Cao, L et al.","2021","Geological Society of America Bulletin","133","0","Fingerprinting sand from Asian rivers to the deep central South China Sea since the Late Miocene","10.1130/b35845.1","JT1","China","Eastern Asia","Asia","South China Sea",,,"18.4798","116.8015","Neogene","Miocene","11.63","8.48","5.33","zircon","LA_ICP_MS","Wuhan","State Key Laboratory of Geological Processes and Mineral Resources, China University of Geosciences","Agilent 7500a","detrital","siliciclastic","silty to fine sandstone","61","50",,"32","0.040209","0.000697","0.273922","0.014977","0.05105","0.003103","254","4","246","12","243","113","254","4","3.149606",,,,,"LA_ICP_MS","siliciclastic","61","50","U1431D","Upper Miocene",,,,,,,,,,,,,,,,,
"Cao, L et al.","2021","Geological Society of America Bulletin","133","0","Fingerprinting sand from Asian rivers to the deep central South China Sea since the Late Miocene","10.1130/b35845.1","JT1","China","Eastern Asia","Asia","South China Sea",,,"18.4798","116.8015","Neogene","Miocene","11.63","8.48","5.33","zircon","LA_ICP_MS","Wuhan","State Key Laboratory of Geological Processes and Mineral Resources, China University of Geosciences","Agilent 7500a","detrital","siliciclastic","silty to fine sandstone","61","51",,"32","0.257332","0.002888","3.480929","0.108726","0.097898","0.003185","1476","15","1523","25","1584","52","1584","52","6.818182",,,,,"LA_ICP_MS","siliciclastic","61","51","U1431D","Upper Miocene",,,,,,,,,,,,,,,,,
"Cao, L et al.","2021","Geological Society of America Bulletin","133","0","Fingerprinting sand from Asian rivers to the deep central South China Sea since the Late Miocene","10.1130/b35845.1","JT1","China","Eastern Asia","Asia","South China Sea",,,"18.4798","116.8015","Neogene","Miocene","11.63","8.48","5.33","zircon","LA_ICP_MS","Wuhan","State Key Laboratory of Geological Processes and Mineral Resources, China University of Geosciences","Agilent 7500a","detrital","siliciclastic","silty to fine sandstone","61","52",,"32","0.482298","0.005389","10.831484","0.32525","0.162009","0.004907","2537","23","2509","28","2477","45","2477","45","2.422285",,,,,"LA_ICP_MS","siliciclastic","61","52","U1431D","Upper Miocene",,,,,,,,,,,,,,,,,
"Cao, L et al.","2021","Geological Society of America Bulletin","133","0","Fingerprinting sand from Asian rivers to the deep central South China Sea since the Late Miocene","10.1130/b35845.1","JT1","China","Eastern Asia","Asia","South China Sea",,,"18.4798","116.8015","Neogene","Miocene","11.63","8.48","5.33","zircon","LA_ICP_MS","Wuhan","State Key Laboratory of Geological Processes and Mineral Resources, China University of Geosciences","Agilent 7500a","detrital","siliciclastic","silty to fine sandstone","61","53",,"32","0.123299","0.002528","1.177627","0.063586","0.069702","0.00407","750","15","790","30","920","98","750","15","5.333333",,,,,"LA_ICP_MS","siliciclastic","61","53","U1431D","Upper Miocene",,,,,,,,,,,,,,,,,
"Cao, L et al.","2021","Geological Society of America Bulletin","133","0","Fingerprinting sand from Asian rivers to the deep central South China Sea since the Late Miocene","10.1130/b35845.1","JT1","China","Eastern Asia","Asia","South China Sea",,,"18.4798","116.8015","Neogene","Miocene","11.63","8.48","5.33","zircon","LA_ICP_MS","Wuhan","State Key Laboratory of Geological Processes and Mineral Resources, China University of Geosciences","Agilent 7500a","detrital","siliciclastic","silty to fine sandstone","61","55",,"32","0.072655","0.001001","0.596701","0.027982","0.059357","0.00286","452","6","475","18","580","93","452","6","5.088496",,,,,"LA_ICP_MS","siliciclastic","61","55","U1431D","Upper Miocene",,,,,,,,,,,,,,,,,
"Cao, L et al.","2021","Geological Society of America Bulletin","133","0","Fingerprinting sand from Asian rivers to the deep central South China Sea since the Late Miocene","10.1130/b35845.1","JT1","China","Eastern Asia","Asia","South China Sea",,,"18.4798","116.8015","Neogene","Miocene","11.63","8.48","5.33","zircon","LA_ICP_MS","Wuhan","State Key Laboratory of Geological Processes and Mineral Resources, China University of Geosciences","Agilent 7500a","detrital","siliciclastic","silty to fine sandstone","61","56",,"32","0.144243","0.001438","1.266066","0.050541","0.063211","0.00257","869","8","831","23","715","78","869","8","4.372842",,,,,"LA_ICP_MS","siliciclastic","61","56","U1431D","Upper Miocene",,,,,,,,,,,,,,,,,
"Cao, L et al.","2021","Geological Society of America Bulletin","133","0","Fingerprinting sand from Asian rivers to the deep central South China Sea since the Late Miocene","10.1130/b35845.1","JT1","China","Eastern Asia","Asia","South China Sea",,,"18.4798","116.8015","Neogene","Miocene","11.63","8.48","5.33","zircon","LA_ICP_MS","Wuhan","State Key Laboratory of Geological Processes and Mineral Resources, China University of Geosciences","Agilent 7500a","detrital","siliciclastic","silty to fine sandstone","61","57",,"32","0.077913","0.000839","0.579441","0.022856","0.053294","0.002116","484","5","464","15","341","82","484","5","4.132231",,,,,"LA_ICP_MS","siliciclastic","61","57","U1431D","Upper Miocene",,,,,,,,,,,,,,,,,
"Cao, L et al.","2021","Geological Society of America Bulletin","133","0","Fingerprinting sand from Asian rivers to the deep central South China Sea since the Late Miocene","10.1130/b35845.1","JT1","China","Eastern Asia","Asia","South China Sea",,,"18.4798","116.8015","Neogene","Miocene","11.63","8.48","5.33","zircon","LA_ICP_MS","Wuhan","State Key Laboratory of Geological Processes and Mineral Resources, China University of Geosciences","Agilent 7500a","detrital","siliciclastic","silty to fine sandstone","61","58",,"32","0.178228","0.001837","1.747853","0.055867","0.070351","0.002415","1057","10","1026","21","939","59","1057","10","2.932829",,,,,"LA_ICP_MS","siliciclastic","61","58","U1431D","Upper Miocene",,,,,,,,,,,,,,,,,
"Cao, L et al.","2021","Geological Society of America Bulletin","133","0","Fingerprinting sand from Asian rivers to the deep central South China Sea since the Late Miocene","10.1130/b35845.1","JT1","China","Eastern Asia","Asia","South China Sea",,,"18.4798","116.8015","Neogene","Miocene","11.63","8.48","5.33","zircon","LA_ICP_MS","Wuhan","State Key Laboratory of Geological Processes and Mineral Resources, China University of Geosciences","Agilent 7500a","detrital","siliciclastic","silty to fine sandstone","61","59",,"32","0.12095","0.002027","1.066256","0.059835","0.063467","0.003756","736","12","737","29","724","109","736","12","0.13587",,,,,"LA_ICP_MS","siliciclastic","61","59","U1431D","Upper Miocene",,,,,,,,,,,,,,,,,
"Cao, L et al.","2021","Geological Society of America Bulletin","133","0","Fingerprinting sand from Asian rivers to the deep central South China Sea since the Late Miocene","10.1130/b35845.1","JT1","China","Eastern Asia","Asia","South China Sea",,,"18.4798","116.8015","Neogene","Miocene","11.63","8.48","5.33","zircon","LA_ICP_MS","Wuhan","State Key Laboratory of Geological Processes and Mineral Resources, China University of Geosciences","Agilent 7500a","detrital","siliciclastic","silty to fine sandstone","61","60",,"32","0.078538","0.001061","0.595594","0.025609","0.054193","0.002423","487","6","474","16","379","88","487","6","2.669405",,,,,"LA_ICP_MS","siliciclastic","61","60","U1431D","Upper Miocene",,,,,,,,,,,,,,,,,
"Cao, L et al.","2021","Geological Society of America Bulletin","133","0","Fingerprinting sand from Asian rivers to the deep central South China Sea since the Late Miocene","10.1130/b35845.1","JT1","China","Eastern Asia","Asia","South China Sea",,,"18.4798","116.8015","Neogene","Miocene","11.63","8.48","5.33","zircon","LA_ICP_MS","Wuhan","State Key Laboratory of Geological Processes and Mineral Resources, China University of Geosciences","Agilent 7500a","detrital","siliciclastic","silty to fine sandstone","61","61",,"32","0.078321","0.001179","0.561807","0.027352","0.051527","0.002624","486","7","453","18","264","101","486","7","6.790123",,,,,"LA_ICP_MS","siliciclastic","61","61","U1431D","Upper Miocene",,,,,,,,,,,,,,,,,
"Cao, L et al.","2021","Geological Society of America Bulletin","133","0","Fingerprinting sand from Asian rivers to the deep central South China Sea since the Late Miocene","10.1130/b35845.1","JT1","China","Eastern Asia","Asia","South China Sea",,,"18.4798","116.8015","Neogene","Miocene","11.63","8.48","5.33","zircon","LA_ICP_MS","Wuhan","State Key Laboratory of Geological Processes and Mineral Resources, China University of Geosciences","Agilent 7500a","detrital","siliciclastic","silty to fine sandstone","61","62",,"32","0.034333","0.000515","0.226425","0.012116","0.047293","0.002569","218","3","207","10","64","105","218","3","5.045872",,,,,"LA_ICP_MS","siliciclastic","61","62","U1431D","Upper Miocene",,,,,,,,,,,,,,,,,
"Cao, L et al.","2021","Geological Society of America Bulletin","133","0","Fingerprinting sand from Asian rivers to the deep central South China Sea since the Late Miocene","10.1130/b35845.1","JT1","China","Eastern Asia","Asia","South China Sea",,,"18.4798","116.8015","Neogene","Miocene","11.63","8.48","5.33","zircon","LA_ICP_MS","Wuhan","State Key Laboratory of Geological Processes and Mineral Resources, China University of Geosciences","Agilent 7500a","detrital","siliciclastic","silty to fine sandstone","61","64",,"32","0.167013","0.001551","1.590029","0.047547","0.068318","0.002075","996","9","966","19","878","56","996","9","3.012048",,,,,"LA_ICP_MS","siliciclastic","61","64","U1431D","Upper Miocene",,,,,,,,,,,,,,,,,
"Cao, L et al.","2021","Geological Society of America Bulletin","133","0","Fingerprinting sand from Asian rivers to the deep central South China Sea since the Late Miocene","10.1130/b35845.1","JT1","China","Eastern Asia","Asia","South China Sea",,,"18.4798","116.8015","Neogene","Miocene","11.63","8.48","5.33","zircon","LA_ICP_MS","Wuhan","State Key Laboratory of Geological Processes and Mineral Resources, China University of Geosciences","Agilent 7500a","detrital","siliciclastic","silty to fine sandstone","61","65",,"32","0.111724","0.001102","1.040238","0.023869","0.066818","0.001499","683","6","724","12","832","41","683","6","6.002928",,,,,"LA_ICP_MS","siliciclastic","61","65","U1431D","Upper Miocene",,,,,,,,,,,,,,,,,
"Cao, L et al.","2021","Geological Society of America Bulletin","133","0","Fingerprinting sand from Asian rivers to the deep central South China Sea since the Late Miocene","10.1130/b35845.1","JT1","China","Eastern Asia","Asia","South China Sea",,,"18.4798","116.8015","Neogene","Miocene","11.63","8.48","5.33","zircon","LA_ICP_MS","Wuhan","State Key Laboratory of Geological Processes and Mineral Resources, China University of Geosciences","Agilent 7500a","detrital","siliciclastic","silty to fine sandstone","61","66",,"32","0.165155","0.00208","1.615093","0.061557","0.070367","0.002835","985","12","976","24","939","70","985","12","0.913706",,,,,"LA_ICP_MS","siliciclastic","61","66","U1431D","Upper Miocene",,,,,,,,,,,,,,,,,
"Cao, L et al.","2021","Geological Society of America Bulletin","133","0","Fingerprinting sand from Asian rivers to the deep central South China Sea since the Late Miocene","10.1130/b35845.1","JT1","China","Eastern Asia","Asia","South China Sea",,,"18.4798","116.8015","Neogene","Miocene","11.63","8.48","5.33","zircon","LA_ICP_MS","Wuhan","State Key Laboratory of Geological Processes and Mineral Resources, China University of Geosciences","Agilent 7500a","detrital","siliciclastic","silty to fine sandstone","61","68",,"32","0.558641","0.004691","15.293975","0.369676","0.196397","0.004988","2861","19","2834","23","2796","35","2796","35","2.32475",,,,,"LA_ICP_MS","siliciclastic","61","68","U1431D","Upper Miocene",,,,,,,,,,,,,,,,,
"Cao, L et al.","2021","Geological Society of America Bulletin","133","0","Fingerprinting sand from Asian rivers to the deep central South China Sea since the Late Miocene","10.1130/b35845.1","JT1","China","Eastern Asia","Asia","South China Sea",,,"18.4798","116.8015","Neogene","Miocene","11.63","8.48","5.33","zircon","LA_ICP_MS","Wuhan","State Key Laboratory of Geological Processes and Mineral Resources, China University of Geosciences","Agilent 7500a","detrital","siliciclastic","silty to fine sandstone","61","69",,"32","0.17558","0.001776","1.826623","0.060905","0.07504","0.002643","1043","10","1055","22","1070","61","1043","10","1.150527",,,,,"LA_ICP_MS","siliciclastic","61","69","U1431D","Upper Miocene",,,,,,,,,,,,,,,,,
"Cao, L et al.","2021","Geological Society of America Bulletin","133","0","Fingerprinting sand from Asian rivers to the deep central South China Sea since the Late Miocene","10.1130/b35845.1","JT1","China","Eastern Asia","Asia","South China Sea",,,"18.4798","116.8015","Neogene","Miocene","11.63","8.48","5.33","zircon","LA_ICP_MS","Wuhan","State Key Laboratory of Geological Processes and Mineral Resources, China University of Geosciences","Agilent 7500a","detrital","siliciclastic","silty to fine sandstone","61","73",,"32","0.023373","0.000406","0.171346","0.008675","0.053343","0.002827","149","3","161","8","343","103","149","3","8.053691",,,,,"LA_ICP_MS","siliciclastic","61","73","U1431D","Upper Miocene",,,,,,,,,,,,,,,,,
"Cao, L et al.","2021","Geological Society of America Bulletin","133","0","Fingerprinting sand from Asian rivers to the deep central South China Sea since the Late Miocene","10.1130/b35845.1","JT1","China","Eastern Asia","Asia","South China Sea",,,"18.4798","116.8015","Neogene","Miocene","11.63","8.48","5.33","zircon","LA_ICP_MS","Wuhan","State Key Laboratory of Geological Processes and Mineral Resources, China University of Geosciences","Agilent 7500a","detrital","siliciclastic","silty to fine sandstone","61","75",,"32","0.074658","0.001025","0.60142","0.035106","0.057821","0.003255","464","6","478","22","523","125","464","6","3.017241",,,,,"LA_ICP_MS","siliciclastic","61","75","U1431D","Upper Miocene",,,,,,,,,,,,,,,,,
"Cao, L et al.","2021","Geological Society of America Bulletin","133","0","Fingerprinting sand from Asian rivers to the deep central South China Sea since the Late Miocene","10.1130/b35845.1","JT1","China","Eastern Asia","Asia","South China Sea",,,"18.4798","116.8015","Neogene","Miocene","11.63","8.48","5.33","zircon","LA_ICP_MS","Wuhan","State Key Laboratory of Geological Processes and Mineral Resources, China University of Geosciences","Agilent 7500a","detrital","siliciclastic","silty to fine sandstone","61","76",,"32","0.137461","0.002336","1.271038","0.068386","0.066733","0.003544","830","13","833","31","829","107","830","13","0.361446",,,,,"LA_ICP_MS","siliciclastic","61","76","U1431D","Upper Miocene",,,,,,,,,,,,,,,,,
"Cao, L et al.","2021","Geological Society of America Bulletin","133","0","Fingerprinting sand from Asian rivers to the deep central South China Sea since the Late Miocene","10.1130/b35845.1","JT1","China","Eastern Asia","Asia","South China Sea",,,"18.4798","116.8015","Neogene","Miocene","11.63","8.48","5.33","zircon","LA_ICP_MS","Wuhan","State Key Laboratory of Geological Processes and Mineral Resources, China University of Geosciences","Agilent 7500a","detrital","siliciclastic","silty to fine sandstone","61","77",,"32","0.147168","0.00264","1.396477","0.051966","0.068463","0.002399","885","15","887","22","883","67","885","15","0.225989",,,,,"LA_ICP_MS","siliciclastic","61","77","U1431D","Upper Miocene",,,,,,,,,,,,,,,,,
"Cao, L et al.","2021","Geological Society of America Bulletin","133","0","Fingerprinting sand from Asian rivers to the deep central South China Sea since the Late Miocene","10.1130/b35845.1","JT2","China","Eastern Asia","Asia","South China Sea",,,"18.4798","116.8015","Neogene","Miocene","11.63","8.48","5.33","zircon","LA_ICP_MS","Wuhan","State Key Laboratory of Geological Processes and Mineral Resources, China University of Geosciences","Agilent 7500a","detrital","siliciclastic","siltstone, silty claystone","29","1",,"32","0.121589","0.001684","1.015235","0.047322","0.060154","0.002744","740","10","712","24","609","96","740","10","3.783784",,,,,"LA_ICP_MS","siliciclastic","29","1","U1431D","Upper Miocene",,,,,,,,,,,,,,,,,
"Cao, L et al.","2021","Geological Society of America Bulletin","133","0","Fingerprinting sand from Asian rivers to the deep central South China Sea since the Late Miocene","10.1130/b35845.1","JT2","China","Eastern Asia","Asia","South China Sea",,,"18.4798","116.8015","Neogene","Miocene","11.63","8.48","5.33","zircon","LA_ICP_MS","Wuhan","State Key Laboratory of Geological Processes and Mineral Resources, China University of Geosciences","Agilent 7500a","detrital","siliciclastic","siltstone, silty claystone","29","2",,"32","0.279931","0.002729","3.899471","0.118854","0.10025","0.00299","1591","14","1614","25","1629","54","1629","54","2.332719",,,,,"LA_ICP_MS","siliciclastic","29","2","U1431D","Upper Miocene",,,,,,,,,,,,,,,,,
"Cao, L et al.","2021","Geological Society of America Bulletin","133","0","Fingerprinting sand from Asian rivers to the deep central South China Sea since the Late Miocene","10.1130/b35845.1","JT2","China","Eastern Asia","Asia","South China Sea",,,"18.4798","116.8015","Neogene","Miocene","11.63","8.48","5.33","zircon","LA_ICP_MS","Wuhan","State Key Laboratory of Geological Processes and Mineral Resources, China University of Geosciences","Agilent 7500a","detrital","siliciclastic","siltstone, silty claystone","29","3",,"32","0.182176","0.001615","1.929727","0.049392","0.076328","0.001943","1079","9","1091","17","1104","48","1079","9","1.112141",,,,,"LA_ICP_MS","siliciclastic","29","3","U1431D","Upper Miocene",,,,,,,,,,,,,,,,,
"Cao, L et al.","2021","Geological Society of America Bulletin","133","0","Fingerprinting sand from Asian rivers to the deep central South China Sea since the Late Miocene","10.1130/b35845.1","JT2","China","Eastern Asia","Asia","South China Sea",,,"18.4798","116.8015","Neogene","Miocene","11.63","8.48","5.33","zircon","LA_ICP_MS","Wuhan","State Key Laboratory of Geological Processes and Mineral Resources, China University of Geosciences","Agilent 7500a","detrital","siliciclastic","siltstone, silty claystone","29","4",,"32","0.027541","0.000312","0.187598","0.007605","0.049433","0.002006","175","2","175","7","168","89","175","2","0",,,,,"LA_ICP_MS","siliciclastic","29","4","U1431D","Upper Miocene",,,,,,,,,,,,,,,,,
"Cao, L et al.","2021","Geological Society of America Bulletin","133","0","Fingerprinting sand from Asian rivers to the deep central South China Sea since the Late Miocene","10.1130/b35845.1","JT2","China","Eastern Asia","Asia","South China Sea",,,"18.4798","116.8015","Neogene","Miocene","11.63","8.48","5.33","zircon","LA_ICP_MS","Wuhan","State Key Laboratory of Geological Processes and Mineral Resources, China University of Geosciences","Agilent 7500a","detrital","siliciclastic","siltstone, silty claystone","29","5",,"32","0.150072","0.001893","1.753431","0.049886","0.084444","0.002661","894","10","972","20","1154","56","894","10","8.724832",,,,,"LA_ICP_MS","siliciclastic","29","5","U1431D","Upper Miocene",,,,,,,,,,,,,,,,,
"Cao, L et al.","2021","Geological Society of America Bulletin","133","0","Fingerprinting sand from Asian rivers to the deep central South China Sea since the Late Miocene","10.1130/b35845.1","JT2","China","Eastern Asia","Asia","South China Sea",,,"18.4798","116.8015","Neogene","Miocene","11.63","8.48","5.33","zircon","LA_ICP_MS","Wuhan","State Key Laboratory of Geological Processes and Mineral Resources, China University of Geosciences","Agilent 7500a","detrital","siliciclastic","siltstone, silty claystone","29","7",,"32","0.063377","0.000871","0.513475","0.014885","0.058459","0.001696","396","5","421","10","547","56","396","5","6.313131",,,,,"LA_ICP_MS","siliciclastic","29","7","U1431D","Upper Miocene",,,,,,,,,,,,,,,,,
"Cao, L et al.","2021","Geological Society of America Bulletin","133","0","Fingerprinting sand from Asian rivers to the deep central South China Sea since the Late Miocene","10.1130/b35845.1","JT2","China","Eastern Asia","Asia","South China Sea",,,"18.4798","116.8015","Neogene","Miocene","11.63","8.48","5.33","zircon","LA_ICP_MS","Wuhan","State Key Laboratory of Geological Processes and Mineral Resources, China University of Geosciences","Agilent 7500a","detrital","siliciclastic","siltstone, silty claystone","29","10",,"32","0.066726","0.001116","0.506414","0.031526","0.05509","0.00333","416","7","416","21","416","134","416","7","0",,,,,"LA_ICP_MS","siliciclastic","29","10","U1431D","Upper Miocene",,,,,,,,,,,,,,,,,
"Cao, L et al.","2021","Geological Society of America Bulletin","133","0","Fingerprinting sand from Asian rivers to the deep central South China Sea since the Late Miocene","10.1130/b35845.1","JT2","China","Eastern Asia","Asia","South China Sea",,,"18.4798","116.8015","Neogene","Miocene","11.63","8.48","5.33","zircon","LA_ICP_MS","Wuhan","State Key Laboratory of Geological Processes and Mineral Resources, China University of Geosciences","Agilent 7500a","detrital","siliciclastic","siltstone, silty claystone","29","11",,"32","0.12646","0.001674","1.229679","0.051372","0.070056","0.002819","768","10","814","23","930","81","768","10","5.989583",,,,,"LA_ICP_MS","siliciclastic","29","11","U1431D","Upper Miocene",,,,,,,,,,,,,,,,,
"Cao, L et al.","2021","Geological Society of America Bulletin","133","0","Fingerprinting sand from Asian rivers to the deep central South China Sea since the Late Miocene","10.1130/b35845.1","JT2","China","Eastern Asia","Asia","South China Sea",,,"18.4798","116.8015","Neogene","Miocene","11.63","8.48","5.33","zircon","LA_ICP_MS","Wuhan","State Key Laboratory of Geological Processes and Mineral Resources, China University of Geosciences","Agilent 7500a","detrital","siliciclastic","siltstone, silty claystone","29","13",,"32","0.162494","0.002009","1.636","0.057728","0.072316","0.002437","971","11","984","22","995","67","971","11","1.338826",,,,,"LA_ICP_MS","siliciclastic","29","13","U1431D","Upper Miocene",,,,,,,,,,,,,,,,,
"Cao, L et al.","2021","Geological Society of America Bulletin","133","0","Fingerprinting sand from Asian rivers to the deep central South China Sea since the Late Miocene","10.1130/b35845.1","JT2","China","Eastern Asia","Asia","South China Sea",,,"18.4798","116.8015","Neogene","Miocene","11.63","8.48","5.33","zircon","LA_ICP_MS","Wuhan","State Key Laboratory of Geological Processes and Mineral Resources, China University of Geosciences","Agilent 7500a","detrital","siliciclastic","siltstone, silty claystone","29","14",,"32","0.037201","0.000694","0.278577","0.015295","0.054005","0.003144","235","4","250","12","371","117","235","4","6.382979",,,,,"LA_ICP_MS","siliciclastic","29","14","U1431D","Upper Miocene",,,,,,,,,,,,,,,,,
"Cao, L et al.","2021","Geological Society of America Bulletin","133","0","Fingerprinting sand from Asian rivers to the deep central South China Sea since the Late Miocene","10.1130/b35845.1","JT2","China","Eastern Asia","Asia","South China Sea",,,"18.4798","116.8015","Neogene","Miocene","11.63","8.48","5.33","zircon","LA_ICP_MS","Wuhan","State Key Laboratory of Geological Processes and Mineral Resources, China University of Geosciences","Agilent 7500a","detrital","siliciclastic","siltstone, silty claystone","29","15",,"32","0.143631","0.002289","1.420727","0.052297","0.072334","0.002819","865","13","898","22","995","67","865","13","3.815029",,,,,"LA_ICP_MS","siliciclastic","29","15","U1431D","Upper Miocene",,,,,,,,,,,,,,,,,
"Cao, L et al.","2021","Geological Society of America Bulletin","133","0","Fingerprinting sand from Asian rivers to the deep central South China Sea since the Late Miocene","10.1130/b35845.1","JT2","China","Eastern Asia","Asia","South China Sea",,,"18.4798","116.8015","Neogene","Miocene","11.63","8.48","5.33","zircon","LA_ICP_MS","Wuhan","State Key Laboratory of Geological Processes and Mineral Resources, China University of Geosciences","Agilent 7500a","detrital","siliciclastic","siltstone, silty claystone","29","16",,"32","0.278364","0.002478","4.107692","0.103692","0.105752","0.002854","1583","12","1656","21","1727","43","1727","43","8.338159",,,,,"LA_ICP_MS","siliciclastic","29","16","U1431D","Upper Miocene",,,,,,,,,,,,,,,,,
"Cao, L et al.","2021","Geological Society of America Bulletin","133","0","Fingerprinting sand from Asian rivers to the deep central South China Sea since the Late Miocene","10.1130/b35845.1","JT2","China","Eastern Asia","Asia","South China Sea",,,"18.4798","116.8015","Neogene","Miocene","11.63","8.48","5.33","zircon","LA_ICP_MS","Wuhan","State Key Laboratory of Geological Processes and Mineral Resources, China University of Geosciences","Agilent 7500a","detrital","siliciclastic","siltstone, silty claystone","29","19",,"32","0.035484","0.000629","0.255085","0.012289","0.05181","0.002701","225","4","231","10","277","102","225","4","2.666667",,,,,"LA_ICP_MS","siliciclastic","29","19","U1431D","Upper Miocene",,,,,,,,,,,,,,,,,
"Cao, L et al.","2021","Geological Society of America Bulletin","133","0","Fingerprinting sand from Asian rivers to the deep central South China Sea since the Late Miocene","10.1130/b35845.1","JT2","China","Eastern Asia","Asia","South China Sea",,,"18.4798","116.8015","Neogene","Miocene","11.63","8.48","5.33","zircon","LA_ICP_MS","Wuhan","State Key Laboratory of Geological Processes and Mineral Resources, China University of Geosciences","Agilent 7500a","detrital","siliciclastic","siltstone, silty claystone","29","20",,"32","0.238286","0.002031","2.837016","0.077494","0.085371","0.002471","1378","11","1365","21","1324","50","1324","50","4.07855",,,,,"LA_ICP_MS","siliciclastic","29","20","U1431D","Upper Miocene",,,,,,,,,,,,,,,,,
"Cao, L et al.","2021","Geological Society of America Bulletin","133","0","Fingerprinting sand from Asian rivers to the deep central South China Sea since the Late Miocene","10.1130/b35845.1","JT2","China","Eastern Asia","Asia","South China Sea",,,"18.4798","116.8015","Neogene","Miocene","11.63","8.48","5.33","zircon","LA_ICP_MS","Wuhan","State Key Laboratory of Geological Processes and Mineral Resources, China University of Geosciences","Agilent 7500a","detrital","siliciclastic","siltstone, silty claystone","29","21",,"32","0.064466","0.00111","0.459534","0.02287","0.051739","0.002681","403","7","384","16","274","107","403","7","4.71464",,,,,"LA_ICP_MS","siliciclastic","29","21","U1431D","Upper Miocene",,,,,,,,,,,,,,,,,
"Cao, L et al.","2021","Geological Society of America Bulletin","133","0","Fingerprinting sand from Asian rivers to the deep central South China Sea since the Late Miocene","10.1130/b35845.1","JT2","China","Eastern Asia","Asia","South China Sea",,,"18.4798","116.8015","Neogene","Miocene","11.63","8.48","5.33","zircon","LA_ICP_MS","Wuhan","State Key Laboratory of Geological Processes and Mineral Resources, China University of Geosciences","Agilent 7500a","detrital","siliciclastic","siltstone, silty claystone","29","22",,"32","0.042573","0.000563","0.301587","0.021066","0.051454","0.003697","269","3","268","16","261","155","269","3","0.371747",,,,,"LA_ICP_MS","siliciclastic","29","22","U1431D","Upper Miocene",,,,,,,,,,,,,,,,,
"Cao, L et al.","2021","Geological Society of America Bulletin","133","0","Fingerprinting sand from Asian rivers to the deep central South China Sea since the Late Miocene","10.1130/b35845.1","JT2","China","Eastern Asia","Asia","South China Sea",,,"18.4798","116.8015","Neogene","Miocene","11.63","8.48","5.33","zircon","LA_ICP_MS","Wuhan","State Key Laboratory of Geological Processes and Mineral Resources, China University of Geosciences","Agilent 7500a","detrital","siliciclastic","siltstone, silty claystone","29","23",,"32","0.016284","0.000233","0.107251","0.006706","0.047322","0.002911","104","1","103","6","66","131","104","1","0.961538",,,,,"LA_ICP_MS","siliciclastic","29","23","U1431D","Upper Miocene",,,,,,,,,,,,,,,,,
"Cao, L et al.","2021","Geological Society of America Bulletin","133","0","Fingerprinting sand from Asian rivers to the deep central South China Sea since the Late Miocene","10.1130/b35845.1","JT2","China","Eastern Asia","Asia","South China Sea",,,"18.4798","116.8015","Neogene","Miocene","11.63","8.48","5.33","zircon","LA_ICP_MS","Wuhan","State Key Laboratory of Geological Processes and Mineral Resources, China University of Geosciences","Agilent 7500a","detrital","siliciclastic","siltstone, silty claystone","29","24",,"32","0.03803","0.000646","0.298169","0.016534","0.056525","0.003015","241","4","265","13","473","117","241","4","9.958506",,,,,"LA_ICP_MS","siliciclastic","29","24","U1431D","Upper Miocene",,,,,,,,,,,,,,,,,
"Cao, L et al.","2021","Geological Society of America Bulletin","133","0","Fingerprinting sand from Asian rivers to the deep central South China Sea since the Late Miocene","10.1130/b35845.1","JT2","China","Eastern Asia","Asia","South China Sea",,,"18.4798","116.8015","Neogene","Miocene","11.63","8.48","5.33","zircon","LA_ICP_MS","Wuhan","State Key Laboratory of Geological Processes and Mineral Resources, China University of Geosciences","Agilent 7500a","detrital","siliciclastic","siltstone, silty claystone","29","25",,"32","0.070491","0.000954","0.585713","0.02769","0.060372","0.002946","439","6","468","18","617","98","439","6","6.605923",,,,,"LA_ICP_MS","siliciclastic","29","25","U1431D","Upper Miocene",,,,,,,,,,,,,,,,,
"Cao, L et al.","2021","Geological Society of America Bulletin","133","0","Fingerprinting sand from Asian rivers to the deep central South China Sea since the Late Miocene","10.1130/b35845.1","JT2","China","Eastern Asia","Asia","South China Sea",,,"18.4798","116.8015","Neogene","Miocene","11.63","8.48","5.33","zircon","LA_ICP_MS","Wuhan","State Key Laboratory of Geological Processes and Mineral Resources, China University of Geosciences","Agilent 7500a","detrital","siliciclastic","siltstone, silty claystone","29","26",,"32","0.016156","0.000468","0.110925","0.015245","0.047686","0.006587","103","3","107","14","84","261","103","3","3.883495",,,,,"LA_ICP_MS","siliciclastic","29","26","U1431D","Upper Miocene",,,,,,,,,,,,,,,,,
"Cao, L et al.","2021","Geological Society of America Bulletin","133","0","Fingerprinting sand from Asian rivers to the deep central South China Sea since the Late Miocene","10.1130/b35845.1","JT2","China","Eastern Asia","Asia","South China Sea",,,"18.4798","116.8015","Neogene","Miocene","11.63","8.48","5.33","zircon","LA_ICP_MS","Wuhan","State Key Laboratory of Geological Processes and Mineral Resources, China University of Geosciences","Agilent 7500a","detrital","siliciclastic","siltstone, silty claystone","29","27",,"32","0.04712","0.000632","0.344652","0.01834","0.052305","0.002943","297","4","301","14","299","117","297","4","1.346801",,,,,"LA_ICP_MS","siliciclastic","29","27","U1431D","Upper Miocene",,,,,,,,,,,,,,,,,
"Cao, L et al.","2021","Geological Society of America Bulletin","133","0","Fingerprinting sand from Asian rivers to the deep central South China Sea since the Late Miocene","10.1130/b35845.1","JT2","China","Eastern Asia","Asia","South China Sea",,,"18.4798","116.8015","Neogene","Miocene","11.63","8.48","5.33","zircon","LA_ICP_MS","Wuhan","State Key Laboratory of Geological Processes and Mineral Resources, China University of Geosciences","Agilent 7500a","detrital","siliciclastic","siltstone, silty claystone","29","28",,"32","0.162228","0.00183","1.598928","0.059343","0.071073","0.002645","969","10","970","23","960","72","969","10","0.103199",,,,,"LA_ICP_MS","siliciclastic","29","28","U1431D","Upper Miocene",,,,,,,,,,,,,,,,,
"Cao, L et al.","2021","Geological Society of America Bulletin","133","0","Fingerprinting sand from Asian rivers to the deep central South China Sea since the Late Miocene","10.1130/b35845.1","JT2","China","Eastern Asia","Asia","South China Sea",,,"18.4798","116.8015","Neogene","Miocene","11.63","8.48","5.33","zircon","LA_ICP_MS","Wuhan","State Key Laboratory of Geological Processes and Mineral Resources, China University of Geosciences","Agilent 7500a","detrital","siliciclastic","siltstone, silty claystone","29","31",,"32","0.145193","0.001395","1.454516","0.038535","0.071831","0.001916","874","8","912","16","981","50","874","8","4.347826",,,,,"LA_ICP_MS","siliciclastic","29","31","U1431D","Upper Miocene",,,,,,,,,,,,,,,,,
"Cao, L et al.","2021","Geological Society of America Bulletin","133","0","Fingerprinting sand from Asian rivers to the deep central South China Sea since the Late Miocene","10.1130/b35845.1","JT2","China","Eastern Asia","Asia","South China Sea",,,"18.4798","116.8015","Neogene","Miocene","11.63","8.48","5.33","zircon","LA_ICP_MS","Wuhan","State Key Laboratory of Geological Processes and Mineral Resources, China University of Geosciences","Agilent 7500a","detrital","siliciclastic","siltstone, silty claystone","29","32",,"32","0.417781","0.003925","9.561793","0.211462","0.16388","0.003631","2250","18","2394","20","2496","34","2496","34","9.855769",,,,,"LA_ICP_MS","siliciclastic","29","32","U1431D","Upper Miocene",,,,,,,,,,,,,,,,,
"Cao, L et al.","2021","Geological Society of America Bulletin","133","0","Fingerprinting sand from Asian rivers to the deep central South China Sea since the Late Miocene","10.1130/b35845.1","JT2","China","Eastern Asia","Asia","South China Sea",,,"18.4798","116.8015","Neogene","Miocene","11.63","8.48","5.33","zircon","LA_ICP_MS","Wuhan","State Key Laboratory of Geological Processes and Mineral Resources, China University of Geosciences","Agilent 7500a","detrital","siliciclastic","siltstone, silty claystone","29","33",,"32","0.166243","0.002662","1.873282","0.080445","0.080701","0.003455","991","15","1072","28","1214","78","991","15","8.173562",,,,,"LA_ICP_MS","siliciclastic","29","33","U1431D","Upper Miocene",,,,,,,,,,,,,,,,,
"Cao, L et al.","2021","Geological Society of America Bulletin","133","0","Fingerprinting sand from Asian rivers to the deep central South China Sea since the Late Miocene","10.1130/b35845.1","JT2","China","Eastern Asia","Asia","South China Sea",,,"18.4798","116.8015","Neogene","Miocene","11.63","8.48","5.33","zircon","LA_ICP_MS","Wuhan","State Key Laboratory of Geological Processes and Mineral Resources, China University of Geosciences","Agilent 7500a","detrital","siliciclastic","siltstone, silty claystone","29","34",,"32","0.234003","0.003673","2.856884","0.077753","0.087724","0.002509","1355","19","1371","20","1376","43","1376","43","1.526163",,,,,"LA_ICP_MS","siliciclastic","29","34","U1431D","Upper Miocene",,,,,,,,,,,,,,,,,
"Cao, L et al.","2021","Geological Society of America Bulletin","133","0","Fingerprinting sand from Asian rivers to the deep central South China Sea since the Late Miocene","10.1130/b35845.1","JT2","China","Eastern Asia","Asia","South China Sea",,,"18.4798","116.8015","Neogene","Miocene","11.63","8.48","5.33","zircon","LA_ICP_MS","Wuhan","State Key Laboratory of Geological Processes and Mineral Resources, China University of Geosciences","Agilent 7500a","detrital","siliciclastic","siltstone, silty claystone","29","37",,"32","0.058279","0.001031","0.474542","0.028784","0.058137","0.003495","365","6","394","20","535","128","365","6","7.945205",,,,,"LA_ICP_MS","siliciclastic","29","37","U1431D","Upper Miocene",,,,,,,,,,,,,,,,,
"Cao, L et al.","2021","Geological Society of America Bulletin","133","0","Fingerprinting sand from Asian rivers to the deep central South China Sea since the Late Miocene","10.1130/b35845.1","JT2","China","Eastern Asia","Asia","South China Sea",,,"18.4798","116.8015","Neogene","Miocene","11.63","8.48","5.33","zircon","LA_ICP_MS","Wuhan","State Key Laboratory of Geological Processes and Mineral Resources, China University of Geosciences","Agilent 7500a","detrital","siliciclastic","siltstone, silty claystone","29","38",,"32","0.361519","0.00305","7.020659","0.171016","0.138294","0.00344","1989","14","2114","22","2206","40","2206","40","9.836809",,,,,"LA_ICP_MS","siliciclastic","29","38","U1431D","Upper Miocene",,,,,,,,,,,,,,,,,
"Cao, L et al.","2021","Geological Society of America Bulletin","133","0","Fingerprinting sand from Asian rivers to the deep central South China Sea since the Late Miocene","10.1130/b35845.1","JT2","China","Eastern Asia","Asia","South China Sea",,,"18.4798","116.8015","Neogene","Miocene","11.63","8.48","5.33","zircon","LA_ICP_MS","Wuhan","State Key Laboratory of Geological Processes and Mineral Resources, China University of Geosciences","Agilent 7500a","detrital","siliciclastic","siltstone, silty claystone","29","40",,"32","0.068652","0.00074","0.516359","0.019604","0.053688","0.002043","428","4","423","13","358","79","428","4","1.168224",,,,,"LA_ICP_MS","siliciclastic","29","40","U1431D","Upper Miocene",,,,,,,,,,,,,,,,,
"Cao, L et al.","2021","Geological Society of America Bulletin","133","0","Fingerprinting sand from Asian rivers to the deep central South China Sea since the Late Miocene","10.1130/b35845.1","JT3","China","Eastern Asia","Asia","South China Sea",,,"18.4798","116.8015","Neogene","Miocene","11.63","8.48","5.33","zircon","LA_ICP_MS","Wuhan","State Key Laboratory of Geological Processes and Mineral Resources, China University of Geosciences","Agilent 7500a","detrital","siliciclastic","calcareous to silty sandstone, calcareous siltstone","77","1",,"32","0.026058","0.000524","0.174937","0.013553","0.048238","0.00346","166","3","164","12","111","158","166","3","1.204819",,,,,"LA_ICP_MS","siliciclastic","77","1","U1431D","Upper Miocene",,,,,,,,,,,,,,,,,
"Cao, L et al.","2021","Geological Society of America Bulletin","133","0","Fingerprinting sand from Asian rivers to the deep central South China Sea since the Late Miocene","10.1130/b35845.1","JT3","China","Eastern Asia","Asia","South China Sea",,,"18.4798","116.8015","Neogene","Miocene","11.63","8.48","5.33","zircon","LA_ICP_MS","Wuhan","State Key Laboratory of Geological Processes and Mineral Resources, China University of Geosciences","Agilent 7500a","detrital","siliciclastic","calcareous to silty sandstone, calcareous siltstone","77","2",,"32","0.31019","0.002419","4.730009","0.114511","0.109841","0.002672","1742","12","1773","20","1797","40","1797","40","3.060657",,,,,"LA_ICP_MS","siliciclastic","77","2","U1431D","Upper Miocene",,,,,,,,,,,,,,,,,
"Cao, L et al.","2021","Geological Society of America Bulletin","133","0","Fingerprinting sand from Asian rivers to the deep central South China Sea since the Late Miocene","10.1130/b35845.1","JT3","China","Eastern Asia","Asia","South China Sea",,,"18.4798","116.8015","Neogene","Miocene","11.63","8.48","5.33","zircon","LA_ICP_MS","Wuhan","State Key Laboratory of Geological Processes and Mineral Resources, China University of Geosciences","Agilent 7500a","detrital","siliciclastic","calcareous to silty sandstone, calcareous siltstone","77","3",,"32","0.066045","0.000523","0.514916","0.014342","0.056138","0.001634","412","3","422","10","458","57","412","3","2.427184",,,,,"LA_ICP_MS","siliciclastic","77","3","U1431D","Upper Miocene",,,,,,,,,,,,,,,,,
"Cao, L et al.","2021","Geological Society of America Bulletin","133","0","Fingerprinting sand from Asian rivers to the deep central South China Sea since the Late Miocene","10.1130/b35845.1","JT3","China","Eastern Asia","Asia","South China Sea",,,"18.4798","116.8015","Neogene","Miocene","11.63","8.48","5.33","zircon","LA_ICP_MS","Wuhan","State Key Laboratory of Geological Processes and Mineral Resources, China University of Geosciences","Agilent 7500a","detrital","siliciclastic","calcareous to silty sandstone, calcareous siltstone","77","5",,"32","0.128433","0.001595","1.219739","0.046064","0.068789","0.00267","779","9","810","21","892","71","779","9","3.979461",,,,,"LA_ICP_MS","siliciclastic","77","5","U1431D","Upper Miocene",,,,,,,,,,,,,,,,,
"Cao, L et al.","2021","Geological Society of America Bulletin","133","0","Fingerprinting sand from Asian rivers to the deep central South China Sea since the Late Miocene","10.1130/b35845.1","JT3","China","Eastern Asia","Asia","South China Sea",,,"18.4798","116.8015","Neogene","Miocene","11.63","8.48","5.33","zircon","LA_ICP_MS","Wuhan","State Key Laboratory of Geological Processes and Mineral Resources, China University of Geosciences","Agilent 7500a","detrital","siliciclastic","calcareous to silty sandstone, calcareous siltstone","77","6",,"32","0.167738","0.003363","1.576864","0.077319","0.067198","0.00365","1000","19","961","30","844","90","1000","19","3.9",,,,,"LA_ICP_MS","siliciclastic","77","6","U1431D","Upper Miocene",,,,,,,,,,,,,,,,,
"Cao, L et al.","2021","Geological Society of America Bulletin","133","0","Fingerprinting sand from Asian rivers to the deep central South China Sea since the Late Miocene","10.1130/b35845.1","JT3","China","Eastern Asia","Asia","South China Sea",,,"18.4798","116.8015","Neogene","Miocene","11.63","8.48","5.33","zircon","LA_ICP_MS","Wuhan","State Key Laboratory of Geological Processes and Mineral Resources, China University of Geosciences","Agilent 7500a","detrital","siliciclastic","calcareous to silty sandstone, calcareous siltstone","77","7",,"32","0.016666","0.000236","0.111307","0.005378","0.048194","0.002334","107","1","107","5","109","98","107","1","0",,,,,"LA_ICP_MS","siliciclastic","77","7","U1431D","Upper Miocene",,,,,,,,,,,,,,,,,
"Cao, L et al.","2021","Geological Society of America Bulletin","133","0","Fingerprinting sand from Asian rivers to the deep central South China Sea since the Late Miocene","10.1130/b35845.1","JT3","China","Eastern Asia","Asia","South China Sea",,,"18.4798","116.8015","Neogene","Miocene","11.63","8.48","5.33","zircon","LA_ICP_MS","Wuhan","State Key Laboratory of Geological Processes and Mineral Resources, China University of Geosciences","Agilent 7500a","detrital","siliciclastic","calcareous to silty sandstone, calcareous siltstone","77","8",,"32","0.058747","0.001052","0.492694","0.024545","0.060036","0.002719","368","6","407","17","605","97","368","6","10.597826",,,,,"LA_ICP_MS","siliciclastic","77","8","U1431D","Upper Miocene",,,,,,,,,,,,,,,,,
"Cao, L et al.","2021","Geological Society of America Bulletin","133","0","Fingerprinting sand from Asian rivers to the deep central South China Sea since the Late Miocene","10.1130/b35845.1","JT3","China","Eastern Asia","Asia","South China Sea",,,"18.4798","116.8015","Neogene","Miocene","11.63","8.48","5.33","zircon","LA_ICP_MS","Wuhan","State Key Laboratory of Geological Processes and Mineral Resources, China University of Geosciences","Agilent 7500a","detrital","siliciclastic","calcareous to silty sandstone, calcareous siltstone","77","9",,"32","0.038129","0.000646","0.279356","0.016977","0.053379","0.003496","241","4","250","13","345","127","241","4","3.73444",,,,,"LA_ICP_MS","siliciclastic","77","9","U1431D","Upper Miocene",,,,,,,,,,,,,,,,,
"Cao, L et al.","2021","Geological Society of America Bulletin","133","0","Fingerprinting sand from Asian rivers to the deep central South China Sea since the Late Miocene","10.1130/b35845.1","JT3","China","Eastern Asia","Asia","South China Sea",,,"18.4798","116.8015","Neogene","Miocene","11.63","8.48","5.33","zircon","LA_ICP_MS","Wuhan","State Key Laboratory of Geological Processes and Mineral Resources, China University of Geosciences","Agilent 7500a","detrital","siliciclastic","calcareous to silty sandstone, calcareous siltstone","77","10",,"32","0.060314","0.001537","0.444786","0.034333","0.052568","0.004213","378","9","374","24","310","159","378","9","1.058201",,,,,"LA_ICP_MS","siliciclastic","77","10","U1431D","Upper Miocene",,,,,,,,,,,,,,,,,
"Cao, L et al.","2021","Geological Society of America Bulletin","133","0","Fingerprinting sand from Asian rivers to the deep central South China Sea since the Late Miocene","10.1130/b35845.1","JT3","China","Eastern Asia","Asia","South China Sea",,,"18.4798","116.8015","Neogene","Miocene","11.63","8.48","5.33","zircon","LA_ICP_MS","Wuhan","State Key Laboratory of Geological Processes and Mineral Resources, China University of Geosciences","Agilent 7500a","detrital","siliciclastic","calcareous to silty sandstone, calcareous siltstone","77","11",,"32","0.039831","0.000709","0.288397","0.014088","0.052013","0.002332","252","4","257","11","286","100","252","4","1.984127",,,,,"LA_ICP_MS","siliciclastic","77","11","U1431D","Upper Miocene",,,,,,,,,,,,,,,,,
"Cao, L et al.","2021","Geological Society of America Bulletin","133","0","Fingerprinting sand from Asian rivers to the deep central South China Sea since the Late Miocene","10.1130/b35845.1","JT3","China","Eastern Asia","Asia","South China Sea",,,"18.4798","116.8015","Neogene","Miocene","11.63","8.48","5.33","zircon","LA_ICP_MS","Wuhan","State Key Laboratory of Geological Processes and Mineral Resources, China University of Geosciences","Agilent 7500a","detrital","siliciclastic","calcareous to silty sandstone, calcareous siltstone","77","12",,"32","0.071853","0.00168","0.55773","0.034758","0.056093","0.003484","447","10","450","23","456","124","447","10","0.671141",,,,,"LA_ICP_MS","siliciclastic","77","12","U1431D","Upper Miocene",,,,,,,,,,,,,,,,,
"Cao, L et al.","2021","Geological Society of America Bulletin","133","0","Fingerprinting sand from Asian rivers to the deep central South China Sea since the Late Miocene","10.1130/b35845.1","JT3","China","Eastern Asia","Asia","South China Sea",,,"18.4798","116.8015","Neogene","Miocene","11.63","8.48","5.33","zircon","LA_ICP_MS","Wuhan","State Key Laboratory of Geological Processes and Mineral Resources, China University of Geosciences","Agilent 7500a","detrital","siliciclastic","calcareous to silty sandstone, calcareous siltstone","77","13",,"32","0.080399","0.000943","0.629672","0.02973","0.056467","0.002749","499","6","496","19","471","98","499","6","0.601202",,,,,"LA_ICP_MS","siliciclastic","77","13","U1431D","Upper Miocene",,,,,,,,,,,,,,,,,
"Cao, L et al.","2021","Geological Society of America Bulletin","133","0","Fingerprinting sand from Asian rivers to the deep central South China Sea since the Late Miocene","10.1130/b35845.1","JT3","China","Eastern Asia","Asia","South China Sea",,,"18.4798","116.8015","Neogene","Miocene","11.63","8.48","5.33","zircon","LA_ICP_MS","Wuhan","State Key Laboratory of Geological Processes and Mineral Resources, China University of Geosciences","Agilent 7500a","detrital","siliciclastic","calcareous to silty sandstone, calcareous siltstone","77","14",,"32","0.039614","0.000457","0.278712","0.013263","0.050887","0.002415","250","3","250","11","236","102","250","3","0",,,,,"LA_ICP_MS","siliciclastic","77","14","U1431D","Upper Miocene",,,,,,,,,,,,,,,,,
"Cao, L et al.","2021","Geological Society of America Bulletin","133","0","Fingerprinting sand from Asian rivers to the deep central South China Sea since the Late Miocene","10.1130/b35845.1","JT3","China","Eastern Asia","Asia","South China Sea",,,"18.4798","116.8015","Neogene","Miocene","11.63","8.48","5.33","zircon","LA_ICP_MS","Wuhan","State Key Laboratory of Geological Processes and Mineral Resources, China University of Geosciences","Agilent 7500a","detrital","siliciclastic","calcareous to silty sandstone, calcareous siltstone","77","15",,"32","0.03518","0.000518","0.24502","0.014318","0.050492","0.002755","223","3","223","12","218","124","223","3","0",,,,,"LA_ICP_MS","siliciclastic","77","15","U1431D","Upper Miocene",,,,,,,,,,,,,,,,,
"Cao, L et al.","2021","Geological Society of America Bulletin","133","0","Fingerprinting sand from Asian rivers to the deep central South China Sea since the Late Miocene","10.1130/b35845.1","JT3","China","Eastern Asia","Asia","South China Sea",,,"18.4798","116.8015","Neogene","Miocene","11.63","8.48","5.33","zircon","LA_ICP_MS","Wuhan","State Key Laboratory of Geological Processes and Mineral Resources, China University of Geosciences","Agilent 7500a","detrital","siliciclastic","calcareous to silty sandstone, calcareous siltstone","77","17",,"32","0.042306","0.000575","0.317131","0.01866","0.054197","0.003314","267","4","280","14","379","124","267","4","4.868914",,,,,"LA_ICP_MS","siliciclastic","77","17","U1431D","Upper Miocene",,,,,,,,,,,,,,,,,
"Cao, L et al.","2021","Geological Society of America Bulletin","133","0","Fingerprinting sand from Asian rivers to the deep central South China Sea since the Late Miocene","10.1130/b35845.1","JT3","China","Eastern Asia","Asia","South China Sea",,,"18.4798","116.8015","Neogene","Miocene","11.63","8.48","5.33","zircon","LA_ICP_MS","Wuhan","State Key Laboratory of Geological Processes and Mineral Resources, China University of Geosciences","Agilent 7500a","detrital","siliciclastic","calcareous to silty sandstone, calcareous siltstone","77","18",,"32","0.044961","0.000532","0.294673","0.015766","0.047447","0.002568","284","3","262","12","72","108","284","3","7.746479",,,,,"LA_ICP_MS","siliciclastic","77","18","U1431D","Upper Miocene",,,,,,,,,,,,,,,,,
"Cao, L et al.","2021","Geological Society of America Bulletin","133","0","Fingerprinting sand from Asian rivers to the deep central South China Sea since the Late Miocene","10.1130/b35845.1","JT3","China","Eastern Asia","Asia","South China Sea",,,"18.4798","116.8015","Neogene","Miocene","11.63","8.48","5.33","zircon","LA_ICP_MS","Wuhan","State Key Laboratory of Geological Processes and Mineral Resources, China University of Geosciences","Agilent 7500a","detrital","siliciclastic","calcareous to silty sandstone, calcareous siltstone","77","19",,"32","0.375269","0.003162","6.358869","0.124442","0.121885","0.002406","2054","15","2027","17","1984","30","1984","30","3.528226",,,,,"LA_ICP_MS","siliciclastic","77","19","U1431D","Upper Miocene",,,,,,,,,,,,,,,,,
"Cao, L et al.","2021","Geological Society of America Bulletin","133","0","Fingerprinting sand from Asian rivers to the deep central South China Sea since the Late Miocene","10.1130/b35845.1","JT3","China","Eastern Asia","Asia","South China Sea",,,"18.4798","116.8015","Neogene","Miocene","11.63","8.48","5.33","zircon","LA_ICP_MS","Wuhan","State Key Laboratory of Geological Processes and Mineral Resources, China University of Geosciences","Agilent 7500a","detrital","siliciclastic","calcareous to silty sandstone, calcareous siltstone","77","20",,"32","0.070324","0.000686","0.512795","0.015298","0.052493","0.001614","438","4","420","10","307","62","438","4","4.109589",,,,,"LA_ICP_MS","siliciclastic","77","20","U1431D","Upper Miocene",,,,,,,,,,,,,,,,,
"Cao, L et al.","2021","Geological Society of America Bulletin","133","0","Fingerprinting sand from Asian rivers to the deep central South China Sea since the Late Miocene","10.1130/b35845.1","JT3","China","Eastern Asia","Asia","South China Sea",,,"18.4798","116.8015","Neogene","Miocene","11.63","8.48","5.33","zircon","LA_ICP_MS","Wuhan","State Key Laboratory of Geological Processes and Mineral Resources, China University of Geosciences","Agilent 7500a","detrital","siliciclastic","calcareous to silty sandstone, calcareous siltstone","77","23",,"32","0.332339","0.002801","5.113342","0.112982","0.110729","0.002434","1850","14","1838","19","1811","36","1811","36","2.153506",,,,,"LA_ICP_MS","siliciclastic","77","23","U1431D","Upper Miocene",,,,,,,,,,,,,,,,,
"Cao, L et al.","2021","Geological Society of America Bulletin","133","0","Fingerprinting sand from Asian rivers to the deep central South China Sea since the Late Miocene","10.1130/b35845.1","JT3","China","Eastern Asia","Asia","South China Sea",,,"18.4798","116.8015","Neogene","Miocene","11.63","8.48","5.33","zircon","LA_ICP_MS","Wuhan","State Key Laboratory of Geological Processes and Mineral Resources, China University of Geosciences","Agilent 7500a","detrital","siliciclastic","calcareous to silty sandstone, calcareous siltstone","77","24",,"32","0.015886","0.000261","0.109848","0.006901","0.050647","0.003352","102","2","106","6","225","133","102","2","3.921569",,,,,"LA_ICP_MS","siliciclastic","77","24","U1431D","Upper Miocene",,,,,,,,,,,,,,,,,
"Cao, L et al.","2021","Geological Society of America Bulletin","133","0","Fingerprinting sand from Asian rivers to the deep central South China Sea since the Late Miocene","10.1130/b35845.1","JT3","China","Eastern Asia","Asia","South China Sea",,,"18.4798","116.8015","Neogene","Miocene","11.63","8.48","5.33","zircon","LA_ICP_MS","Wuhan","State Key Laboratory of Geological Processes and Mineral Resources, China University of Geosciences","Agilent 7500a","detrital","siliciclastic","calcareous to silty sandstone, calcareous siltstone","77","25",,"32","0.341236","0.002705","5.366753","0.112764","0.113338","0.002371","1893","13","1880","18","1854","34","1854","34","2.10356",,,,,"LA_ICP_MS","siliciclastic","77","25","U1431D","Upper Miocene",,,,,,,,,,,,,,,,,
"Cao, L et al.","2021","Geological Society of America Bulletin","133","0","Fingerprinting sand from Asian rivers to the deep central South China Sea since the Late Miocene","10.1130/b35845.1","JT3","China","Eastern Asia","Asia","South China Sea",,,"18.4798","116.8015","Neogene","Miocene","11.63","8.48","5.33","zircon","LA_ICP_MS","Wuhan","State Key Laboratory of Geological Processes and Mineral Resources, China University of Geosciences","Agilent 7500a","detrital","siliciclastic","calcareous to silty sandstone, calcareous siltstone","77","26",,"32","0.119322","0.001278","1.095678","0.037276","0.066192","0.00219","727","7","751","18","812","65","727","7","3.301238",,,,,"LA_ICP_MS","siliciclastic","77","26","U1431D","Upper Miocene",,,,,,,,,,,,,,,,,
"Cao, L et al.","2021","Geological Society of America Bulletin","133","0","Fingerprinting sand from Asian rivers to the deep central South China Sea since the Late Miocene","10.1130/b35845.1","JT3","China","Eastern Asia","Asia","South China Sea",,,"18.4798","116.8015","Neogene","Miocene","11.63","8.48","5.33","zircon","LA_ICP_MS","Wuhan","State Key Laboratory of Geological Processes and Mineral Resources, China University of Geosciences","Agilent 7500a","detrital","siliciclastic","calcareous to silty sandstone, calcareous siltstone","77","27",,"32","0.167675","0.002533","1.593674","0.0654","0.068885","0.002651","999","14","968","26","895","76","999","14","3.103103",,,,,"LA_ICP_MS","siliciclastic","77","27","U1431D","Upper Miocene",,,,,,,,,,,,,,,,,
"Cao, L et al.","2021","Geological Society of America Bulletin","133","0","Fingerprinting sand from Asian rivers to the deep central South China Sea since the Late Miocene","10.1130/b35845.1","JT3","China","Eastern Asia","Asia","South China Sea",,,"18.4798","116.8015","Neogene","Miocene","11.63","8.48","5.33","zircon","LA_ICP_MS","Wuhan","State Key Laboratory of Geological Processes and Mineral Resources, China University of Geosciences","Agilent 7500a","detrital","siliciclastic","calcareous to silty sandstone, calcareous siltstone","77","28",,"32","0.038154","0.00067","0.279971","0.013996","0.052737","0.002512","241","4","251","11","318","103","241","4","4.149378",,,,,"LA_ICP_MS","siliciclastic","77","28","U1431D","Upper Miocene",,,,,,,,,,,,,,,,,
"Cao, L et al.","2021","Geological Society of America Bulletin","133","0","Fingerprinting sand from Asian rivers to the deep central South China Sea since the Late Miocene","10.1130/b35845.1","JT3","China","Eastern Asia","Asia","South China Sea",,,"18.4798","116.8015","Neogene","Miocene","11.63","8.48","5.33","zircon","LA_ICP_MS","Wuhan","State Key Laboratory of Geological Processes and Mineral Resources, China University of Geosciences","Agilent 7500a","detrital","siliciclastic","calcareous to silty sandstone, calcareous siltstone","77","29",,"32","0.033959","0.001162","0.215059","0.014845","0.047839","0.003512","215","7","198","12","91","126","215","7","7.906977",,,,,"LA_ICP_MS","siliciclastic","77","29","U1431D","Upper Miocene",,,,,,,,,,,,,,,,,
"Cao, L et al.","2021","Geological Society of America Bulletin","133","0","Fingerprinting sand from Asian rivers to the deep central South China Sea since the Late Miocene","10.1130/b35845.1","JT3","China","Eastern Asia","Asia","South China Sea",,,"18.4798","116.8015","Neogene","Miocene","11.63","8.48","5.33","zircon","LA_ICP_MS","Wuhan","State Key Laboratory of Geological Processes and Mineral Resources, China University of Geosciences","Agilent 7500a","detrital","siliciclastic","calcareous to silty sandstone, calcareous siltstone","77","31",,"32","0.072772","0.000753","0.595934","0.020512","0.059009","0.001979","453","5","475","13","567","69","453","5","4.856512",,,,,"LA_ICP_MS","siliciclastic","77","31","U1431D","Upper Miocene",,,,,,,,,,,,,,,,,
"Cao, L et al.","2021","Geological Society of America Bulletin","133","0","Fingerprinting sand from Asian rivers to the deep central South China Sea since the Late Miocene","10.1130/b35845.1","JT3","China","Eastern Asia","Asia","South China Sea",,,"18.4798","116.8015","Neogene","Miocene","11.63","8.48","5.33","zircon","LA_ICP_MS","Wuhan","State Key Laboratory of Geological Processes and Mineral Resources, China University of Geosciences","Agilent 7500a","detrital","siliciclastic","calcareous to silty sandstone, calcareous siltstone","77","32",,"32","0.112583","0.000886","0.984971","0.023764","0.063269","0.001564","688","5","696","12","717","47","688","5","1.162791",,,,,"LA_ICP_MS","siliciclastic","77","32","U1431D","Upper Miocene",,,,,,,,,,,,,,,,,
"Cao, L et al.","2021","Geological Society of America Bulletin","133","0","Fingerprinting sand from Asian rivers to the deep central South China Sea since the Late Miocene","10.1130/b35845.1","JT3","China","Eastern Asia","Asia","South China Sea",,,"18.4798","116.8015","Neogene","Miocene","11.63","8.48","5.33","zircon","LA_ICP_MS","Wuhan","State Key Laboratory of Geological Processes and Mineral Resources, China University of Geosciences","Agilent 7500a","detrital","siliciclastic","calcareous to silty sandstone, calcareous siltstone","77","33",,"32","0.09426","0.001312","0.743772","0.03848","0.057797","0.00318","581","8","565","22","522","106","581","8","2.753873",,,,,"LA_ICP_MS","siliciclastic","77","33","U1431D","Upper Miocene",,,,,,,,,,,,,,,,,
"Cao, L et al.","2021","Geological Society of America Bulletin","133","0","Fingerprinting sand from Asian rivers to the deep central South China Sea since the Late Miocene","10.1130/b35845.1","JT3","China","Eastern Asia","Asia","South China Sea",,,"18.4798","116.8015","Neogene","Miocene","11.63","8.48","5.33","zircon","LA_ICP_MS","Wuhan","State Key Laboratory of Geological Processes and Mineral Resources, China University of Geosciences","Agilent 7500a","detrital","siliciclastic","calcareous to silty sandstone, calcareous siltstone","77","34",,"32","0.153219","0.001489","1.458572","0.044391","0.06879","0.002101","919","8","913","18","892","57","919","8","0.652884",,,,,"LA_ICP_MS","siliciclastic","77","34","U1431D","Upper Miocene",,,,,,,,,,,,,,,,,
"Cao, L et al.","2021","Geological Society of America Bulletin","133","0","Fingerprinting sand from Asian rivers to the deep central South China Sea since the Late Miocene","10.1130/b35845.1","JT3","China","Eastern Asia","Asia","South China Sea",,,"18.4798","116.8015","Neogene","Miocene","11.63","8.48","5.33","zircon","LA_ICP_MS","Wuhan","State Key Laboratory of Geological Processes and Mineral Resources, China University of Geosciences","Agilent 7500a","detrital","siliciclastic","calcareous to silty sandstone, calcareous siltstone","77","35",,"32","0.167658","0.001862","1.680166","0.051861","0.072487","0.002362","999","10","1001","20","1000","56","999","10","0.2002",,,,,"LA_ICP_MS","siliciclastic","77","35","U1431D","Upper Miocene",,,,,,,,,,,,,,,,,
"Cao, L et al.","2021","Geological Society of America Bulletin","133","0","Fingerprinting sand from Asian rivers to the deep central South China Sea since the Late Miocene","10.1130/b35845.1","JT3","China","Eastern Asia","Asia","South China Sea",,,"18.4798","116.8015","Neogene","Miocene","11.63","8.48","5.33","zircon","LA_ICP_MS","Wuhan","State Key Laboratory of Geological Processes and Mineral Resources, China University of Geosciences","Agilent 7500a","detrital","siliciclastic","calcareous to silty sandstone, calcareous siltstone","77","36",,"32","0.066599","0.000588","0.507728","0.012748","0.055078","0.001415","416","4","417","9","415","50","416","4","0.240385",,,,,"LA_ICP_MS","siliciclastic","77","36","U1431D","Upper Miocene",,,,,,,,,,,,,,,,,
"Cao, L et al.","2021","Geological Society of America Bulletin","133","0","Fingerprinting sand from Asian rivers to the deep central South China Sea since the Late Miocene","10.1130/b35845.1","JT3","China","Eastern Asia","Asia","South China Sea",,,"18.4798","116.8015","Neogene","Miocene","11.63","8.48","5.33","zircon","LA_ICP_MS","Wuhan","State Key Laboratory of Geological Processes and Mineral Resources, China University of Geosciences","Agilent 7500a","detrital","siliciclastic","calcareous to silty sandstone, calcareous siltstone","77","37",,"32","0.116236","0.001139","1.047201","0.027386","0.064962","0.001687","709","7","727","14","773","49","709","7","2.538787",,,,,"LA_ICP_MS","siliciclastic","77","37","U1431D","Upper Miocene",,,,,,,,,,,,,,,,,
"Cao, L et al.","2021","Geological Society of America Bulletin","133","0","Fingerprinting sand from Asian rivers to the deep central South China Sea since the Late Miocene","10.1130/b35845.1","JT3","China","Eastern Asia","Asia","South China Sea",,,"18.4798","116.8015","Neogene","Miocene","11.63","8.48","5.33","zircon","LA_ICP_MS","Wuhan","State Key Laboratory of Geological Processes and Mineral Resources, China University of Geosciences","Agilent 7500a","detrital","siliciclastic","calcareous to silty sandstone, calcareous siltstone","77","38",,"32","0.07719","0.001753","0.632143","0.042878","0.062193","0.004597","479","10","497","27","681","132","479","10","3.757829",,,,,"LA_ICP_MS","siliciclastic","77","38","U1431D","Upper Miocene",,,,,,,,,,,,,,,,,
"Cao, L et al.","2021","Geological Society of America Bulletin","133","0","Fingerprinting sand from Asian rivers to the deep central South China Sea since the Late Miocene","10.1130/b35845.1","JT3","China","Eastern Asia","Asia","South China Sea",,,"18.4798","116.8015","Neogene","Miocene","11.63","8.48","5.33","zircon","LA_ICP_MS","Wuhan","State Key Laboratory of Geological Processes and Mineral Resources, China University of Geosciences","Agilent 7500a","detrital","siliciclastic","calcareous to silty sandstone, calcareous siltstone","77","39",,"32","0.115897","0.001593","1.083782","0.039231","0.067311","0.002336","707","9","745","19","847","67","707","9","5.374823",,,,,"LA_ICP_MS","siliciclastic","77","39","U1431D","Upper Miocene",,,,,,,,,,,,,,,,,
"Cao, L et al.","2021","Geological Society of America Bulletin","133","0","Fingerprinting sand from Asian rivers to the deep central South China Sea since the Late Miocene","10.1130/b35845.1","JT3","China","Eastern Asia","Asia","South China Sea",,,"18.4798","116.8015","Neogene","Miocene","11.63","8.48","5.33","zircon","LA_ICP_MS","Wuhan","State Key Laboratory of Geological Processes and Mineral Resources, China University of Geosciences","Agilent 7500a","detrital","siliciclastic","calcareous to silty sandstone, calcareous siltstone","77","40",,"32","0.018451","0.000256","0.135445","0.008317","0.053973","0.003344","118","2","129","7","370","130","118","2","9.322034",,,,,"LA_ICP_MS","siliciclastic","77","40","U1431D","Upper Miocene",,,,,,,,,,,,,,,,,
"Cao, L et al.","2021","Geological Society of America Bulletin","133","0","Fingerprinting sand from Asian rivers to the deep central South China Sea since the Late Miocene","10.1130/b35845.1","JT3","China","Eastern Asia","Asia","South China Sea",,,"18.4798","116.8015","Neogene","Miocene","11.63","8.48","5.33","zircon","LA_ICP_MS","Wuhan","State Key Laboratory of Geological Processes and Mineral Resources, China University of Geosciences","Agilent 7500a","detrital","siliciclastic","calcareous to silty sandstone, calcareous siltstone","77","42",,"32","0.005336","0.000124","0.032125","0.003904","0.046573","0.006372","34.3","0.8","32","4","27","228","34.3","0.8","6.705539",,,,,"LA_ICP_MS","siliciclastic","77","42","U1431D","Upper Miocene",,,,,,,,,,,,,,,,,
"Cao, L et al.","2021","Geological Society of America Bulletin","133","0","Fingerprinting sand from Asian rivers to the deep central South China Sea since the Late Miocene","10.1130/b35845.1","JT3","China","Eastern Asia","Asia","South China Sea",,,"18.4798","116.8015","Neogene","Miocene","11.63","8.48","5.33","zircon","LA_ICP_MS","Wuhan","State Key Laboratory of Geological Processes and Mineral Resources, China University of Geosciences","Agilent 7500a","detrital","siliciclastic","calcareous to silty sandstone, calcareous siltstone","77","43",,"32","0.065495","0.000626","0.483606","0.017029","0.053597","0.001932","409","4","401","12","354","74","409","4","1.95599",,,,,"LA_ICP_MS","siliciclastic","77","43","U1431D","Upper Miocene",,,,,,,,,,,,,,,,,
"Cao, L et al.","2021","Geological Society of America Bulletin","133","0","Fingerprinting sand from Asian rivers to the deep central South China Sea since the Late Miocene","10.1130/b35845.1","JT3","China","Eastern Asia","Asia","South China Sea",,,"18.4798","116.8015","Neogene","Miocene","11.63","8.48","5.33","zircon","LA_ICP_MS","Wuhan","State Key Laboratory of Geological Processes and Mineral Resources, China University of Geosciences","Agilent 7500a","detrital","siliciclastic","calcareous to silty sandstone, calcareous siltstone","77","44",,"32","0.043075","0.000691","0.308113","0.016345","0.05192","0.002862","272","4","273","13","282","111","272","4","0.367647",,,,,"LA_ICP_MS","siliciclastic","77","44","U1431D","Upper Miocene",,,,,,,,,,,,,,,,,
"Cao, L et al.","2021","Geological Society of America Bulletin","133","0","Fingerprinting sand from Asian rivers to the deep central South China Sea since the Late Miocene","10.1130/b35845.1","JT3","China","Eastern Asia","Asia","South China Sea",,,"18.4798","116.8015","Neogene","Miocene","11.63","8.48","5.33","zircon","LA_ICP_MS","Wuhan","State Key Laboratory of Geological Processes and Mineral Resources, China University of Geosciences","Agilent 7500a","detrital","siliciclastic","calcareous to silty sandstone, calcareous siltstone","77","45",,"32","0.041611","0.000402","0.296526","0.011635","0.051272","0.002033","263","2","264","9","253","84","263","2","0.380228",,,,,"LA_ICP_MS","siliciclastic","77","45","U1431D","Upper Miocene",,,,,,,,,,,,,,,,,
"Cao, L et al.","2021","Geological Society of America Bulletin","133","0","Fingerprinting sand from Asian rivers to the deep central South China Sea since the Late Miocene","10.1130/b35845.1","JT3","China","Eastern Asia","Asia","South China Sea",,,"18.4798","116.8015","Neogene","Miocene","11.63","8.48","5.33","zircon","LA_ICP_MS","Wuhan","State Key Laboratory of Geological Processes and Mineral Resources, China University of Geosciences","Agilent 7500a","detrital","siliciclastic","calcareous to silty sandstone, calcareous siltstone","77","46",,"32","0.073399","0.000885","0.642358","0.032455","0.063216","0.003302","457","5","504","20","716","101","457","5","10.284464",,,,,"LA_ICP_MS","siliciclastic","77","46","U1431D","Upper Miocene",,,,,,,,,,,,,,,,,
"Cao, L et al.","2021","Geological Society of America Bulletin","133","0","Fingerprinting sand from Asian rivers to the deep central South China Sea since the Late Miocene","10.1130/b35845.1","JT3","China","Eastern Asia","Asia","South China Sea",,,"18.4798","116.8015","Neogene","Miocene","11.63","8.48","5.33","zircon","LA_ICP_MS","Wuhan","State Key Laboratory of Geological Processes and Mineral Resources, China University of Geosciences","Agilent 7500a","detrital","siliciclastic","calcareous to silty sandstone, calcareous siltstone","77","47",,"32","0.072374","0.000863","0.601365","0.027007","0.059692","0.002713","450","5","478","17","592","91","450","5","6.222222",,,,,"LA_ICP_MS","siliciclastic","77","47","U1431D","Upper Miocene",,,,,,,,,,,,,,,,,
"Cao, L et al.","2021","Geological Society of America Bulletin","133","0","Fingerprinting sand from Asian rivers to the deep central South China Sea since the Late Miocene","10.1130/b35845.1","JT3","China","Eastern Asia","Asia","South China Sea",,,"18.4798","116.8015","Neogene","Miocene","11.63","8.48","5.33","zircon","LA_ICP_MS","Wuhan","State Key Laboratory of Geological Processes and Mineral Resources, China University of Geosciences","Agilent 7500a","detrital","siliciclastic","calcareous to silty sandstone, calcareous siltstone","77","48",,"32","0.042519","0.00083","0.316102","0.026417","0.05454","0.004908","268","5","279","20","393","176","268","5","4.104478",,,,,"LA_ICP_MS","siliciclastic","77","48","U1431D","Upper Miocene",,,,,,,,,,,,,,,,,
"Cao, L et al.","2021","Geological Society of America Bulletin","133","0","Fingerprinting sand from Asian rivers to the deep central South China Sea since the Late Miocene","10.1130/b35845.1","JT3","China","Eastern Asia","Asia","South China Sea",,,"18.4798","116.8015","Neogene","Miocene","11.63","8.48","5.33","zircon","LA_ICP_MS","Wuhan","State Key Laboratory of Geological Processes and Mineral Resources, China University of Geosciences","Agilent 7500a","detrital","siliciclastic","calcareous to silty sandstone, calcareous siltstone","77","49",,"32","0.042838","0.000559","0.303135","0.015369","0.051306","0.002626","270","3","269","12","255","108","270","3","0.37037",,,,,"LA_ICP_MS","siliciclastic","77","49","U1431D","Upper Miocene",,,,,,,,,,,,,,,,,
"Cao, L et al.","2021","Geological Society of America Bulletin","133","0","Fingerprinting sand from Asian rivers to the deep central South China Sea since the Late Miocene","10.1130/b35845.1","JT3","China","Eastern Asia","Asia","South China Sea",,,"18.4798","116.8015","Neogene","Miocene","11.63","8.48","5.33","zircon","LA_ICP_MS","Wuhan","State Key Laboratory of Geological Processes and Mineral Resources, China University of Geosciences","Agilent 7500a","detrital","siliciclastic","calcareous to silty sandstone, calcareous siltstone","77","50",,"32","0.269587","0.002563","3.464553","0.092408","0.091929","0.00248","1539","13","1519","21","1466","45","1466","45","4.979536",,,,,"LA_ICP_MS","siliciclastic","77","50","U1431D","Upper Miocene",,,,,,,,,,,,,,,,,
"Cao, L et al.","2021","Geological Society of America Bulletin","133","0","Fingerprinting sand from Asian rivers to the deep central South China Sea since the Late Miocene","10.1130/b35845.1","JT3","China","Eastern Asia","Asia","South China Sea",,,"18.4798","116.8015","Neogene","Miocene","11.63","8.48","5.33","zircon","LA_ICP_MS","Wuhan","State Key Laboratory of Geological Processes and Mineral Resources, China University of Geosciences","Agilent 7500a","detrital","siliciclastic","calcareous to silty sandstone, calcareous siltstone","77","51",,"32","0.165101","0.001455","1.634143","0.046826","0.0711","0.002123","985","8","983","18","960","54","985","8","0.203046",,,,,"LA_ICP_MS","siliciclastic","77","51","U1431D","Upper Miocene",,,,,,,,,,,,,,,,,
"Cao, L et al.","2021","Geological Society of America Bulletin","133","0","Fingerprinting sand from Asian rivers to the deep central South China Sea since the Late Miocene","10.1130/b35845.1","JT3","China","Eastern Asia","Asia","South China Sea",,,"18.4798","116.8015","Neogene","Miocene","11.63","8.48","5.33","zircon","LA_ICP_MS","Wuhan","State Key Laboratory of Geological Processes and Mineral Resources, China University of Geosciences","Agilent 7500a","detrital","siliciclastic","calcareous to silty sandstone, calcareous siltstone","77","52",,"32","0.068414","0.000996","0.535899","0.024177","0.05653","0.002659","427","6","436","16","473","91","427","6","2.107728",,,,,"LA_ICP_MS","siliciclastic","77","52","U1431D","Upper Miocene",,,,,,,,,,,,,,,,,
"Cao, L et al.","2021","Geological Society of America Bulletin","133","0","Fingerprinting sand from Asian rivers to the deep central South China Sea since the Late Miocene","10.1130/b35845.1","JT3","China","Eastern Asia","Asia","South China Sea",,,"18.4798","116.8015","Neogene","Miocene","11.63","8.48","5.33","zircon","LA_ICP_MS","Wuhan","State Key Laboratory of Geological Processes and Mineral Resources, China University of Geosciences","Agilent 7500a","detrital","siliciclastic","calcareous to silty sandstone, calcareous siltstone","77","53",,"32","0.075174","0.001007","0.61604","0.034228","0.058805","0.003232","467","6","487","22","560","114","467","6","4.282655",,,,,"LA_ICP_MS","siliciclastic","77","53","U1431D","Upper Miocene",,,,,,,,,,,,,,,,,
"Cao, L et al.","2021","Geological Society of America Bulletin","133","0","Fingerprinting sand from Asian rivers to the deep central South China Sea since the Late Miocene","10.1130/b35845.1","JT3","China","Eastern Asia","Asia","South China Sea",,,"18.4798","116.8015","Neogene","Miocene","11.63","8.48","5.33","zircon","LA_ICP_MS","Wuhan","State Key Laboratory of Geological Processes and Mineral Resources, China University of Geosciences","Agilent 7500a","detrital","siliciclastic","calcareous to silty sandstone, calcareous siltstone","77","54",,"32","0.025231","0.000285","0.162245","0.007946","0.046386","0.002237","161","2","153","7","18","95","161","2","4.968944",,,,,"LA_ICP_MS","siliciclastic","77","54","U1431D","Upper Miocene",,,,,,,,,,,,,,,,,
"Cao, L et al.","2021","Geological Society of America Bulletin","133","0","Fingerprinting sand from Asian rivers to the deep central South China Sea since the Late Miocene","10.1130/b35845.1","JT3","China","Eastern Asia","Asia","South China Sea",,,"18.4798","116.8015","Neogene","Miocene","11.63","8.48","5.33","zircon","LA_ICP_MS","Wuhan","State Key Laboratory of Geological Processes and Mineral Resources, China University of Geosciences","Agilent 7500a","detrital","siliciclastic","calcareous to silty sandstone, calcareous siltstone","77","55",,"32","0.035933","0.000486","0.26414","0.012571","0.053274","0.002588","228","3","238","10","340","100","228","3","4.385965",,,,,"LA_ICP_MS","siliciclastic","77","55","U1431D","Upper Miocene",,,,,,,,,,,,,,,,,
"Cao, L et al.","2021","Geological Society of America Bulletin","133","0","Fingerprinting sand from Asian rivers to the deep central South China Sea since the Late Miocene","10.1130/b35845.1","JT3","China","Eastern Asia","Asia","South China Sea",,,"18.4798","116.8015","Neogene","Miocene","11.63","8.48","5.33","zircon","LA_ICP_MS","Wuhan","State Key Laboratory of Geological Processes and Mineral Resources, China University of Geosciences","Agilent 7500a","detrital","siliciclastic","calcareous to silty sandstone, calcareous siltstone","77","56",,"32","0.045183","0.000672","0.315673","0.020453","0.050474","0.003176","285","4","279","16","217","137","285","4","2.105263",,,,,"LA_ICP_MS","siliciclastic","77","56","U1431D","Upper Miocene",,,,,,,,,,,,,,,,,
"Cao, L et al.","2021","Geological Society of America Bulletin","133","0","Fingerprinting sand from Asian rivers to the deep central South China Sea since the Late Miocene","10.1130/b35845.1","JT3","China","Eastern Asia","Asia","South China Sea",,,"18.4798","116.8015","Neogene","Miocene","11.63","8.48","5.33","zircon","LA_ICP_MS","Wuhan","State Key Laboratory of Geological Processes and Mineral Resources, China University of Geosciences","Agilent 7500a","detrital","siliciclastic","calcareous to silty sandstone, calcareous siltstone","77","57",,"32","0.176519","0.001678","1.755181","0.052936","0.072211","0.002263","1048","9","1029","20","992","56","1048","9","1.812977",,,,,"LA_ICP_MS","siliciclastic","77","57","U1431D","Upper Miocene",,,,,,,,,,,,,,,,,
"Cao, L et al.","2021","Geological Society of America Bulletin","133","0","Fingerprinting sand from Asian rivers to the deep central South China Sea since the Late Miocene","10.1130/b35845.1","JT3","China","Eastern Asia","Asia","South China Sea",,,"18.4798","116.8015","Neogene","Miocene","11.63","8.48","5.33","zircon","LA_ICP_MS","Wuhan","State Key Laboratory of Geological Processes and Mineral Resources, China University of Geosciences","Agilent 7500a","detrital","siliciclastic","calcareous to silty sandstone, calcareous siltstone","77","58",,"32","0.13787","0.001487","1.275473","0.029724","0.066709","0.001436","833","8","835","13","829","41","833","8","0.240096",,,,,"LA_ICP_MS","siliciclastic","77","58","U1431D","Upper Miocene",,,,,,,,,,,,,,,,,
"Cao, L et al.","2021","Geological Society of America Bulletin","133","0","Fingerprinting sand from Asian rivers to the deep central South China Sea since the Late Miocene","10.1130/b35845.1","JT3","China","Eastern Asia","Asia","South China Sea",,,"18.4798","116.8015","Neogene","Miocene","11.63","8.48","5.33","zircon","LA_ICP_MS","Wuhan","State Key Laboratory of Geological Processes and Mineral Resources, China University of Geosciences","Agilent 7500a","detrital","siliciclastic","calcareous to silty sandstone, calcareous siltstone","77","59",,"32","0.214859","0.001695","2.331699","0.063414","0.078388","0.002114","1255","9","1222","19","1157","50","1157","50","8.470182",,,,,"LA_ICP_MS","siliciclastic","77","59","U1431D","Upper Miocene",,,,,,,,,,,,,,,,,
"Cao, L et al.","2021","Geological Society of America Bulletin","133","0","Fingerprinting sand from Asian rivers to the deep central South China Sea since the Late Miocene","10.1130/b35845.1","JT3","China","Eastern Asia","Asia","South China Sea",,,"18.4798","116.8015","Neogene","Miocene","11.63","8.48","5.33","zircon","LA_ICP_MS","Wuhan","State Key Laboratory of Geological Processes and Mineral Resources, China University of Geosciences","Agilent 7500a","detrital","siliciclastic","calcareous to silty sandstone, calcareous siltstone","77","61",,"32","0.04294","0.0008","0.281023","0.02168","0.048267","0.00388","271","5","251","17","112","159","271","5","7.380074",,,,,"LA_ICP_MS","siliciclastic","77","61","U1431D","Upper Miocene",,,,,,,,,,,,,,,,,
"Cao, L et al.","2021","Geological Society of America Bulletin","133","0","Fingerprinting sand from Asian rivers to the deep central South China Sea since the Late Miocene","10.1130/b35845.1","JT3","China","Eastern Asia","Asia","South China Sea",,,"18.4798","116.8015","Neogene","Miocene","11.63","8.48","5.33","zircon","LA_ICP_MS","Wuhan","State Key Laboratory of Geological Processes and Mineral Resources, China University of Geosciences","Agilent 7500a","detrital","siliciclastic","calcareous to silty sandstone, calcareous siltstone","77","64",,"32","0.043765","0.000616","0.30553","0.01719","0.051121","0.002935","276","4","271","13","246","120","276","4","1.811594",,,,,"LA_ICP_MS","siliciclastic","77","64","U1431D","Upper Miocene",,,,,,,,,,,,,,,,,
"Cao, L et al.","2021","Geological Society of America Bulletin","133","0","Fingerprinting sand from Asian rivers to the deep central South China Sea since the Late Miocene","10.1130/b35845.1","JT3","China","Eastern Asia","Asia","South China Sea",,,"18.4798","116.8015","Neogene","Miocene","11.63","8.48","5.33","zircon","LA_ICP_MS","Wuhan","State Key Laboratory of Geological Processes and Mineral Resources, China University of Geosciences","Agilent 7500a","detrital","siliciclastic","calcareous to silty sandstone, calcareous siltstone","77","65",,"32","0.355004","0.004116","5.657256","0.168684","0.11493","0.003249","1958","20","1925","26","1879","48","1879","48","4.204364",,,,,"LA_ICP_MS","siliciclastic","77","65","U1431D","Upper Miocene",,,,,,,,,,,,,,,,,
"Cao, L et al.","2021","Geological Society of America Bulletin","133","0","Fingerprinting sand from Asian rivers to the deep central South China Sea since the Late Miocene","10.1130/b35845.1","JT3","China","Eastern Asia","Asia","South China Sea",,,"18.4798","116.8015","Neogene","Miocene","11.63","8.48","5.33","zircon","LA_ICP_MS","Wuhan","State Key Laboratory of Geological Processes and Mineral Resources, China University of Geosciences","Agilent 7500a","detrital","siliciclastic","calcareous to silty sandstone, calcareous siltstone","77","67",,"32","0.071004","0.000954","0.542307","0.025022","0.055587","0.002677","442","6","440","16","436","95","442","6","0.452489",,,,,"LA_ICP_MS","siliciclastic","77","67","U1431D","Upper Miocene",,,,,,,,,,,,,,,,,
"Cao, L et al.","2021","Geological Society of America Bulletin","133","0","Fingerprinting sand from Asian rivers to the deep central South China Sea since the Late Miocene","10.1130/b35845.1","JT3","China","Eastern Asia","Asia","South China Sea",,,"18.4798","116.8015","Neogene","Miocene","11.63","8.48","5.33","zircon","LA_ICP_MS","Wuhan","State Key Laboratory of Geological Processes and Mineral Resources, China University of Geosciences","Agilent 7500a","detrital","siliciclastic","calcareous to silty sandstone, calcareous siltstone","77","68",,"32","0.074121","0.001462","0.614965","0.043289","0.060988","0.004528","461","9","487","27","639","141","461","9","5.639913",,,,,"LA_ICP_MS","siliciclastic","77","68","U1431D","Upper Miocene",,,,,,,,,,,,,,,,,
"Cao, L et al.","2021","Geological Society of America Bulletin","133","0","Fingerprinting sand from Asian rivers to the deep central South China Sea since the Late Miocene","10.1130/b35845.1","JT3","China","Eastern Asia","Asia","South China Sea",,,"18.4798","116.8015","Neogene","Miocene","11.63","8.48","5.33","zircon","LA_ICP_MS","Wuhan","State Key Laboratory of Geological Processes and Mineral Resources, China University of Geosciences","Agilent 7500a","detrital","siliciclastic","calcareous to silty sandstone, calcareous siltstone","77","69",,"32","0.069542","0.000792","0.512129","0.019191","0.053173","0.002086","433","5","420","13","336","78","433","5","3.002309",,,,,"LA_ICP_MS","siliciclastic","77","69","U1431D","Upper Miocene",,,,,,,,,,,,,,,,,
"Cao, L et al.","2021","Geological Society of America Bulletin","133","0","Fingerprinting sand from Asian rivers to the deep central South China Sea since the Late Miocene","10.1130/b35845.1","JT3","China","Eastern Asia","Asia","South China Sea",,,"18.4798","116.8015","Neogene","Miocene","11.63","8.48","5.33","zircon","LA_ICP_MS","Wuhan","State Key Laboratory of Geological Processes and Mineral Resources, China University of Geosciences","Agilent 7500a","detrital","siliciclastic","calcareous to silty sandstone, calcareous siltstone","77","70",,"32","0.123593","0.001857","1.163762","0.042002","0.0678","0.002349","751","11","784","20","862","65","751","11","4.394141",,,,,"LA_ICP_MS","siliciclastic","77","70","U1431D","Upper Miocene",,,,,,,,,,,,,,,,,
"Cao, L et al.","2021","Geological Society of America Bulletin","133","0","Fingerprinting sand from Asian rivers to the deep central South China Sea since the Late Miocene","10.1130/b35845.1","JT3","China","Eastern Asia","Asia","South China Sea",,,"18.4798","116.8015","Neogene","Miocene","11.63","8.48","5.33","zircon","LA_ICP_MS","Wuhan","State Key Laboratory of Geological Processes and Mineral Resources, China University of Geosciences","Agilent 7500a","detrital","siliciclastic","calcareous to silty sandstone, calcareous siltstone","77","71",,"32","0.020418","0.000226","0.144727","0.00608","0.050926","0.002148","130","1","137","5","237","90","130","1","5.384615",,,,,"LA_ICP_MS","siliciclastic","77","71","U1431D","Upper Miocene",,,,,,,,,,,,,,,,,
"Cao, L et al.","2021","Geological Society of America Bulletin","133","0","Fingerprinting sand from Asian rivers to the deep central South China Sea since the Late Miocene","10.1130/b35845.1","JT3","China","Eastern Asia","Asia","South China Sea",,,"18.4798","116.8015","Neogene","Miocene","11.63","8.48","5.33","zircon","LA_ICP_MS","Wuhan","State Key Laboratory of Geological Processes and Mineral Resources, China University of Geosciences","Agilent 7500a","detrital","siliciclastic","calcareous to silty sandstone, calcareous siltstone","77","72",,"32","0.092683","0.001592","0.814741","0.03196","0.063527","0.002514","571","9","605","18","726","72","571","9","5.954466",,,,,"LA_ICP_MS","siliciclastic","77","72","U1431D","Upper Miocene",,,,,,,,,,,,,,,,,
"Cao, L et al.","2021","Geological Society of America Bulletin","133","0","Fingerprinting sand from Asian rivers to the deep central South China Sea since the Late Miocene","10.1130/b35845.1","JT3","China","Eastern Asia","Asia","South China Sea",,,"18.4798","116.8015","Neogene","Miocene","11.63","8.48","5.33","zircon","LA_ICP_MS","Wuhan","State Key Laboratory of Geological Processes and Mineral Resources, China University of Geosciences","Agilent 7500a","detrital","siliciclastic","calcareous to silty sandstone, calcareous siltstone","77","73",,"32","0.044446","0.000813","0.328227","0.023827","0.054366","0.004329","280","5","288","18","386","153","280","5","2.857143",,,,,"LA_ICP_MS","siliciclastic","77","73","U1431D","Upper Miocene",,,,,,,,,,,,,,,,,
"Cao, L et al.","2021","Geological Society of America Bulletin","133","0","Fingerprinting sand from Asian rivers to the deep central South China Sea since the Late Miocene","10.1130/b35845.1","JT3","China","Eastern Asia","Asia","South China Sea",,,"18.4798","116.8015","Neogene","Miocene","11.63","8.48","5.33","zircon","LA_ICP_MS","Wuhan","State Key Laboratory of Geological Processes and Mineral Resources, China University of Geosciences","Agilent 7500a","detrital","siliciclastic","calcareous to silty sandstone, calcareous siltstone","77","74",,"32","0.21464","0.002918","2.422119","0.091223","0.082294","0.003284","1253","15","1249","27","1253","66","1253","66","0",,,,,"LA_ICP_MS","siliciclastic","77","74","U1431D","Upper Miocene",,,,,,,,,,,,,,,,,
"Cao, L et al.","2021","Geological Society of America Bulletin","133","0","Fingerprinting sand from Asian rivers to the deep central South China Sea since the Late Miocene","10.1130/b35845.1","JT3","China","Eastern Asia","Asia","South China Sea",,,"18.4798","116.8015","Neogene","Miocene","11.63","8.48","5.33","zircon","LA_ICP_MS","Wuhan","State Key Laboratory of Geological Processes and Mineral Resources, China University of Geosciences","Agilent 7500a","detrital","siliciclastic","calcareous to silty sandstone, calcareous siltstone","77","75",,"32","0.016828","0.000322","0.118935","0.010219","0.055846","0.005646","108","2","114","9","446","181","108","2","5.555556",,,,,"LA_ICP_MS","siliciclastic","77","75","U1431D","Upper Miocene",,,,,,,,,,,,,,,,,
"Cao, L et al.","2021","Geological Society of America Bulletin","133","0","Fingerprinting sand from Asian rivers to the deep central South China Sea since the Late Miocene","10.1130/b35845.1","JT3","China","Eastern Asia","Asia","South China Sea",,,"18.4798","116.8015","Neogene","Miocene","11.63","8.48","5.33","zircon","LA_ICP_MS","Wuhan","State Key Laboratory of Geological Processes and Mineral Resources, China University of Geosciences","Agilent 7500a","detrital","siliciclastic","calcareous to silty sandstone, calcareous siltstone","77","76",,"32","0.101503","0.002053","0.959591","0.039604","0.068138","0.002641","623","12","683","21","873","72","623","12","9.630819",,,,,"LA_ICP_MS","siliciclastic","77","76","U1431D","Upper Miocene",,,,,,,,,,,,,,,,,
"Cao, L et al.","2021","Geological Society of America Bulletin","133","0","Fingerprinting sand from Asian rivers to the deep central South China Sea since the Late Miocene","10.1130/b35845.1","JT3","China","Eastern Asia","Asia","South China Sea",,,"18.4798","116.8015","Neogene","Miocene","11.63","8.48","5.33","zircon","LA_ICP_MS","Wuhan","State Key Laboratory of Geological Processes and Mineral Resources, China University of Geosciences","Agilent 7500a","detrital","siliciclastic","calcareous to silty sandstone, calcareous siltstone","77","77",,"32","0.06975","0.000447","0.528849","0.011926","0.054584","0.001246","435","3","431","8","395","47","435","3","0.91954",,,,,"LA_ICP_MS","siliciclastic","77","77","U1431D","Upper Miocene",,,,,,,,,,,,,,,,,
"Cao, L et al.","2021","Geological Society of America Bulletin","133","0","Fingerprinting sand from Asian rivers to the deep central South China Sea since the Late Miocene","10.1130/b35845.1","JT3","China","Eastern Asia","Asia","South China Sea",,,"18.4798","116.8015","Neogene","Miocene","11.63","8.48","5.33","zircon","LA_ICP_MS","Wuhan","State Key Laboratory of Geological Processes and Mineral Resources, China University of Geosciences","Agilent 7500a","detrital","siliciclastic","calcareous to silty sandstone, calcareous siltstone","77","78",,"32","0.041245","0.001509","0.309199","0.023848","0.056999","0.005061","261","9","274","18","492","145","261","9","4.980843",,,,,"LA_ICP_MS","siliciclastic","77","78","U1431D","Upper Miocene",,,,,,,,,,,,,,,,,
"Cao, L et al.","2021","Geological Society of America Bulletin","133","0","Fingerprinting sand from Asian rivers to the deep central South China Sea since the Late Miocene","10.1130/b35845.1","JT3","China","Eastern Asia","Asia","South China Sea",,,"18.4798","116.8015","Neogene","Miocene","11.63","8.48","5.33","zircon","LA_ICP_MS","Wuhan","State Key Laboratory of Geological Processes and Mineral Resources, China University of Geosciences","Agilent 7500a","detrital","siliciclastic","calcareous to silty sandstone, calcareous siltstone","77","79",,"32","0.063462","0.000748","0.504445","0.017811","0.057469","0.002037","397","5","415","12","510","70","397","5","4.534005",,,,,"LA_ICP_MS","siliciclastic","77","79","U1431D","Upper Miocene",,,,,,,,,,,,,,,,,
"Cao, L et al.","2021","Geological Society of America Bulletin","133","0","Fingerprinting sand from Asian rivers to the deep central South China Sea since the Late Miocene","10.1130/b35845.1","JT3","China","Eastern Asia","Asia","South China Sea",,,"18.4798","116.8015","Neogene","Miocene","11.63","8.48","5.33","zircon","LA_ICP_MS","Wuhan","State Key Laboratory of Geological Processes and Mineral Resources, China University of Geosciences","Agilent 7500a","detrital","siliciclastic","calcareous to silty sandstone, calcareous siltstone","77","80",,"32","0.048327","0.000676","0.357139","0.014599","0.053406","0.0021","304","4","310","11","346","83","304","4","1.973684",,,,,"LA_ICP_MS","siliciclastic","77","80","U1431D","Upper Miocene",,,,,,,,,,,,,,,,,
"Cao, L et al.","2021","Geological Society of America Bulletin","133","0","Fingerprinting sand from Asian rivers to the deep central South China Sea since the Late Miocene","10.1130/b35845.1","JT3","China","Eastern Asia","Asia","South China Sea",,,"18.4798","116.8015","Neogene","Miocene","11.63","8.48","5.33","zircon","LA_ICP_MS","Wuhan","State Key Laboratory of Geological Processes and Mineral Resources, China University of Geosciences","Agilent 7500a","detrital","siliciclastic","calcareous to silty sandstone, calcareous siltstone","77","81",,"32","0.149586","0.001878","1.484098","0.046125","0.072435","0.002292","899","11","924","19","998","55","899","11","2.780868",,,,,"LA_ICP_MS","siliciclastic","77","81","U1431D","Upper Miocene",,,,,,,,,,,,,,,,,
"Cao, L et al.","2021","Geological Society of America Bulletin","133","0","Fingerprinting sand from Asian rivers to the deep central South China Sea since the Late Miocene","10.1130/b35845.1","JT3","China","Eastern Asia","Asia","South China Sea",,,"18.4798","116.8015","Neogene","Miocene","11.63","8.48","5.33","zircon","LA_ICP_MS","Wuhan","State Key Laboratory of Geological Processes and Mineral Resources, China University of Geosciences","Agilent 7500a","detrital","siliciclastic","calcareous to silty sandstone, calcareous siltstone","77","82",,"32","0.124651","0.00157","1.141828","0.044528","0.066192","0.002452","757","9","773","21","812","74","757","9","2.113606",,,,,"LA_ICP_MS","siliciclastic","77","82","U1431D","Upper Miocene",,,,,,,,,,,,,,,,,
"Cao, L et al.","2021","Geological Society of America Bulletin","133","0","Fingerprinting sand from Asian rivers to the deep central South China Sea since the Late Miocene","10.1130/b35845.1","JT3","China","Eastern Asia","Asia","South China Sea",,,"18.4798","116.8015","Neogene","Miocene","11.63","8.48","5.33","zircon","LA_ICP_MS","Wuhan","State Key Laboratory of Geological Processes and Mineral Resources, China University of Geosciences","Agilent 7500a","detrital","siliciclastic","calcareous to silty sandstone, calcareous siltstone","77","83",,"32","0.228248","0.001824","2.57056","0.05334","0.081256","0.001649","1325","10","1292","15","1228","36","1228","36","7.899023",,,,,"LA_ICP_MS","siliciclastic","77","83","U1431D","Upper Miocene",,,,,,,,,,,,,,,,,
"Cao, L et al.","2021","Geological Society of America Bulletin","133","0","Fingerprinting sand from Asian rivers to the deep central South China Sea since the Late Miocene","10.1130/b35845.1","JT3","China","Eastern Asia","Asia","South China Sea",,,"18.4798","116.8015","Neogene","Miocene","11.63","8.48","5.33","zircon","LA_ICP_MS","Wuhan","State Key Laboratory of Geological Processes and Mineral Resources, China University of Geosciences","Agilent 7500a","detrital","siliciclastic","calcareous to silty sandstone, calcareous siltstone","77","84",,"32","0.07983","0.001131","0.75611","0.025219","0.068408","0.00224","492","6","535","15","723","67","492","6","8.739837",,,,,"LA_ICP_MS","siliciclastic","77","84","U1431D","Upper Miocene",,,,,,,,,,,,,,,,,
"Cao, L et al.","2021","Geological Society of America Bulletin","133","0","Fingerprinting sand from Asian rivers to the deep central South China Sea since the Late Miocene","10.1130/b35845.1","JT3","China","Eastern Asia","Asia","South China Sea",,,"18.4798","116.8015","Neogene","Miocene","11.63","8.48","5.33","zircon","LA_ICP_MS","Wuhan","State Key Laboratory of Geological Processes and Mineral Resources, China University of Geosciences","Agilent 7500a","detrital","siliciclastic","calcareous to silty sandstone, calcareous siltstone","77","85",,"32","0.107954","0.001095","0.848156","0.030723","0.056665","0.002036","661","6","624","17","479","74","661","6","5.597579",,,,,"LA_ICP_MS","siliciclastic","77","85","U1431D","Upper Miocene",,,,,,,,,,,,,,,,,
"Cao, L et al.","2021","Geological Society of America Bulletin","133","0","Fingerprinting sand from Asian rivers to the deep central South China Sea since the Late Miocene","10.1130/b35845.1","JT3","China","Eastern Asia","Asia","South China Sea",,,"18.4798","116.8015","Neogene","Miocene","11.63","8.48","5.33","zircon","LA_ICP_MS","Wuhan","State Key Laboratory of Geological Processes and Mineral Resources, China University of Geosciences","Agilent 7500a","detrital","siliciclastic","calcareous to silty sandstone, calcareous siltstone","77","87",,"32","0.044362","0.000339","0.30743","0.009867","0.049939","0.001639","280","2","272","8","192","69","280","2","2.857143",,,,,"LA_ICP_MS","siliciclastic","77","87","U1431D","Upper Miocene",,,,,,,,,,,,,,,,,
"Cao, L et al.","2021","Geological Society of America Bulletin","133","0","Fingerprinting sand from Asian rivers to the deep central South China Sea since the Late Miocene","10.1130/b35845.1","JT3","China","Eastern Asia","Asia","South China Sea",,,"18.4798","116.8015","Neogene","Miocene","11.63","8.48","5.33","zircon","LA_ICP_MS","Wuhan","State Key Laboratory of Geological Processes and Mineral Resources, China University of Geosciences","Agilent 7500a","detrital","siliciclastic","calcareous to silty sandstone, calcareous siltstone","77","88",,"32","0.369208","0.004426","6.372897","0.150168","0.124663","0.003156","2026","21","2029","21","2024","34","2024","34","0.098814",,,,,"LA_ICP_MS","siliciclastic","77","88","U1431D","Upper Miocene",,,,,,,,,,,,,,,,,
"Cao, L et al.","2021","Geological Society of America Bulletin","133","0","Fingerprinting sand from Asian rivers to the deep central South China Sea since the Late Miocene","10.1130/b35845.1","JT4","China","Eastern Asia","Asia","South China Sea",,,"18.4798","116.8015","Neogene","Miocene","11.63","8.48","5.33","zircon","LA_ICP_MS","Wuhan","State Key Laboratory of Geological Processes and Mineral Resources, China University of Geosciences","Agilent 7500a","detrital","siliciclastic","sandy siltstone","34","1",,"32","0.032202","0.000354","0.213605","0.008224","0.047634","0.001869","204","2","197","7","81","78","204","2","3.431373",,,,,"LA_ICP_MS","siliciclastic","34","1","U1431D","Upper Miocene",,,,,,,,,,,,,,,,,
"Cao, L et al.","2021","Geological Society of America Bulletin","133","0","Fingerprinting sand from Asian rivers to the deep central South China Sea since the Late Miocene","10.1130/b35845.1","JT4","China","Eastern Asia","Asia","South China Sea",,,"18.4798","116.8015","Neogene","Miocene","11.63","8.48","5.33","zircon","LA_ICP_MS","Wuhan","State Key Laboratory of Geological Processes and Mineral Resources, China University of Geosciences","Agilent 7500a","detrital","siliciclastic","sandy siltstone","34","6",,"32","0.096742","0.001656","0.903558","0.030708","0.06699","0.001989","595","10","654","16","837","59","595","10","9.915966",,,,,"LA_ICP_MS","siliciclastic","34","6","U1431D","Upper Miocene",,,,,,,,,,,,,,,,,
"Cao, L et al.","2021","Geological Society of America Bulletin","133","0","Fingerprinting sand from Asian rivers to the deep central South China Sea since the Late Miocene","10.1130/b35845.1","JT4","China","Eastern Asia","Asia","South China Sea",,,"18.4798","116.8015","Neogene","Miocene","11.63","8.48","5.33","zircon","LA_ICP_MS","Wuhan","State Key Laboratory of Geological Processes and Mineral Resources, China University of Geosciences","Agilent 7500a","detrital","siliciclastic","sandy siltstone","34","7",,"32","0.055673","0.000824","0.43304","0.021677","0.055827","0.002681","349","5","365","15","445","102","349","5","4.584527",,,,,"LA_ICP_MS","siliciclastic","34","7","U1431D","Upper Miocene",,,,,,,,,,,,,,,,,
"Cao, L et al.","2021","Geological Society of America Bulletin","133","0","Fingerprinting sand from Asian rivers to the deep central South China Sea since the Late Miocene","10.1130/b35845.1","JT4","China","Eastern Asia","Asia","South China Sea",,,"18.4798","116.8015","Neogene","Miocene","11.63","8.48","5.33","zircon","LA_ICP_MS","Wuhan","State Key Laboratory of Geological Processes and Mineral Resources, China University of Geosciences","Agilent 7500a","detrital","siliciclastic","sandy siltstone","34","8",,"32","0.100388","0.001564","0.961129","0.051475","0.069583","0.003567","617","9","684","27","916","101","617","9","10.858995",,,,,"LA_ICP_MS","siliciclastic","34","8","U1431D","Upper Miocene",,,,,,,,,,,,,,,,,
"Cao, L et al.","2021","Geological Society of America Bulletin","133","0","Fingerprinting sand from Asian rivers to the deep central South China Sea since the Late Miocene","10.1130/b35845.1","JT4","China","Eastern Asia","Asia","South China Sea",,,"18.4798","116.8015","Neogene","Miocene","11.63","8.48","5.33","zircon","LA_ICP_MS","Wuhan","State Key Laboratory of Geological Processes and Mineral Resources, China University of Geosciences","Agilent 7500a","detrital","siliciclastic","sandy siltstone","34","9",,"32","0.042252","0.000407","0.410929","0.012674","0.070103","0.00226","261","2","271","10","359","88","261","2","3.831418",,,,,"LA_ICP_MS","siliciclastic","34","9","U1431D","Upper Miocene",,,,,,,,,,,,,,,,,
"Cao, L et al.","2021","Geological Society of America Bulletin","133","0","Fingerprinting sand from Asian rivers to the deep central South China Sea since the Late Miocene","10.1130/b35845.1","JT4","China","Eastern Asia","Asia","South China Sea",,,"18.4798","116.8015","Neogene","Miocene","11.63","8.48","5.33","zircon","LA_ICP_MS","Wuhan","State Key Laboratory of Geological Processes and Mineral Resources, China University of Geosciences","Agilent 7500a","detrital","siliciclastic","sandy siltstone","34","10",,"32","0.041213","0.000473","0.283399","0.012127","0.049776","0.0022","260","3","253","10","185","91","260","3","2.692308",,,,,"LA_ICP_MS","siliciclastic","34","10","U1431D","Upper Miocene",,,,,,,,,,,,,,,,,
"Cao, L et al.","2021","Geological Society of America Bulletin","133","0","Fingerprinting sand from Asian rivers to the deep central South China Sea since the Late Miocene","10.1130/b35845.1","JT4","China","Eastern Asia","Asia","South China Sea",,,"18.4798","116.8015","Neogene","Miocene","11.63","8.48","5.33","zircon","LA_ICP_MS","Wuhan","State Key Laboratory of Geological Processes and Mineral Resources, China University of Geosciences","Agilent 7500a","detrital","siliciclastic","sandy siltstone","34","12",,"32","0.056554","0.000918","0.407305","0.017281","0.051922","0.002171","355","6","347","12","282","86","355","6","2.253521",,,,,"LA_ICP_MS","siliciclastic","34","12","U1431D","Upper Miocene",,,,,,,,,,,,,,,,,
"Cao, L et al.","2021","Geological Society of America Bulletin","133","0","Fingerprinting sand from Asian rivers to the deep central South China Sea since the Late Miocene","10.1130/b35845.1","JT4","China","Eastern Asia","Asia","South China Sea",,,"18.4798","116.8015","Neogene","Miocene","11.63","8.48","5.33","zircon","LA_ICP_MS","Wuhan","State Key Laboratory of Geological Processes and Mineral Resources, China University of Geosciences","Agilent 7500a","detrital","siliciclastic","sandy siltstone","34","13",,"32","0.328136","0.002609","5.090924","0.125812","0.111828","0.002807","1829","13","1835","21","1829","41","1829","41","0",,,,,"LA_ICP_MS","siliciclastic","34","13","U1431D","Upper Miocene",,,,,,,,,,,,,,,,,
"Cao, L et al.","2021","Geological Society of America Bulletin","133","0","Fingerprinting sand from Asian rivers to the deep central South China Sea since the Late Miocene","10.1130/b35845.1","JT4","China","Eastern Asia","Asia","South China Sea",,,"18.4798","116.8015","Neogene","Miocene","11.63","8.48","5.33","zircon","LA_ICP_MS","Wuhan","State Key Laboratory of Geological Processes and Mineral Resources, China University of Geosciences","Agilent 7500a","detrital","siliciclastic","sandy siltstone","34","14",,"32","0.119698","0.001455","1.082253","0.040709","0.065319","0.002498","729","8","745","20","785","72","729","8","2.194787",,,,,"LA_ICP_MS","siliciclastic","34","14","U1431D","Upper Miocene",,,,,,,,,,,,,,,,,
"Cao, L et al.","2021","Geological Society of America Bulletin","133","0","Fingerprinting sand from Asian rivers to the deep central South China Sea since the Late Miocene","10.1130/b35845.1","JT4","China","Eastern Asia","Asia","South China Sea",,,"18.4798","116.8015","Neogene","Miocene","11.63","8.48","5.33","zircon","LA_ICP_MS","Wuhan","State Key Laboratory of Geological Processes and Mineral Resources, China University of Geosciences","Agilent 7500a","detrital","siliciclastic","sandy siltstone","34","16",,"32","0.146533","0.00169","1.682764","0.054938","0.082854","0.002786","875","10","954","30","1139","80","875","10","9.028571",,,,,"LA_ICP_MS","siliciclastic","34","16","U1431D","Upper Miocene",,,,,,,,,,,,,,,,,
"Cao, L et al.","2021","Geological Society of America Bulletin","133","0","Fingerprinting sand from Asian rivers to the deep central South China Sea since the Late Miocene","10.1130/b35845.1","JT4","China","Eastern Asia","Asia","South China Sea",,,"18.4798","116.8015","Neogene","Miocene","11.63","8.48","5.33","zircon","LA_ICP_MS","Wuhan","State Key Laboratory of Geological Processes and Mineral Resources, China University of Geosciences","Agilent 7500a","detrital","siliciclastic","sandy siltstone","34","18",,"32","0.280171","0.004438","3.920549","0.143526","0.101151","0.003736","1592","22","1618","30","1645","59","1645","59","3.221884",,,,,"LA_ICP_MS","siliciclastic","34","18","U1431D","Upper Miocene",,,,,,,,,,,,,,,,,
"Cao, L et al.","2021","Geological Society of America Bulletin","133","0","Fingerprinting sand from Asian rivers to the deep central South China Sea since the Late Miocene","10.1130/b35845.1","JT4","China","Eastern Asia","Asia","South China Sea",,,"18.4798","116.8015","Neogene","Miocene","11.63","8.48","5.33","zircon","LA_ICP_MS","Wuhan","State Key Laboratory of Geological Processes and Mineral Resources, China University of Geosciences","Agilent 7500a","detrital","siliciclastic","sandy siltstone","34","19",,"32","0.32226","0.004196","5.171453","0.136463","0.115527","0.002984","1801","20","1848","22","1888","39","1888","39","4.608051",,,,,"LA_ICP_MS","siliciclastic","34","19","U1431D","Upper Miocene",,,,,,,,,,,,,,,,,
"Cao, L et al.","2021","Geological Society of America Bulletin","133","0","Fingerprinting sand from Asian rivers to the deep central South China Sea since the Late Miocene","10.1130/b35845.1","JT4","China","Eastern Asia","Asia","South China Sea",,,"18.4798","116.8015","Neogene","Miocene","11.63","8.48","5.33","zircon","LA_ICP_MS","Wuhan","State Key Laboratory of Geological Processes and Mineral Resources, China University of Geosciences","Agilent 7500a","detrital","siliciclastic","sandy siltstone","34","20",,"32","0.203662","0.002288","2.362311","0.075943","0.083322","0.002645","1195","12","1231","23","1277","56","1195","12","3.012552",,,,,"LA_ICP_MS","siliciclastic","34","20","U1431D","Upper Miocene",,,,,,,,,,,,,,,,,
"Cao, L et al.","2021","Geological Society of America Bulletin","133","0","Fingerprinting sand from Asian rivers to the deep central South China Sea since the Late Miocene","10.1130/b35845.1","JT4","China","Eastern Asia","Asia","South China Sea",,,"18.4798","116.8015","Neogene","Miocene","11.63","8.48","5.33","zircon","LA_ICP_MS","Wuhan","State Key Laboratory of Geological Processes and Mineral Resources, China University of Geosciences","Agilent 7500a","detrital","siliciclastic","sandy siltstone","34","21",,"32","0.029291","0.000555","0.204716","0.013853","0.050766","0.003576","186","3","189","12","230","140","186","3","1.612903",,,,,"LA_ICP_MS","siliciclastic","34","21","U1431D","Upper Miocene",,,,,,,,,,,,,,,,,
"Cao, L et al.","2021","Geological Society of America Bulletin","133","0","Fingerprinting sand from Asian rivers to the deep central South China Sea since the Late Miocene","10.1130/b35845.1","JT4","China","Eastern Asia","Asia","South China Sea",,,"18.4798","116.8015","Neogene","Miocene","11.63","8.48","5.33","zircon","LA_ICP_MS","Wuhan","State Key Laboratory of Geological Processes and Mineral Resources, China University of Geosciences","Agilent 7500a","detrital","siliciclastic","sandy siltstone","34","23",,"32","0.100988","0.001662","1.025225","0.035802","0.070741","0.002772","611","10","620","31","654","115","611","10","1.472995",,,,,"LA_ICP_MS","siliciclastic","34","23","U1431D","Upper Miocene",,,,,,,,,,,,,,,,,
"Cao, L et al.","2021","Geological Society of America Bulletin","133","0","Fingerprinting sand from Asian rivers to the deep central South China Sea since the Late Miocene","10.1130/b35845.1","JT4","China","Eastern Asia","Asia","South China Sea",,,"18.4798","116.8015","Neogene","Miocene","11.63","8.48","5.33","zircon","LA_ICP_MS","Wuhan","State Key Laboratory of Geological Processes and Mineral Resources, China University of Geosciences","Agilent 7500a","detrital","siliciclastic","sandy siltstone","34","25",,"32","0.225056","0.002214","2.790774","0.062068","0.089242","0.001937","1309","12","1353","17","1409","37","1409","37","7.097232",,,,,"LA_ICP_MS","siliciclastic","34","25","U1431D","Upper Miocene",,,,,,,,,,,,,,,,,
"Cao, L et al.","2021","Geological Society of America Bulletin","133","0","Fingerprinting sand from Asian rivers to the deep central South China Sea since the Late Miocene","10.1130/b35845.1","JT4","China","Eastern Asia","Asia","South China Sea",,,"18.4798","116.8015","Neogene","Miocene","11.63","8.48","5.33","zircon","LA_ICP_MS","Wuhan","State Key Laboratory of Geological Processes and Mineral Resources, China University of Geosciences","Agilent 7500a","detrital","siliciclastic","sandy siltstone","34","26",,"32","0.049983","0.000609","0.355323","0.0163","0.051103","0.002276","314","4","309","12","245","99","314","4","1.592357",,,,,"LA_ICP_MS","siliciclastic","34","26","U1431D","Upper Miocene",,,,,,,,,,,,,,,,,
"Cao, L et al.","2021","Geological Society of America Bulletin","133","0","Fingerprinting sand from Asian rivers to the deep central South China Sea since the Late Miocene","10.1130/b35845.1","JT4","China","Eastern Asia","Asia","South China Sea",,,"18.4798","116.8015","Neogene","Miocene","11.63","8.48","5.33","zircon","LA_ICP_MS","Wuhan","State Key Laboratory of Geological Processes and Mineral Resources, China University of Geosciences","Agilent 7500a","detrital","siliciclastic","sandy siltstone","34","27",,"32","0.039866","0.00044","0.284287","0.012265","0.051401","0.002203","252","3","254","10","259","93","252","3","0.793651",,,,,"LA_ICP_MS","siliciclastic","34","27","U1431D","Upper Miocene",,,,,,,,,,,,,,,,,
"Cao, L et al.","2021","Geological Society of America Bulletin","133","0","Fingerprinting sand from Asian rivers to the deep central South China Sea since the Late Miocene","10.1130/b35845.1","JT4","China","Eastern Asia","Asia","South China Sea",,,"18.4798","116.8015","Neogene","Miocene","11.63","8.48","5.33","zircon","LA_ICP_MS","Wuhan","State Key Laboratory of Geological Processes and Mineral Resources, China University of Geosciences","Agilent 7500a","detrital","siliciclastic","sandy siltstone","34","28",,"32","0.025535","0.000374","0.183143","0.008864","0.052021","0.002541","163","2","171","8","286","103","163","2","4.907975",,,,,"LA_ICP_MS","siliciclastic","34","28","U1431D","Upper Miocene",,,,,,,,,,,,,,,,,
"Cao, L et al.","2021","Geological Society of America Bulletin","133","0","Fingerprinting sand from Asian rivers to the deep central South China Sea since the Late Miocene","10.1130/b35845.1","JT4","China","Eastern Asia","Asia","South China Sea",,,"18.4798","116.8015","Neogene","Miocene","11.63","8.48","5.33","zircon","LA_ICP_MS","Wuhan","State Key Laboratory of Geological Processes and Mineral Resources, China University of Geosciences","Agilent 7500a","detrital","siliciclastic","sandy siltstone","34","29",,"32","0.443276","0.00429","8.355304","0.181013","0.135993","0.003064","2365","19","2270","20","2177","33","2177","33","8.635737",,,,,"LA_ICP_MS","siliciclastic","34","29","U1431D","Upper Miocene",,,,,,,,,,,,,,,,,
"Cao, L et al.","2021","Geological Society of America Bulletin","133","0","Fingerprinting sand from Asian rivers to the deep central South China Sea since the Late Miocene","10.1130/b35845.1","JT4","China","Eastern Asia","Asia","South China Sea",,,"18.4798","116.8015","Neogene","Miocene","11.63","8.48","5.33","zircon","LA_ICP_MS","Wuhan","State Key Laboratory of Geological Processes and Mineral Resources, China University of Geosciences","Agilent 7500a","detrital","siliciclastic","sandy siltstone","34","30",,"32","0.039833","0.000506","0.304392","0.013733","0.056365","0.002798","252","3","270","11","467","93","252","3","7.142857",,,,,"LA_ICP_MS","siliciclastic","34","30","U1431D","Upper Miocene",,,,,,,,,,,,,,,,,
"Cao, L et al.","2021","Geological Society of America Bulletin","133","0","Fingerprinting sand from Asian rivers to the deep central South China Sea since the Late Miocene","10.1130/b35845.1","JT4","China","Eastern Asia","Asia","South China Sea",,,"18.4798","116.8015","Neogene","Miocene","11.63","8.48","5.33","zircon","LA_ICP_MS","Wuhan","State Key Laboratory of Geological Processes and Mineral Resources, China University of Geosciences","Agilent 7500a","detrital","siliciclastic","sandy siltstone","34","32",,"32","0.036796","0.000418","0.310237","0.011693","0.061191","0.002315","231","3","253","11","460","98","231","3","9.52381",,,,,"LA_ICP_MS","siliciclastic","34","32","U1431D","Upper Miocene",,,,,,,,,,,,,,,,,
"Cao, L et al.","2021","Geological Society of America Bulletin","133","0","Fingerprinting sand from Asian rivers to the deep central South China Sea since the Late Miocene","10.1130/b35845.1","JT4","China","Eastern Asia","Asia","South China Sea",,,"18.4798","116.8015","Neogene","Miocene","11.63","8.48","5.33","zircon","LA_ICP_MS","Wuhan","State Key Laboratory of Geological Processes and Mineral Resources, China University of Geosciences","Agilent 7500a","detrital","siliciclastic","sandy siltstone","34","37",,"32","0.039162","0.000618","0.303153","0.017946","0.056316","0.003386","248","4","269","14","465","123","248","4","8.467742",,,,,"LA_ICP_MS","siliciclastic","34","37","U1431D","Upper Miocene",,,,,,,,,,,,,,,,,
"Cao, L et al.","2021","Geological Society of America Bulletin","133","0","Fingerprinting sand from Asian rivers to the deep central South China Sea since the Late Miocene","10.1130/b35845.1","JT4","China","Eastern Asia","Asia","South China Sea",,,"18.4798","116.8015","Neogene","Miocene","11.63","8.48","5.33","zircon","LA_ICP_MS","Wuhan","State Key Laboratory of Geological Processes and Mineral Resources, China University of Geosciences","Agilent 7500a","detrital","siliciclastic","sandy siltstone","34","41",,"32","0.145852","0.001391","1.557323","0.04067","0.077015","0.001983","878","8","953","16","1122","47","878","8","8.542141",,,,,"LA_ICP_MS","siliciclastic","34","41","U1431D","Upper Miocene",,,,,,,,,,,,,,,,,
"Cao, L et al.","2021","Geological Society of America Bulletin","133","0","Fingerprinting sand from Asian rivers to the deep central South China Sea since the Late Miocene","10.1130/b35845.1","JT4","China","Eastern Asia","Asia","South China Sea",,,"18.4798","116.8015","Neogene","Miocene","11.63","8.48","5.33","zircon","LA_ICP_MS","Wuhan","State Key Laboratory of Geological Processes and Mineral Resources, China University of Geosciences","Agilent 7500a","detrital","siliciclastic","sandy siltstone","34","44",,"32","0.350343","0.003206","5.806068","0.130969","0.119306","0.002619","1936","15","1947","20","1946","36","1946","36","0.513875",,,,,"LA_ICP_MS","siliciclastic","34","44","U1431D","Upper Miocene",,,,,,,,,,,,,,,,,
"Cao, L et al.","2021","Geological Society of America Bulletin","133","0","Fingerprinting sand from Asian rivers to the deep central South China Sea since the Late Miocene","10.1130/b35845.1","JT4","China","Eastern Asia","Asia","South China Sea",,,"18.4798","116.8015","Neogene","Miocene","11.63","8.48","5.33","zircon","LA_ICP_MS","Wuhan","State Key Laboratory of Geological Processes and Mineral Resources, China University of Geosciences","Agilent 7500a","detrital","siliciclastic","sandy siltstone","34","45",,"32","0.113651","0.002377","1.083667","0.043799","0.069223","0.002857","694","14","745","21","905","69","694","14","7.348703",,,,,"LA_ICP_MS","siliciclastic","34","45","U1431D","Upper Miocene",,,,,,,,,,,,,,,,,
"Cao, L et al.","2021","Geological Society of America Bulletin","133","0","Fingerprinting sand from Asian rivers to the deep central South China Sea since the Late Miocene","10.1130/b35845.1","JT4","China","Eastern Asia","Asia","South China Sea",,,"18.4798","116.8015","Neogene","Miocene","11.63","8.48","5.33","zircon","LA_ICP_MS","Wuhan","State Key Laboratory of Geological Processes and Mineral Resources, China University of Geosciences","Agilent 7500a","detrital","siliciclastic","sandy siltstone","34","50",,"32","0.0856","0.001244","0.749414","0.022439","0.063251","0.001859","529","7","568","13","717","54","529","7","7.372401",,,,,"LA_ICP_MS","siliciclastic","34","50","U1431D","Upper Miocene",,,,,,,,,,,,,,,,,
"Cao, L et al.","2021","Geological Society of America Bulletin","133","0","Fingerprinting sand from Asian rivers to the deep central South China Sea since the Late Miocene","10.1130/b35845.1","JT4","China","Eastern Asia","Asia","South China Sea",,,"18.4798","116.8015","Neogene","Miocene","11.63","8.48","5.33","zircon","LA_ICP_MS","Wuhan","State Key Laboratory of Geological Processes and Mineral Resources, China University of Geosciences","Agilent 7500a","detrital","siliciclastic","sandy siltstone","34","51",,"32","0.107075","0.001573","0.878249","0.038238","0.059601","0.002754","656","9","640","21","589","86","656","9","2.439024",,,,,"LA_ICP_MS","siliciclastic","34","51","U1431D","Upper Miocene",,,,,,,,,,,,,,,,,
"Cao, L et al.","2021","Geological Society of America Bulletin","133","0","Fingerprinting sand from Asian rivers to the deep central South China Sea since the Late Miocene","10.1130/b35845.1","JT4","China","Eastern Asia","Asia","South China Sea",,,"18.4798","116.8015","Neogene","Miocene","11.63","8.48","5.33","zircon","LA_ICP_MS","Wuhan","State Key Laboratory of Geological Processes and Mineral Resources, China University of Geosciences","Agilent 7500a","detrital","siliciclastic","sandy siltstone","34","53",,"32","0.126866","0.001486","1.136769","0.035801","0.065343","0.002191","770","8","771","17","785","60","770","8","0.12987",,,,,"LA_ICP_MS","siliciclastic","34","53","U1431D","Upper Miocene",,,,,,,,,,,,,,,,,
"Cao, L et al.","2021","Geological Society of America Bulletin","133","0","Fingerprinting sand from Asian rivers to the deep central South China Sea since the Late Miocene","10.1130/b35845.1","JT4","China","Eastern Asia","Asia","South China Sea",,,"18.4798","116.8015","Neogene","Miocene","11.63","8.48","5.33","zircon","LA_ICP_MS","Wuhan","State Key Laboratory of Geological Processes and Mineral Resources, China University of Geosciences","Agilent 7500a","detrital","siliciclastic","sandy siltstone","34","55",,"32","0.134252","0.002353","1.416477","0.059758","0.075999","0.003055","805","14","833","36","909","107","805","14","3.478261",,,,,"LA_ICP_MS","siliciclastic","34","55","U1431D","Upper Miocene",,,,,,,,,,,,,,,,,
"Cao, L et al.","2021","Geological Society of America Bulletin","133","0","Fingerprinting sand from Asian rivers to the deep central South China Sea since the Late Miocene","10.1130/b35845.1","JT4","China","Eastern Asia","Asia","South China Sea",,,"18.4798","116.8015","Neogene","Miocene","11.63","8.48","5.33","zircon","LA_ICP_MS","Wuhan","State Key Laboratory of Geological Processes and Mineral Resources, China University of Geosciences","Agilent 7500a","detrital","siliciclastic","sandy siltstone","34","56",,"32","0.139606","0.001322","1.276039","0.03533","0.065843","0.001844","842","7","835","16","801","51","842","7","0.831354",,,,,"LA_ICP_MS","siliciclastic","34","56","U1431D","Upper Miocene",,,,,,,,,,,,,,,,,
"Cao, L et al.","2021","Geological Society of America Bulletin","133","0","Fingerprinting sand from Asian rivers to the deep central South China Sea since the Late Miocene","10.1130/b35845.1","JT4","China","Eastern Asia","Asia","South China Sea",,,"18.4798","116.8015","Neogene","Miocene","11.63","8.48","5.33","zircon","LA_ICP_MS","Wuhan","State Key Laboratory of Geological Processes and Mineral Resources, China University of Geosciences","Agilent 7500a","detrital","siliciclastic","sandy siltstone","34","57",,"32","0.15875","0.002125","1.576679","0.048462","0.071526","0.00219","950","12","961","19","972","53","950","12","1.157895",,,,,"LA_ICP_MS","siliciclastic","34","57","U1431D","Upper Miocene",,,,,,,,,,,,,,,,,
"Cao, L et al.","2021","Geological Society of America Bulletin","133","0","Fingerprinting sand from Asian rivers to the deep central South China Sea since the Late Miocene","10.1130/b35845.1","JT4","China","Eastern Asia","Asia","South China Sea",,,"18.4798","116.8015","Neogene","Miocene","11.63","8.48","5.33","zircon","LA_ICP_MS","Wuhan","State Key Laboratory of Geological Processes and Mineral Resources, China University of Geosciences","Agilent 7500a","detrital","siliciclastic","sandy siltstone","34","58",,"32","0.06392","0.000475","0.484345","0.011593","0.054612","0.001344","399","3","401","8","396","48","399","3","0.501253",,,,,"LA_ICP_MS","siliciclastic","34","58","U1431D","Upper Miocene",,,,,,,,,,,,,,,,,
"Cao, L et al.","2021","Geological Society of America Bulletin","133","0","Fingerprinting sand from Asian rivers to the deep central South China Sea since the Late Miocene","10.1130/b35845.1","JT4","China","Eastern Asia","Asia","South China Sea",,,"18.4798","116.8015","Neogene","Miocene","11.63","8.48","5.33","zircon","LA_ICP_MS","Wuhan","State Key Laboratory of Geological Processes and Mineral Resources, China University of Geosciences","Agilent 7500a","detrital","siliciclastic","sandy siltstone","34","59",,"32","0.079023","0.000802","0.61439","0.021249","0.056292","0.002025","490","5","486","13","464","69","490","5","0.816327",,,,,"LA_ICP_MS","siliciclastic","34","59","U1431D","Upper Miocene",,,,,,,,,,,,,,,,,
"Cao, L et al.","2021","Geological Society of America Bulletin","133","0","Fingerprinting sand from Asian rivers to the deep central South China Sea since the Late Miocene","10.1130/b35845.1","JT5","China","Eastern Asia","Asia","South China Sea",,,"18.4798","116.8015","Neogene","Miocene","11.63","8.48","5.33","zircon","LA_ICP_MS","Wuhan","State Key Laboratory of Geological Processes and Mineral Resources, China University of Geosciences","Agilent 7500a","detrital","siliciclastic","fine sandstone, clayey siltstone","78","1",,"32","0.216998","0.003162","2.644692","0.108038","0.087858","0.003485","1266","17","1313","30","1379","69","1379","69","8.194344",,,,,"LA_ICP_MS","siliciclastic","78","1","U1431D","Upper Miocene",,,,,,,,,,,,,,,,,
"Cao, L et al.","2021","Geological Society of America Bulletin","133","0","Fingerprinting sand from Asian rivers to the deep central South China Sea since the Late Miocene","10.1130/b35845.1","JT5","China","Eastern Asia","Asia","South China Sea",,,"18.4798","116.8015","Neogene","Miocene","11.63","8.48","5.33","zircon","LA_ICP_MS","Wuhan","State Key Laboratory of Geological Processes and Mineral Resources, China University of Geosciences","Agilent 7500a","detrital","siliciclastic","fine sandstone, clayey siltstone","78","2",,"32","0.287102","0.002002","3.785387","0.071058","0.095061","0.001845","1627","10","1590","15","1529","31","1529","31","6.409418",,,,,"LA_ICP_MS","siliciclastic","78","2","U1431D","Upper Miocene",,,,,,,,,,,,,,,,,
"Cao, L et al.","2021","Geological Society of America Bulletin","133","0","Fingerprinting sand from Asian rivers to the deep central South China Sea since the Late Miocene","10.1130/b35845.1","JT5","China","Eastern Asia","Asia","South China Sea",,,"18.4798","116.8015","Neogene","Miocene","11.63","8.48","5.33","zircon","LA_ICP_MS","Wuhan","State Key Laboratory of Geological Processes and Mineral Resources, China University of Geosciences","Agilent 7500a","detrital","siliciclastic","fine sandstone, clayey siltstone","78","3",,"32","0.119391","0.00115","0.968835","0.022487","0.058657","0.001352","727","7","688","12","554","43","727","7","5.364512",,,,,"LA_ICP_MS","siliciclastic","78","3","U1431D","Upper Miocene",,,,,,,,,,,,,,,,,
"Cao, L et al.","2021","Geological Society of America Bulletin","133","0","Fingerprinting sand from Asian rivers to the deep central South China Sea since the Late Miocene","10.1130/b35845.1","JT5","China","Eastern Asia","Asia","South China Sea",,,"18.4798","116.8015","Neogene","Miocene","11.63","8.48","5.33","zircon","LA_ICP_MS","Wuhan","State Key Laboratory of Geological Processes and Mineral Resources, China University of Geosciences","Agilent 7500a","detrital","siliciclastic","fine sandstone, clayey siltstone","78","4",,"32","0.043888","0.000414","0.313235","0.011655","0.051477","0.001901","277","3","277","9","262","78","277","3","0",,,,,"LA_ICP_MS","siliciclastic","78","4","U1431D","Upper Miocene",,,,,,,,,,,,,,,,,
"Cao, L et al.","2021","Geological Society of America Bulletin","133","0","Fingerprinting sand from Asian rivers to the deep central South China Sea since the Late Miocene","10.1130/b35845.1","JT5","China","Eastern Asia","Asia","South China Sea",,,"18.4798","116.8015","Neogene","Miocene","11.63","8.48","5.33","zircon","LA_ICP_MS","Wuhan","State Key Laboratory of Geological Processes and Mineral Resources, China University of Geosciences","Agilent 7500a","detrital","siliciclastic","fine sandstone, clayey siltstone","78","5",,"32","0.065241","0.000668","0.525501","0.024838","0.057945","0.002673","407","4","429","17","528","96","407","4","5.405405",,,,,"LA_ICP_MS","siliciclastic","78","5","U1431D","Upper Miocene",,,,,,,,,,,,,,,,,
"Cao, L et al.","2021","Geological Society of America Bulletin","133","0","Fingerprinting sand from Asian rivers to the deep central South China Sea since the Late Miocene","10.1130/b35845.1","JT5","China","Eastern Asia","Asia","South China Sea",,,"18.4798","116.8015","Neogene","Miocene","11.63","8.48","5.33","zircon","LA_ICP_MS","Wuhan","State Key Laboratory of Geological Processes and Mineral Resources, China University of Geosciences","Agilent 7500a","detrital","siliciclastic","fine sandstone, clayey siltstone","78","6",,"32","0.0098","0.000233","0.069772","0.004126","0.05185","0.003092","63","1","68","4","279","117","63","1","7.936508",,,,,"LA_ICP_MS","siliciclastic","78","6","U1431D","Upper Miocene",,,,,,,,,,,,,,,,,
"Cao, L et al.","2021","Geological Society of America Bulletin","133","0","Fingerprinting sand from Asian rivers to the deep central South China Sea since the Late Miocene","10.1130/b35845.1","JT5","China","Eastern Asia","Asia","South China Sea",,,"18.4798","116.8015","Neogene","Miocene","11.63","8.48","5.33","zircon","LA_ICP_MS","Wuhan","State Key Laboratory of Geological Processes and Mineral Resources, China University of Geosciences","Agilent 7500a","detrital","siliciclastic","fine sandstone, clayey siltstone","78","7",,"32","0.066583","0.001092","0.549366","0.020629","0.059711","0.002145","416","7","445","14","593","69","416","7","6.971154",,,,,"LA_ICP_MS","siliciclastic","78","7","U1431D","Upper Miocene",,,,,,,,,,,,,,,,,
"Cao, L et al.","2021","Geological Society of America Bulletin","133","0","Fingerprinting sand from Asian rivers to the deep central South China Sea since the Late Miocene","10.1130/b35845.1","JT5","China","Eastern Asia","Asia","South China Sea",,,"18.4798","116.8015","Neogene","Miocene","11.63","8.48","5.33","zircon","LA_ICP_MS","Wuhan","State Key Laboratory of Geological Processes and Mineral Resources, China University of Geosciences","Agilent 7500a","detrital","siliciclastic","fine sandstone, clayey siltstone","78","8",,"32","0.055611","0.000748","0.483876","0.027688","0.063172","0.003706","346","5","367","20","503","127","346","5","6.069364",,,,,"LA_ICP_MS","siliciclastic","78","8","U1431D","Upper Miocene",,,,,,,,,,,,,,,,,
"Cao, L et al.","2021","Geological Society of America Bulletin","133","0","Fingerprinting sand from Asian rivers to the deep central South China Sea since the Late Miocene","10.1130/b35845.1","JT5","China","Eastern Asia","Asia","South China Sea",,,"18.4798","116.8015","Neogene","Miocene","11.63","8.48","5.33","zircon","LA_ICP_MS","Wuhan","State Key Laboratory of Geological Processes and Mineral Resources, China University of Geosciences","Agilent 7500a","detrital","siliciclastic","fine sandstone, clayey siltstone","78","9",,"32","0.036471","0.000369","0.270197","0.008572","0.053708","0.001746","231","2","243","7","359","64","231","2","5.194805",,,,,"LA_ICP_MS","siliciclastic","78","9","U1431D","Upper Miocene",,,,,,,,,,,,,,,,,
"Cao, L et al.","2021","Geological Society of America Bulletin","133","0","Fingerprinting sand from Asian rivers to the deep central South China Sea since the Late Miocene","10.1130/b35845.1","JT5","China","Eastern Asia","Asia","South China Sea",,,"18.4798","116.8015","Neogene","Miocene","11.63","8.48","5.33","zircon","LA_ICP_MS","Wuhan","State Key Laboratory of Geological Processes and Mineral Resources, China University of Geosciences","Agilent 7500a","detrital","siliciclastic","fine sandstone, clayey siltstone","78","10",,"32","0.041616","0.000488","0.298213","0.013065","0.051849","0.002314","263","3","265","10","279","91","263","3","0.760456",,,,,"LA_ICP_MS","siliciclastic","78","10","U1431D","Upper Miocene",,,,,,,,,,,,,,,,,
"Cao, L et al.","2021","Geological Society of America Bulletin","133","0","Fingerprinting sand from Asian rivers to the deep central South China Sea since the Late Miocene","10.1130/b35845.1","JT5","China","Eastern Asia","Asia","South China Sea",,,"18.4798","116.8015","Neogene","Miocene","11.63","8.48","5.33","zircon","LA_ICP_MS","Wuhan","State Key Laboratory of Geological Processes and Mineral Resources, China University of Geosciences","Agilent 7500a","detrital","siliciclastic","fine sandstone, clayey siltstone","78","12",,"32","0.525319","0.004953","14.59016","0.288216","0.200701","0.004096","2722","21","2789","19","2832","27","2832","27","3.884181",,,,,"LA_ICP_MS","siliciclastic","78","12","U1431D","Upper Miocene",,,,,,,,,,,,,,,,,
"Cao, L et al.","2021","Geological Society of America Bulletin","133","0","Fingerprinting sand from Asian rivers to the deep central South China Sea since the Late Miocene","10.1130/b35845.1","JT5","China","Eastern Asia","Asia","South China Sea",,,"18.4798","116.8015","Neogene","Miocene","11.63","8.48","5.33","zircon","LA_ICP_MS","Wuhan","State Key Laboratory of Geological Processes and Mineral Resources, China University of Geosciences","Agilent 7500a","detrital","siliciclastic","fine sandstone, clayey siltstone","78","14",,"32","0.066706","0.000909","0.547884","0.020927","0.059567","0.002346","416","5","444","14","588","73","416","5","6.730769",,,,,"LA_ICP_MS","siliciclastic","78","14","U1431D","Upper Miocene",,,,,,,,,,,,,,,,,
"Cao, L et al.","2021","Geological Society of America Bulletin","133","0","Fingerprinting sand from Asian rivers to the deep central South China Sea since the Late Miocene","10.1130/b35845.1","JT5","China","Eastern Asia","Asia","South China Sea",,,"18.4798","116.8015","Neogene","Miocene","11.63","8.48","5.33","zircon","LA_ICP_MS","Wuhan","State Key Laboratory of Geological Processes and Mineral Resources, China University of Geosciences","Agilent 7500a","detrital","siliciclastic","fine sandstone, clayey siltstone","78","15",,"32","0.035957","0.000669","0.278309","0.016273","0.053811","0.003458","228","4","249","13","363","119","228","4","9.210526",,,,,"LA_ICP_MS","siliciclastic","78","15","U1431D","Upper Miocene",,,,,,,,,,,,,,,,,
"Cao, L et al.","2021","Geological Society of America Bulletin","133","0","Fingerprinting sand from Asian rivers to the deep central South China Sea since the Late Miocene","10.1130/b35845.1","JT5","China","Eastern Asia","Asia","South China Sea",,,"18.4798","116.8015","Neogene","Miocene","11.63","8.48","5.33","zircon","LA_ICP_MS","Wuhan","State Key Laboratory of Geological Processes and Mineral Resources, China University of Geosciences","Agilent 7500a","detrital","siliciclastic","fine sandstone, clayey siltstone","78","16",,"32","0.06987","0.000723","0.538927","0.01938","0.055596","0.00202","435","4","438","13","436","72","435","4","0.689655",,,,,"LA_ICP_MS","siliciclastic","78","16","U1431D","Upper Miocene",,,,,,,,,,,,,,,,,
"Cao, L et al.","2021","Geological Society of America Bulletin","133","0","Fingerprinting sand from Asian rivers to the deep central South China Sea since the Late Miocene","10.1130/b35845.1","JT5","China","Eastern Asia","Asia","South China Sea",,,"18.4798","116.8015","Neogene","Miocene","11.63","8.48","5.33","zircon","LA_ICP_MS","Wuhan","State Key Laboratory of Geological Processes and Mineral Resources, China University of Geosciences","Agilent 7500a","detrital","siliciclastic","fine sandstone, clayey siltstone","78","17",,"32","0.181659","0.001694","1.894196","0.060109","0.075295","0.002419","1076","9","1079","21","1076","57","1076","9","0.27881",,,,,"LA_ICP_MS","siliciclastic","78","17","U1431D","Upper Miocene",,,,,,,,,,,,,,,,,
"Cao, L et al.","2021","Geological Society of America Bulletin","133","0","Fingerprinting sand from Asian rivers to the deep central South China Sea since the Late Miocene","10.1130/b35845.1","JT5","China","Eastern Asia","Asia","South China Sea",,,"18.4798","116.8015","Neogene","Miocene","11.63","8.48","5.33","zircon","LA_ICP_MS","Wuhan","State Key Laboratory of Geological Processes and Mineral Resources, China University of Geosciences","Agilent 7500a","detrital","siliciclastic","fine sandstone, clayey siltstone","78","18",,"32","0.088004","0.000817","0.650288","0.022578","0.053392","0.001904","544","5","509","14","345","71","544","5","6.433824",,,,,"LA_ICP_MS","siliciclastic","78","18","U1431D","Upper Miocene",,,,,,,,,,,,,,,,,
"Cao, L et al.","2021","Geological Society of America Bulletin","133","0","Fingerprinting sand from Asian rivers to the deep central South China Sea since the Late Miocene","10.1130/b35845.1","JT5","China","Eastern Asia","Asia","South China Sea",,,"18.4798","116.8015","Neogene","Miocene","11.63","8.48","5.33","zircon","LA_ICP_MS","Wuhan","State Key Laboratory of Geological Processes and Mineral Resources, China University of Geosciences","Agilent 7500a","detrital","siliciclastic","fine sandstone, clayey siltstone","78","19",,"32","0.378044","0.002624","7.091471","0.131245","0.13496","0.002474","2067","12","2123","16","2164","28","2164","28","4.48244",,,,,"LA_ICP_MS","siliciclastic","78","19","U1431D","Upper Miocene",,,,,,,,,,,,,,,,,
"Cao, L et al.","2021","Geological Society of America Bulletin","133","0","Fingerprinting sand from Asian rivers to the deep central South China Sea since the Late Miocene","10.1130/b35845.1","JT5","China","Eastern Asia","Asia","South China Sea",,,"18.4798","116.8015","Neogene","Miocene","11.63","8.48","5.33","zircon","LA_ICP_MS","Wuhan","State Key Laboratory of Geological Processes and Mineral Resources, China University of Geosciences","Agilent 7500a","detrital","siliciclastic","fine sandstone, clayey siltstone","78","20",,"32","0.041409","0.000444","0.280902","0.010543","0.049057","0.001862","262","3","251","8","151","78","262","3","4.198473",,,,,"LA_ICP_MS","siliciclastic","78","20","U1431D","Upper Miocene",,,,,,,,,,,,,,,,,
"Cao, L et al.","2021","Geological Society of America Bulletin","133","0","Fingerprinting sand from Asian rivers to the deep central South China Sea since the Late Miocene","10.1130/b35845.1","JT5","China","Eastern Asia","Asia","South China Sea",,,"18.4798","116.8015","Neogene","Miocene","11.63","8.48","5.33","zircon","LA_ICP_MS","Wuhan","State Key Laboratory of Geological Processes and Mineral Resources, China University of Geosciences","Agilent 7500a","detrital","siliciclastic","fine sandstone, clayey siltstone","78","22",,"32","0.442939","0.00306","9.140467","0.180927","0.148559","0.00302","2364","14","2352","18","2329","30","2329","30","1.502791",,,,,"LA_ICP_MS","siliciclastic","78","22","U1431D","Upper Miocene",,,,,,,,,,,,,,,,,
"Cao, L et al.","2021","Geological Society of America Bulletin","133","0","Fingerprinting sand from Asian rivers to the deep central South China Sea since the Late Miocene","10.1130/b35845.1","JT5","China","Eastern Asia","Asia","South China Sea",,,"18.4798","116.8015","Neogene","Miocene","11.63","8.48","5.33","zircon","LA_ICP_MS","Wuhan","State Key Laboratory of Geological Processes and Mineral Resources, China University of Geosciences","Agilent 7500a","detrital","siliciclastic","fine sandstone, clayey siltstone","78","23",,"32","0.105622","0.000904","0.967619","0.026638","0.066074","0.002473","647","5","681","13","796","50","647","5","5.255023",,,,,"LA_ICP_MS","siliciclastic","78","23","U1431D","Upper Miocene",,,,,,,,,,,,,,,,,
"Cao, L et al.","2021","Geological Society of America Bulletin","133","0","Fingerprinting sand from Asian rivers to the deep central South China Sea since the Late Miocene","10.1130/b35845.1","JT5","China","Eastern Asia","Asia","South China Sea",,,"18.4798","116.8015","Neogene","Miocene","11.63","8.48","5.33","zircon","LA_ICP_MS","Wuhan","State Key Laboratory of Geological Processes and Mineral Resources, China University of Geosciences","Agilent 7500a","detrital","siliciclastic","fine sandstone, clayey siltstone","78","24",,"32","0.067455","0.000596","0.514097","0.014814","0.05506","0.001638","421","4","421","10","415","58","421","4","0",,,,,"LA_ICP_MS","siliciclastic","78","24","U1431D","Upper Miocene",,,,,,,,,,,,,,,,,
"Cao, L et al.","2021","Geological Society of America Bulletin","133","0","Fingerprinting sand from Asian rivers to the deep central South China Sea since the Late Miocene","10.1130/b35845.1","JT5","China","Eastern Asia","Asia","South China Sea",,,"18.4798","116.8015","Neogene","Miocene","11.63","8.48","5.33","zircon","LA_ICP_MS","Wuhan","State Key Laboratory of Geological Processes and Mineral Resources, China University of Geosciences","Agilent 7500a","detrital","siliciclastic","fine sandstone, clayey siltstone","78","25",,"32","0.113539","0.001375","1.033287","0.032482","0.065636","0.002101","693","8","721","16","795","57","693","8","4.040404",,,,,"LA_ICP_MS","siliciclastic","78","25","U1431D","Upper Miocene",,,,,,,,,,,,,,,,,
"Cao, L et al.","2021","Geological Society of America Bulletin","133","0","Fingerprinting sand from Asian rivers to the deep central South China Sea since the Late Miocene","10.1130/b35845.1","JT5","China","Eastern Asia","Asia","South China Sea",,,"18.4798","116.8015","Neogene","Miocene","11.63","8.48","5.33","zircon","LA_ICP_MS","Wuhan","State Key Laboratory of Geological Processes and Mineral Resources, China University of Geosciences","Agilent 7500a","detrital","siliciclastic","fine sandstone, clayey siltstone","78","26",,"32","0.034389","0.000325","0.254153","0.009901","0.053535","0.002197","218","2","230","8","352","81","218","2","5.504587",,,,,"LA_ICP_MS","siliciclastic","78","26","U1431D","Upper Miocene",,,,,,,,,,,,,,,,,
"Cao, L et al.","2021","Geological Society of America Bulletin","133","0","Fingerprinting sand from Asian rivers to the deep central South China Sea since the Late Miocene","10.1130/b35845.1","JT5","China","Eastern Asia","Asia","South China Sea",,,"18.4798","116.8015","Neogene","Miocene","11.63","8.48","5.33","zircon","LA_ICP_MS","Wuhan","State Key Laboratory of Geological Processes and Mineral Resources, China University of Geosciences","Agilent 7500a","detrital","siliciclastic","fine sandstone, clayey siltstone","78","28",,"32","0.025828","0.000237","0.187058","0.008389","0.052207","0.002382","164","1","174","7","294","95","164","1","6.097561",,,,,"LA_ICP_MS","siliciclastic","78","28","U1431D","Upper Miocene",,,,,,,,,,,,,,,,,
"Cao, L et al.","2021","Geological Society of America Bulletin","133","0","Fingerprinting sand from Asian rivers to the deep central South China Sea since the Late Miocene","10.1130/b35845.1","JT5","China","Eastern Asia","Asia","South China Sea",,,"18.4798","116.8015","Neogene","Miocene","11.63","8.48","5.33","zircon","LA_ICP_MS","Wuhan","State Key Laboratory of Geological Processes and Mineral Resources, China University of Geosciences","Agilent 7500a","detrital","siliciclastic","fine sandstone, clayey siltstone","78","29",,"32","0.167985","0.001578","1.947092","0.063716","0.083793","0.002894","985","9","978","29","963","81","985","9","0.71066",,,,,"LA_ICP_MS","siliciclastic","78","29","U1431D","Upper Miocene",,,,,,,,,,,,,,,,,
"Cao, L et al.","2021","Geological Society of America Bulletin","133","0","Fingerprinting sand from Asian rivers to the deep central South China Sea since the Late Miocene","10.1130/b35845.1","JT5","China","Eastern Asia","Asia","South China Sea",,,"18.4798","116.8015","Neogene","Miocene","11.63","8.48","5.33","zircon","LA_ICP_MS","Wuhan","State Key Laboratory of Geological Processes and Mineral Resources, China University of Geosciences","Agilent 7500a","detrital","siliciclastic","fine sandstone, clayey siltstone","78","30",,"32","0.071927","0.000686","0.560344","0.023917","0.056142","0.002409","448","4","452","16","458","87","448","4","0.892857",,,,,"LA_ICP_MS","siliciclastic","78","30","U1431D","Upper Miocene",,,,,,,,,,,,,,,,,
"Cao, L et al.","2021","Geological Society of America Bulletin","133","0","Fingerprinting sand from Asian rivers to the deep central South China Sea since the Late Miocene","10.1130/b35845.1","JT5","China","Eastern Asia","Asia","South China Sea",,,"18.4798","116.8015","Neogene","Miocene","11.63","8.48","5.33","zircon","LA_ICP_MS","Wuhan","State Key Laboratory of Geological Processes and Mineral Resources, China University of Geosciences","Agilent 7500a","detrital","siliciclastic","fine sandstone, clayey siltstone","78","31",,"32","0.264331","0.001629","3.273291","0.061374","0.089027","0.001703","1512","8","1475","15","1405","32","1405","32","7.615658",,,,,"LA_ICP_MS","siliciclastic","78","31","U1431D","Upper Miocene",,,,,,,,,,,,,,,,,
"Cao, L et al.","2021","Geological Society of America Bulletin","133","0","Fingerprinting sand from Asian rivers to the deep central South China Sea since the Late Miocene","10.1130/b35845.1","JT5","China","Eastern Asia","Asia","South China Sea",,,"18.4798","116.8015","Neogene","Miocene","11.63","8.48","5.33","zircon","LA_ICP_MS","Wuhan","State Key Laboratory of Geological Processes and Mineral Resources, China University of Geosciences","Agilent 7500a","detrital","siliciclastic","fine sandstone, clayey siltstone","78","32",,"32","0.152759","0.001066","1.460328","0.032945","0.068685","0.001523","916","6","914","14","889","42","916","6","0.218341",,,,,"LA_ICP_MS","siliciclastic","78","32","U1431D","Upper Miocene",,,,,,,,,,,,,,,,,
"Cao, L et al.","2021","Geological Society of America Bulletin","133","0","Fingerprinting sand from Asian rivers to the deep central South China Sea since the Late Miocene","10.1130/b35845.1","JT5","China","Eastern Asia","Asia","South China Sea",,,"18.4798","116.8015","Neogene","Miocene","11.63","8.48","5.33","zircon","LA_ICP_MS","Wuhan","State Key Laboratory of Geological Processes and Mineral Resources, China University of Geosciences","Agilent 7500a","detrital","siliciclastic","fine sandstone, clayey siltstone","78","34",,"32","0.042881","0.000666","0.288079","0.021044","0.048615","0.003598","271","4","257","17","129","149","271","4","5.166052",,,,,"LA_ICP_MS","siliciclastic","78","34","U1431D","Upper Miocene",,,,,,,,,,,,,,,,,
"Cao, L et al.","2021","Geological Society of America Bulletin","133","0","Fingerprinting sand from Asian rivers to the deep central South China Sea since the Late Miocene","10.1130/b35845.1","JT5","China","Eastern Asia","Asia","South China Sea",,,"18.4798","116.8015","Neogene","Miocene","11.63","8.48","5.33","zircon","LA_ICP_MS","Wuhan","State Key Laboratory of Geological Processes and Mineral Resources, China University of Geosciences","Agilent 7500a","detrital","siliciclastic","fine sandstone, clayey siltstone","78","35",,"32","0.179983","0.001541","1.790506","0.044376","0.071571","0.001759","1067","8","1042","16","974","45","1067","8","2.343018",,,,,"LA_ICP_MS","siliciclastic","78","35","U1431D","Upper Miocene",,,,,,,,,,,,,,,,,
"Cao, L et al.","2021","Geological Society of America Bulletin","133","0","Fingerprinting sand from Asian rivers to the deep central South China Sea since the Late Miocene","10.1130/b35845.1","JT5","China","Eastern Asia","Asia","South China Sea",,,"18.4798","116.8015","Neogene","Miocene","11.63","8.48","5.33","zircon","LA_ICP_MS","Wuhan","State Key Laboratory of Geological Processes and Mineral Resources, China University of Geosciences","Agilent 7500a","detrital","siliciclastic","fine sandstone, clayey siltstone","78","36",,"32","0.04065","0.000448","0.271039","0.011662","0.048242","0.00207","257","3","244","9","111","87","257","3","5.058366",,,,,"LA_ICP_MS","siliciclastic","78","36","U1431D","Upper Miocene",,,,,,,,,,,,,,,,,
"Cao, L et al.","2021","Geological Society of America Bulletin","133","0","Fingerprinting sand from Asian rivers to the deep central South China Sea since the Late Miocene","10.1130/b35845.1","JT5","China","Eastern Asia","Asia","South China Sea",,,"18.4798","116.8015","Neogene","Miocene","11.63","8.48","5.33","zircon","LA_ICP_MS","Wuhan","State Key Laboratory of Geological Processes and Mineral Resources, China University of Geosciences","Agilent 7500a","detrital","siliciclastic","fine sandstone, clayey siltstone","78","37",,"32","0.166533","0.001745","1.712093","0.054372","0.074616","0.002463","993","10","1013","20","1058","57","993","10","2.014099",,,,,"LA_ICP_MS","siliciclastic","78","37","U1431D","Upper Miocene",,,,,,,,,,,,,,,,,
"Cao, L et al.","2021","Geological Society of America Bulletin","133","0","Fingerprinting sand from Asian rivers to the deep central South China Sea since the Late Miocene","10.1130/b35845.1","JT5","China","Eastern Asia","Asia","South China Sea",,,"18.4798","116.8015","Neogene","Miocene","11.63","8.48","5.33","zircon","LA_ICP_MS","Wuhan","State Key Laboratory of Geological Processes and Mineral Resources, China University of Geosciences","Agilent 7500a","detrital","siliciclastic","fine sandstone, clayey siltstone","78","38",,"32","0.036207","0.000443","0.229017","0.013065","0.046554","0.002752","229","3","209","11","26","111","229","3","8.733624",,,,,"LA_ICP_MS","siliciclastic","78","38","U1431D","Upper Miocene",,,,,,,,,,,,,,,,,
"Cao, L et al.","2021","Geological Society of America Bulletin","133","0","Fingerprinting sand from Asian rivers to the deep central South China Sea since the Late Miocene","10.1130/b35845.1","JT5","China","Eastern Asia","Asia","South China Sea",,,"18.4798","116.8015","Neogene","Miocene","11.63","8.48","5.33","zircon","LA_ICP_MS","Wuhan","State Key Laboratory of Geological Processes and Mineral Resources, China University of Geosciences","Agilent 7500a","detrital","siliciclastic","fine sandstone, clayey siltstone","78","39",,"32","0.035656","0.000488","0.254121","0.015951","0.05132","0.003126","226","3","230","13","255","131","226","3","1.769912",,,,,"LA_ICP_MS","siliciclastic","78","39","U1431D","Upper Miocene",,,,,,,,,,,,,,,,,
"Cao, L et al.","2021","Geological Society of America Bulletin","133","0","Fingerprinting sand from Asian rivers to the deep central South China Sea since the Late Miocene","10.1130/b35845.1","JT5","China","Eastern Asia","Asia","South China Sea",,,"18.4798","116.8015","Neogene","Miocene","11.63","8.48","5.33","zircon","LA_ICP_MS","Wuhan","State Key Laboratory of Geological Processes and Mineral Resources, China University of Geosciences","Agilent 7500a","detrital","siliciclastic","fine sandstone, clayey siltstone","78","40",,"32","0.130851","0.00215","1.219289","0.06047","0.067728","0.003358","793","12","809","28","860","92","793","12","2.017654",,,,,"LA_ICP_MS","siliciclastic","78","40","U1431D","Upper Miocene",,,,,,,,,,,,,,,,,
"Cao, L et al.","2021","Geological Society of America Bulletin","133","0","Fingerprinting sand from Asian rivers to the deep central South China Sea since the Late Miocene","10.1130/b35845.1","JT5","China","Eastern Asia","Asia","South China Sea",,,"18.4798","116.8015","Neogene","Miocene","11.63","8.48","5.33","zircon","LA_ICP_MS","Wuhan","State Key Laboratory of Geological Processes and Mineral Resources, China University of Geosciences","Agilent 7500a","detrital","siliciclastic","fine sandstone, clayey siltstone","78","41",,"32","0.34351","0.005136","5.834857","0.176378","0.12306","0.00383","1904","25","1952","26","2001","44","2001","44","4.847576",,,,,"LA_ICP_MS","siliciclastic","78","41","U1431D","Upper Miocene",,,,,,,,,,,,,,,,,
"Cao, L et al.","2021","Geological Society of America Bulletin","133","0","Fingerprinting sand from Asian rivers to the deep central South China Sea since the Late Miocene","10.1130/b35845.1","JT5","China","Eastern Asia","Asia","South China Sea",,,"18.4798","116.8015","Neogene","Miocene","11.63","8.48","5.33","zircon","LA_ICP_MS","Wuhan","State Key Laboratory of Geological Processes and Mineral Resources, China University of Geosciences","Agilent 7500a","detrital","siliciclastic","fine sandstone, clayey siltstone","78","42",,"32","0.168843","0.001573","1.777947","0.054807","0.075933","0.002306","1006","9","1037","20","1093","55","1006","9","3.081511",,,,,"LA_ICP_MS","siliciclastic","78","42","U1431D","Upper Miocene",,,,,,,,,,,,,,,,,
"Cao, L et al.","2021","Geological Society of America Bulletin","133","0","Fingerprinting sand from Asian rivers to the deep central South China Sea since the Late Miocene","10.1130/b35845.1","JT5","China","Eastern Asia","Asia","South China Sea",,,"18.4798","116.8015","Neogene","Miocene","11.63","8.48","5.33","zircon","LA_ICP_MS","Wuhan","State Key Laboratory of Geological Processes and Mineral Resources, China University of Geosciences","Agilent 7500a","detrital","siliciclastic","fine sandstone, clayey siltstone","78","43",,"32","0.037972","0.000649","0.28823","0.01737","0.055233","0.003421","240","4","257","14","422","123","240","4","7.083333",,,,,"LA_ICP_MS","siliciclastic","78","43","U1431D","Upper Miocene",,,,,,,,,,,,,,,,,
"Cao, L et al.","2021","Geological Society of America Bulletin","133","0","Fingerprinting sand from Asian rivers to the deep central South China Sea since the Late Miocene","10.1130/b35845.1","JT5","China","Eastern Asia","Asia","South China Sea",,,"18.4798","116.8015","Neogene","Miocene","11.63","8.48","5.33","zircon","LA_ICP_MS","Wuhan","State Key Laboratory of Geological Processes and Mineral Resources, China University of Geosciences","Agilent 7500a","detrital","siliciclastic","fine sandstone, clayey siltstone","78","44",,"32","0.038607","0.000388","0.287006","0.010235","0.053956","0.001978","244","2","256","8","369","73","244","2","4.918033",,,,,"LA_ICP_MS","siliciclastic","78","44","U1431D","Upper Miocene",,,,,,,,,,,,,,,,,
"Cao, L et al.","2021","Geological Society of America Bulletin","133","0","Fingerprinting sand from Asian rivers to the deep central South China Sea since the Late Miocene","10.1130/b35845.1","JT5","China","Eastern Asia","Asia","South China Sea",,,"18.4798","116.8015","Neogene","Miocene","11.63","8.48","5.33","zircon","LA_ICP_MS","Wuhan","State Key Laboratory of Geological Processes and Mineral Resources, China University of Geosciences","Agilent 7500a","detrital","siliciclastic","fine sandstone, clayey siltstone","78","45",,"32","0.024674","0.000539","0.171292","0.017542","0.051284","0.005298","157","3","161","15","254","211","157","3","2.547771",,,,,"LA_ICP_MS","siliciclastic","78","45","U1431D","Upper Miocene",,,,,,,,,,,,,,,,,
"Cao, L et al.","2021","Geological Society of America Bulletin","133","0","Fingerprinting sand from Asian rivers to the deep central South China Sea since the Late Miocene","10.1130/b35845.1","JT5","China","Eastern Asia","Asia","South China Sea",,,"18.4798","116.8015","Neogene","Miocene","11.63","8.48","5.33","zircon","LA_ICP_MS","Wuhan","State Key Laboratory of Geological Processes and Mineral Resources, China University of Geosciences","Agilent 7500a","detrital","siliciclastic","fine sandstone, clayey siltstone","78","46",,"32","0.239791","0.002183","3.114563","0.076217","0.093833","0.002353","1386","11","1436","19","1505","40","1505","40","7.906977",,,,,"LA_ICP_MS","siliciclastic","78","46","U1431D","Upper Miocene",,,,,,,,,,,,,,,,,
"Cao, L et al.","2021","Geological Society of America Bulletin","133","0","Fingerprinting sand from Asian rivers to the deep central South China Sea since the Late Miocene","10.1130/b35845.1","JT5","China","Eastern Asia","Asia","South China Sea",,,"18.4798","116.8015","Neogene","Miocene","11.63","8.48","5.33","zircon","LA_ICP_MS","Wuhan","State Key Laboratory of Geological Processes and Mineral Resources, China University of Geosciences","Agilent 7500a","detrital","siliciclastic","fine sandstone, clayey siltstone","78","47",,"32","0.024113","0.000362","0.164024","0.011303","0.048901","0.003385","154","2","154","10","143","141","154","2","0",,,,,"LA_ICP_MS","siliciclastic","78","47","U1431D","Upper Miocene",,,,,,,,,,,,,,,,,
"Cao, L et al.","2021","Geological Society of America Bulletin","133","0","Fingerprinting sand from Asian rivers to the deep central South China Sea since the Late Miocene","10.1130/b35845.1","JT5","China","Eastern Asia","Asia","South China Sea",,,"18.4798","116.8015","Neogene","Miocene","11.63","8.48","5.33","zircon","LA_ICP_MS","Wuhan","State Key Laboratory of Geological Processes and Mineral Resources, China University of Geosciences","Agilent 7500a","detrital","siliciclastic","fine sandstone, clayey siltstone","78","48",,"32","0.026709","0.000333","0.181831","0.010904","0.048881","0.00295","170","2","170","9","142","123","170","2","0",,,,,"LA_ICP_MS","siliciclastic","78","48","U1431D","Upper Miocene",,,,,,,,,,,,,,,,,
"Cao, L et al.","2021","Geological Society of America Bulletin","133","0","Fingerprinting sand from Asian rivers to the deep central South China Sea since the Late Miocene","10.1130/b35845.1","JT5","China","Eastern Asia","Asia","South China Sea",,,"18.4798","116.8015","Neogene","Miocene","11.63","8.48","5.33","zircon","LA_ICP_MS","Wuhan","State Key Laboratory of Geological Processes and Mineral Resources, China University of Geosciences","Agilent 7500a","detrital","siliciclastic","fine sandstone, clayey siltstone","78","49",,"32","0.077452","0.000988","0.644409","0.030053","0.060108","0.002755","481","6","505","19","607","92","481","6","4.989605",,,,,"LA_ICP_MS","siliciclastic","78","49","U1431D","Upper Miocene",,,,,,,,,,,,,,,,,
"Cao, L et al.","2021","Geological Society of America Bulletin","133","0","Fingerprinting sand from Asian rivers to the deep central South China Sea since the Late Miocene","10.1130/b35845.1","JT5","China","Eastern Asia","Asia","South China Sea",,,"18.4798","116.8015","Neogene","Miocene","11.63","8.48","5.33","zircon","LA_ICP_MS","Wuhan","State Key Laboratory of Geological Processes and Mineral Resources, China University of Geosciences","Agilent 7500a","detrital","siliciclastic","fine sandstone, clayey siltstone","78","50",,"32","0.039002","0.00064","0.28652","0.020362","0.053292","0.003909","247","4","256","16","341","148","247","4","3.643725",,,,,"LA_ICP_MS","siliciclastic","78","50","U1431D","Upper Miocene",,,,,,,,,,,,,,,,,
"Cao, L et al.","2021","Geological Society of America Bulletin","133","0","Fingerprinting sand from Asian rivers to the deep central South China Sea since the Late Miocene","10.1130/b35845.1","JT5","China","Eastern Asia","Asia","South China Sea",,,"18.4798","116.8015","Neogene","Miocene","11.63","8.48","5.33","zircon","LA_ICP_MS","Wuhan","State Key Laboratory of Geological Processes and Mineral Resources, China University of Geosciences","Agilent 7500a","detrital","siliciclastic","fine sandstone, clayey siltstone","78","51",,"32","0.040527","0.0004","0.288516","0.009264","0.051314","0.001677","256","2","257","7","255","66","256","2","0.390625",,,,,"LA_ICP_MS","siliciclastic","78","51","U1431D","Upper Miocene",,,,,,,,,,,,,,,,,
"Cao, L et al.","2021","Geological Society of America Bulletin","133","0","Fingerprinting sand from Asian rivers to the deep central South China Sea since the Late Miocene","10.1130/b35845.1","JT5","China","Eastern Asia","Asia","South China Sea",,,"18.4798","116.8015","Neogene","Miocene","11.63","8.48","5.33","zircon","LA_ICP_MS","Wuhan","State Key Laboratory of Geological Processes and Mineral Resources, China University of Geosciences","Agilent 7500a","detrital","siliciclastic","fine sandstone, clayey siltstone","78","52",,"32","0.300392","0.003467","4.65718","0.138032","0.111469","0.003386","1693","17","1760","25","1824","47","1824","47","7.182018",,,,,"LA_ICP_MS","siliciclastic","78","52","U1431D","Upper Miocene",,,,,,,,,,,,,,,,,
"Cao, L et al.","2021","Geological Society of America Bulletin","133","0","Fingerprinting sand from Asian rivers to the deep central South China Sea since the Late Miocene","10.1130/b35845.1","JT5","China","Eastern Asia","Asia","South China Sea",,,"18.4798","116.8015","Neogene","Miocene","11.63","8.48","5.33","zircon","LA_ICP_MS","Wuhan","State Key Laboratory of Geological Processes and Mineral Resources, China University of Geosciences","Agilent 7500a","detrital","siliciclastic","fine sandstone, clayey siltstone","78","53",,"32","0.075092","0.000651","0.63312","0.018988","0.060672","0.001871","467","4","498","12","628","58","467","4","6.638116",,,,,"LA_ICP_MS","siliciclastic","78","53","U1431D","Upper Miocene",,,,,,,,,,,,,,,,,
"Cao, L et al.","2021","Geological Society of America Bulletin","133","0","Fingerprinting sand from Asian rivers to the deep central South China Sea since the Late Miocene","10.1130/b35845.1","JT5","China","Eastern Asia","Asia","South China Sea",,,"18.4798","116.8015","Neogene","Miocene","11.63","8.48","5.33","zircon","LA_ICP_MS","Wuhan","State Key Laboratory of Geological Processes and Mineral Resources, China University of Geosciences","Agilent 7500a","detrital","siliciclastic","fine sandstone, clayey siltstone","78","54",,"32","0.157734","0.002048","1.612206","0.05562","0.073576","0.002699","944","11","975","22","1030","61","944","11","3.283898",,,,,"LA_ICP_MS","siliciclastic","78","54","U1431D","Upper Miocene",,,,,,,,,,,,,,,,,
"Cao, L et al.","2021","Geological Society of America Bulletin","133","0","Fingerprinting sand from Asian rivers to the deep central South China Sea since the Late Miocene","10.1130/b35845.1","JT5","China","Eastern Asia","Asia","South China Sea",,,"18.4798","116.8015","Neogene","Miocene","11.63","8.48","5.33","zircon","LA_ICP_MS","Wuhan","State Key Laboratory of Geological Processes and Mineral Resources, China University of Geosciences","Agilent 7500a","detrital","siliciclastic","fine sandstone, clayey siltstone","78","55",,"32","0.141429","0.001603","1.333968","0.055841","0.068016","0.002865","853","9","861","24","869","79","853","9","0.937866",,,,,"LA_ICP_MS","siliciclastic","78","55","U1431D","Upper Miocene",,,,,,,,,,,,,,,,,
"Cao, L et al.","2021","Geological Society of America Bulletin","133","0","Fingerprinting sand from Asian rivers to the deep central South China Sea since the Late Miocene","10.1130/b35845.1","JT5","China","Eastern Asia","Asia","South China Sea",,,"18.4798","116.8015","Neogene","Miocene","11.63","8.48","5.33","zircon","LA_ICP_MS","Wuhan","State Key Laboratory of Geological Processes and Mineral Resources, China University of Geosciences","Agilent 7500a","detrital","siliciclastic","fine sandstone, clayey siltstone","78","56",,"32","0.183462","0.001452","1.875296","0.045785","0.073277","0.001825","1086","8","1072","16","1022","46","1086","8","1.289134",,,,,"LA_ICP_MS","siliciclastic","78","56","U1431D","Upper Miocene",,,,,,,,,,,,,,,,,
"Cao, L et al.","2021","Geological Society of America Bulletin","133","0","Fingerprinting sand from Asian rivers to the deep central South China Sea since the Late Miocene","10.1130/b35845.1","JT5","China","Eastern Asia","Asia","South China Sea",,,"18.4798","116.8015","Neogene","Miocene","11.63","8.48","5.33","zircon","LA_ICP_MS","Wuhan","State Key Laboratory of Geological Processes and Mineral Resources, China University of Geosciences","Agilent 7500a","detrital","siliciclastic","fine sandstone, clayey siltstone","78","57",,"32","0.072031","0.000771","0.589445","0.027932","0.058774","0.002784","448","5","471","18","559","101","448","5","5.133929",,,,,"LA_ICP_MS","siliciclastic","78","57","U1431D","Upper Miocene",,,,,,,,,,,,,,,,,
"Cao, L et al.","2021","Geological Society of America Bulletin","133","0","Fingerprinting sand from Asian rivers to the deep central South China Sea since the Late Miocene","10.1130/b35845.1","JT5","China","Eastern Asia","Asia","South China Sea",,,"18.4798","116.8015","Neogene","Miocene","11.63","8.48","5.33","zircon","LA_ICP_MS","Wuhan","State Key Laboratory of Geological Processes and Mineral Resources, China University of Geosciences","Agilent 7500a","detrital","siliciclastic","fine sandstone, clayey siltstone","78","58",,"32","0.129804","0.001517","1.118967","0.046849","0.061944","0.00264","787","9","762","22","672","86","787","9","3.17662",,,,,"LA_ICP_MS","siliciclastic","78","58","U1431D","Upper Miocene",,,,,,,,,,,,,,,,,
"Cao, L et al.","2021","Geological Society of America Bulletin","133","0","Fingerprinting sand from Asian rivers to the deep central South China Sea since the Late Miocene","10.1130/b35845.1","JT5","China","Eastern Asia","Asia","South China Sea",,,"18.4798","116.8015","Neogene","Miocene","11.63","8.48","5.33","zircon","LA_ICP_MS","Wuhan","State Key Laboratory of Geological Processes and Mineral Resources, China University of Geosciences","Agilent 7500a","detrital","siliciclastic","fine sandstone, clayey siltstone","78","59",,"32","0.412665","0.00273","9.143641","0.168506","0.15877","0.003063","2225","12","2346","17","2454","28","2454","28","9.331703",,,,,"LA_ICP_MS","siliciclastic","78","59","U1431D","Upper Miocene",,,,,,,,,,,,,,,,,
"Cao, L et al.","2021","Geological Society of America Bulletin","133","0","Fingerprinting sand from Asian rivers to the deep central South China Sea since the Late Miocene","10.1130/b35845.1","JT5","China","Eastern Asia","Asia","South China Sea",,,"18.4798","116.8015","Neogene","Miocene","11.63","8.48","5.33","zircon","LA_ICP_MS","Wuhan","State Key Laboratory of Geological Processes and Mineral Resources, China University of Geosciences","Agilent 7500a","detrital","siliciclastic","fine sandstone, clayey siltstone","78","60",,"32","0.145804","0.001634","1.368217","0.049918","0.067802","0.002513","877","9","875","21","863","72","877","9","0.22805",,,,,"LA_ICP_MS","siliciclastic","78","60","U1431D","Upper Miocene",,,,,,,,,,,,,,,,,
"Cao, L et al.","2021","Geological Society of America Bulletin","133","0","Fingerprinting sand from Asian rivers to the deep central South China Sea since the Late Miocene","10.1130/b35845.1","JT5","China","Eastern Asia","Asia","South China Sea",,,"18.4798","116.8015","Neogene","Miocene","11.63","8.48","5.33","zircon","LA_ICP_MS","Wuhan","State Key Laboratory of Geological Processes and Mineral Resources, China University of Geosciences","Agilent 7500a","detrital","siliciclastic","fine sandstone, clayey siltstone","78","61",,"32","0.015264","0.000249","0.09791","0.007946","0.047036","0.004055","98","2","95","7","51","169","98","2","3.061224",,,,,"LA_ICP_MS","siliciclastic","78","61","U1431D","Upper Miocene",,,,,,,,,,,,,,,,,
"Cao, L et al.","2021","Geological Society of America Bulletin","133","0","Fingerprinting sand from Asian rivers to the deep central South China Sea since the Late Miocene","10.1130/b35845.1","JT5","China","Eastern Asia","Asia","South China Sea",,,"18.4798","116.8015","Neogene","Miocene","11.63","8.48","5.33","zircon","LA_ICP_MS","Wuhan","State Key Laboratory of Geological Processes and Mineral Resources, China University of Geosciences","Agilent 7500a","detrital","siliciclastic","fine sandstone, clayey siltstone","78","62",,"32","0.021355","0.000251","0.149816","0.007969","0.050618","0.002748","136","2","142","7","223","117","136","2","4.411765",,,,,"LA_ICP_MS","siliciclastic","78","62","U1431D","Upper Miocene",,,,,,,,,,,,,,,,,
"Cao, L et al.","2021","Geological Society of America Bulletin","133","0","Fingerprinting sand from Asian rivers to the deep central South China Sea since the Late Miocene","10.1130/b35845.1","JT5","China","Eastern Asia","Asia","South China Sea",,,"18.4798","116.8015","Neogene","Miocene","11.63","8.48","5.33","zircon","LA_ICP_MS","Wuhan","State Key Laboratory of Geological Processes and Mineral Resources, China University of Geosciences","Agilent 7500a","detrital","siliciclastic","fine sandstone, clayey siltstone","78","63",,"32","0.201588","0.002117","2.225834","0.072126","0.079297","0.002592","1184","11","1189","23","1180","60","1184","11","0.422297",,,,,"LA_ICP_MS","siliciclastic","78","63","U1431D","Upper Miocene",,,,,,,,,,,,,,,,,
"Cao, L et al.","2021","Geological Society of America Bulletin","133","0","Fingerprinting sand from Asian rivers to the deep central South China Sea since the Late Miocene","10.1130/b35845.1","JT5","China","Eastern Asia","Asia","South China Sea",,,"18.4798","116.8015","Neogene","Miocene","11.63","8.48","5.33","zircon","LA_ICP_MS","Wuhan","State Key Laboratory of Geological Processes and Mineral Resources, China University of Geosciences","Agilent 7500a","detrital","siliciclastic","fine sandstone, clayey siltstone","78","64",,"32","0.418709","0.003237","8.994593","0.178762","0.154155","0.003152","2255","15","2337","18","2393","31","2393","31","5.76682",,,,,"LA_ICP_MS","siliciclastic","78","64","U1431D","Upper Miocene",,,,,,,,,,,,,,,,,
"Cao, L et al.","2021","Geological Society of America Bulletin","133","0","Fingerprinting sand from Asian rivers to the deep central South China Sea since the Late Miocene","10.1130/b35845.1","JT5","China","Eastern Asia","Asia","South China Sea",,,"18.4798","116.8015","Neogene","Miocene","11.63","8.48","5.33","zircon","LA_ICP_MS","Wuhan","State Key Laboratory of Geological Processes and Mineral Resources, China University of Geosciences","Agilent 7500a","detrital","siliciclastic","fine sandstone, clayey siltstone","78","65",,"32","0.040339","0.000664","0.285304","0.017046","0.051497","0.003337","255","4","255","13","263","130","255","4","0",,,,,"LA_ICP_MS","siliciclastic","78","65","U1431D","Upper Miocene",,,,,,,,,,,,,,,,,
"Cao, L et al.","2021","Geological Society of America Bulletin","133","0","Fingerprinting sand from Asian rivers to the deep central South China Sea since the Late Miocene","10.1130/b35845.1","JT5","China","Eastern Asia","Asia","South China Sea",,,"18.4798","116.8015","Neogene","Miocene","11.63","8.48","5.33","zircon","LA_ICP_MS","Wuhan","State Key Laboratory of Geological Processes and Mineral Resources, China University of Geosciences","Agilent 7500a","detrital","siliciclastic","fine sandstone, clayey siltstone","78","66",,"32","0.0732","0.001356","0.555053","0.049437","0.054683","0.00499","455","8","448","32","399","196","455","8","1.538462",,,,,"LA_ICP_MS","siliciclastic","78","66","U1431D","Upper Miocene",,,,,,,,,,,,,,,,,
"Cao, L et al.","2021","Geological Society of America Bulletin","133","0","Fingerprinting sand from Asian rivers to the deep central South China Sea since the Late Miocene","10.1130/b35845.1","JT5","China","Eastern Asia","Asia","South China Sea",,,"18.4798","116.8015","Neogene","Miocene","11.63","8.48","5.33","zircon","LA_ICP_MS","Wuhan","State Key Laboratory of Geological Processes and Mineral Resources, China University of Geosciences","Agilent 7500a","detrital","siliciclastic","fine sandstone, clayey siltstone","78","69",,"32","0.085858","0.000908","0.6673","0.028893","0.055978","0.002451","531","5","519","18","452","93","531","5","2.259887",,,,,"LA_ICP_MS","siliciclastic","78","69","U1431D","Upper Miocene",,,,,,,,,,,,,,,,,
"Cao, L et al.","2021","Geological Society of America Bulletin","133","0","Fingerprinting sand from Asian rivers to the deep central South China Sea since the Late Miocene","10.1130/b35845.1","JT5","China","Eastern Asia","Asia","South China Sea",,,"18.4798","116.8015","Neogene","Miocene","11.63","8.48","5.33","zircon","LA_ICP_MS","Wuhan","State Key Laboratory of Geological Processes and Mineral Resources, China University of Geosciences","Agilent 7500a","detrital","siliciclastic","fine sandstone, clayey siltstone","78","70",,"32","0.16263","0.001674","1.629894","0.048979","0.072146","0.002226","971","9","982","19","990","57","971","9","1.132853",,,,,"LA_ICP_MS","siliciclastic","78","70","U1431D","Upper Miocene",,,,,,,,,,,,,,,,,
"Cao, L et al.","2021","Geological Society of America Bulletin","133","0","Fingerprinting sand from Asian rivers to the deep central South China Sea since the Late Miocene","10.1130/b35845.1","JT5","China","Eastern Asia","Asia","South China Sea",,,"18.4798","116.8015","Neogene","Miocene","11.63","8.48","5.33","zircon","LA_ICP_MS","Wuhan","State Key Laboratory of Geological Processes and Mineral Resources, China University of Geosciences","Agilent 7500a","detrital","siliciclastic","fine sandstone, clayey siltstone","78","71",,"32","0.047775","0.000599","0.34848","0.016604","0.052553","0.002616","301","4","304","13","310","105","301","4","0.996678",,,,,"LA_ICP_MS","siliciclastic","78","71","U1431D","Upper Miocene",,,,,,,,,,,,,,,,,
"Cao, L et al.","2021","Geological Society of America Bulletin","133","0","Fingerprinting sand from Asian rivers to the deep central South China Sea since the Late Miocene","10.1130/b35845.1","JT5","China","Eastern Asia","Asia","South China Sea",,,"18.4798","116.8015","Neogene","Miocene","11.63","8.48","5.33","zircon","LA_ICP_MS","Wuhan","State Key Laboratory of Geological Processes and Mineral Resources, China University of Geosciences","Agilent 7500a","detrital","siliciclastic","fine sandstone, clayey siltstone","78","72",,"32","0.026477","0.000328","0.180353","0.009629","0.049436","0.002768","168","2","168","8","169","116","168","2","0",,,,,"LA_ICP_MS","siliciclastic","78","72","U1431D","Upper Miocene",,,,,,,,,,,,,,,,,
"Cao, L et al.","2021","Geological Society of America Bulletin","133","0","Fingerprinting sand from Asian rivers to the deep central South China Sea since the Late Miocene","10.1130/b35845.1","JT5","China","Eastern Asia","Asia","South China Sea",,,"18.4798","116.8015","Neogene","Miocene","11.63","8.48","5.33","zircon","LA_ICP_MS","Wuhan","State Key Laboratory of Geological Processes and Mineral Resources, China University of Geosciences","Agilent 7500a","detrital","siliciclastic","fine sandstone, clayey siltstone","78","73",,"32","0.131518","0.001208","1.145327","0.033491","0.062558","0.001792","797","7","775","16","693","59","797","7","2.760351",,,,,"LA_ICP_MS","siliciclastic","78","73","U1431D","Upper Miocene",,,,,,,,,,,,,,,,,
"Cao, L et al.","2021","Geological Society of America Bulletin","133","0","Fingerprinting sand from Asian rivers to the deep central South China Sea since the Late Miocene","10.1130/b35845.1","JT5","China","Eastern Asia","Asia","South China Sea",,,"18.4798","116.8015","Neogene","Miocene","11.63","8.48","5.33","zircon","LA_ICP_MS","Wuhan","State Key Laboratory of Geological Processes and Mineral Resources, China University of Geosciences","Agilent 7500a","detrital","siliciclastic","fine sandstone, clayey siltstone","78","75",,"32","0.01467","0.000231","0.095921","0.005461","0.047019","0.002552","94","1","93","5","50","117","94","1","1.06383",,,,,"LA_ICP_MS","siliciclastic","78","75","U1431D","Upper Miocene",,,,,,,,,,,,,,,,,
"Cao, L et al.","2021","Geological Society of America Bulletin","133","0","Fingerprinting sand from Asian rivers to the deep central South China Sea since the Late Miocene","10.1130/b35845.1","JT5","China","Eastern Asia","Asia","South China Sea",,,"18.4798","116.8015","Neogene","Miocene","11.63","8.48","5.33","zircon","LA_ICP_MS","Wuhan","State Key Laboratory of Geological Processes and Mineral Resources, China University of Geosciences","Agilent 7500a","detrital","siliciclastic","fine sandstone, clayey siltstone","78","76",,"32","0.028406","0.000474","0.183516","0.014665","0.047201","0.004009","181","3","171","13","59","167","181","3","5.524862",,,,,"LA_ICP_MS","siliciclastic","78","76","U1431D","Upper Miocene",,,,,,,,,,,,,,,,,
"Cao, L et al.","2021","Geological Society of America Bulletin","133","0","Fingerprinting sand from Asian rivers to the deep central South China Sea since the Late Miocene","10.1130/b35845.1","JT5","China","Eastern Asia","Asia","South China Sea",,,"18.4798","116.8015","Neogene","Miocene","11.63","8.48","5.33","zircon","LA_ICP_MS","Wuhan","State Key Laboratory of Geological Processes and Mineral Resources, China University of Geosciences","Agilent 7500a","detrital","siliciclastic","fine sandstone, clayey siltstone","78","77",,"32","0.140797","0.001329","1.340962","0.041155","0.068566","0.002074","849","8","864","18","886","60","849","8","1.766784",,,,,"LA_ICP_MS","siliciclastic","78","77","U1431D","Upper Miocene",,,,,,,,,,,,,,,,,
"Cao, L et al.","2021","Geological Society of America Bulletin","133","0","Fingerprinting sand from Asian rivers to the deep central South China Sea since the Late Miocene","10.1130/b35845.1","JT5","China","Eastern Asia","Asia","South China Sea",,,"18.4798","116.8015","Neogene","Miocene","11.63","8.48","5.33","zircon","LA_ICP_MS","Wuhan","State Key Laboratory of Geological Processes and Mineral Resources, China University of Geosciences","Agilent 7500a","detrital","siliciclastic","fine sandstone, clayey siltstone","78","78",,"32","0.037367","0.000447","0.260907","0.011587","0.050455","0.002293","236","3","235","9","216","97","236","3","0.423729",,,,,"LA_ICP_MS","siliciclastic","78","78","U1431D","Upper Miocene",,,,,,,,,,,,,,,,,
"Cao, L et al.","2021","Geological Society of America Bulletin","133","0","Fingerprinting sand from Asian rivers to the deep central South China Sea since the Late Miocene","10.1130/b35845.1","JT5","China","Eastern Asia","Asia","South China Sea",,,"18.4798","116.8015","Neogene","Miocene","11.63","8.48","5.33","zircon","LA_ICP_MS","Wuhan","State Key Laboratory of Geological Processes and Mineral Resources, China University of Geosciences","Agilent 7500a","detrital","siliciclastic","fine sandstone, clayey siltstone","78","79",,"32","0.070088","0.000779","0.494258","0.02133","0.051472","0.002312","437","5","408","14","262","95","437","5","6.636156",,,,,"LA_ICP_MS","siliciclastic","78","79","U1431D","Upper Miocene",,,,,,,,,,,,,,,,,
"Cao, L et al.","2021","Geological Society of America Bulletin","133","0","Fingerprinting sand from Asian rivers to the deep central South China Sea since the Late Miocene","10.1130/b35845.1","JT5","China","Eastern Asia","Asia","South China Sea",,,"18.4798","116.8015","Neogene","Miocene","11.63","8.48","5.33","zircon","LA_ICP_MS","Wuhan","State Key Laboratory of Geological Processes and Mineral Resources, China University of Geosciences","Agilent 7500a","detrital","siliciclastic","fine sandstone, clayey siltstone","78","80",,"32","0.026166","0.000386","0.196212","0.012622","0.055193","0.003573","167","2","182","11","420","141","167","2","8.982036",,,,,"LA_ICP_MS","siliciclastic","78","80","U1431D","Upper Miocene",,,,,,,,,,,,,,,,,
"Cao, L et al.","2021","Geological Society of America Bulletin","133","0","Fingerprinting sand from Asian rivers to the deep central South China Sea since the Late Miocene","10.1130/b35845.1","JT5","China","Eastern Asia","Asia","South China Sea",,,"18.4798","116.8015","Neogene","Miocene","11.63","8.48","5.33","zircon","LA_ICP_MS","Wuhan","State Key Laboratory of Geological Processes and Mineral Resources, China University of Geosciences","Agilent 7500a","detrital","siliciclastic","fine sandstone, clayey siltstone","78","81",,"32","0.038351","0.000478","0.248152","0.011084","0.046844","0.00213","243","3","225","9","41","90","243","3","7.407407",,,,,"LA_ICP_MS","siliciclastic","78","81","U1431D","Upper Miocene",,,,,,,,,,,,,,,,,
"Cao, L et al.","2021","Geological Society of America Bulletin","133","0","Fingerprinting sand from Asian rivers to the deep central South China Sea since the Late Miocene","10.1130/b35845.1","JT5","China","Eastern Asia","Asia","South China Sea",,,"18.4798","116.8015","Neogene","Miocene","11.63","8.48","5.33","zircon","LA_ICP_MS","Wuhan","State Key Laboratory of Geological Processes and Mineral Resources, China University of Geosciences","Agilent 7500a","detrital","siliciclastic","fine sandstone, clayey siltstone","78","82",,"32","0.283871","0.002263","3.939535","0.080641","0.100275","0.001976","1611","11","1622","17","1629","35","1629","35","1.104972",,,,,"LA_ICP_MS","siliciclastic","78","82","U1431D","Upper Miocene",,,,,,,,,,,,,,,,,
"Cao, L et al.","2021","Geological Society of America Bulletin","133","0","Fingerprinting sand from Asian rivers to the deep central South China Sea since the Late Miocene","10.1130/b35845.1","JT5","China","Eastern Asia","Asia","South China Sea",,,"18.4798","116.8015","Neogene","Miocene","11.63","8.48","5.33","zircon","LA_ICP_MS","Wuhan","State Key Laboratory of Geological Processes and Mineral Resources, China University of Geosciences","Agilent 7500a","detrital","siliciclastic","fine sandstone, clayey siltstone","78","83",,"32","0.04233","0.000433","0.291801","0.008871","0.050065","0.001538","267","3","260","7","198","66","267","3","2.621723",,,,,"LA_ICP_MS","siliciclastic","78","83","U1431D","Upper Miocene",,,,,,,,,,,,,,,,,
"Cao, L et al.","2021","Geological Society of America Bulletin","133","0","Fingerprinting sand from Asian rivers to the deep central South China Sea since the Late Miocene","10.1130/b35845.1","JT5","China","Eastern Asia","Asia","South China Sea",,,"18.4798","116.8015","Neogene","Miocene","11.63","8.48","5.33","zircon","LA_ICP_MS","Wuhan","State Key Laboratory of Geological Processes and Mineral Resources, China University of Geosciences","Agilent 7500a","detrital","siliciclastic","fine sandstone, clayey siltstone","78","84",,"32","0.039311","0.000379","0.278854","0.012072","0.051547","0.002247","249","2","250","10","265","96","249","2","0.401606",,,,,"LA_ICP_MS","siliciclastic","78","84","U1431D","Upper Miocene",,,,,,,,,,,,,,,,,
"Cao, L et al.","2021","Geological Society of America Bulletin","133","0","Fingerprinting sand from Asian rivers to the deep central South China Sea since the Late Miocene","10.1130/b35845.1","JT5","China","Eastern Asia","Asia","South China Sea",,,"18.4798","116.8015","Neogene","Miocene","11.63","8.48","5.33","zircon","LA_ICP_MS","Wuhan","State Key Laboratory of Geological Processes and Mineral Resources, China University of Geosciences","Agilent 7500a","detrital","siliciclastic","fine sandstone, clayey siltstone","78","85",,"32","0.060313","0.000583","0.430536","0.016093","0.051868","0.001959","378","4","364","11","280","83","378","4","3.703704",,,,,"LA_ICP_MS","siliciclastic","78","85","U1431D","Upper Miocene",,,,,,,,,,,,,,,,,
"Cao, L et al.","2021","Geological Society of America Bulletin","133","0","Fingerprinting sand from Asian rivers to the deep central South China Sea since the Late Miocene","10.1130/b35845.1","JT5","China","Eastern Asia","Asia","South China Sea",,,"18.4798","116.8015","Neogene","Miocene","11.63","8.48","5.33","zircon","LA_ICP_MS","Wuhan","State Key Laboratory of Geological Processes and Mineral Resources, China University of Geosciences","Agilent 7500a","detrital","siliciclastic","fine sandstone, clayey siltstone","78","87",,"32","0.174346","0.001402","1.779988","0.034766","0.073627","0.001376","1036","8","1038","13","1031","36","1036","8","0.19305",,,,,"LA_ICP_MS","siliciclastic","78","87","U1431D","Upper Miocene",,,,,,,,,,,,,,,,,
"Cao, L et al.","2021","Geological Society of America Bulletin","133","0","Fingerprinting sand from Asian rivers to the deep central South China Sea since the Late Miocene","10.1130/b35845.1","JT6","China","Eastern Asia","Asia","South China Sea",,,"18.4798","116.8015","Neogene","Miocene","11.63","8.48","5.33","zircon","LA_ICP_MS","Wuhan","State Key Laboratory of Geological Processes and Mineral Resources, China University of Geosciences","Agilent 7500a","detrital","siliciclastic","sandstone","61","1",,"32","0.069282","0.000601","0.511364","0.016769","0.053745","0.001795","432","4","419","11","360","71","432","4","3.009259",,,,,"LA_ICP_MS","siliciclastic","61","1","U1431D","Upper Miocene",,,,,,,,,,,,,,,,,
"Cao, L et al.","2021","Geological Society of America Bulletin","133","0","Fingerprinting sand from Asian rivers to the deep central South China Sea since the Late Miocene","10.1130/b35845.1","JT6","China","Eastern Asia","Asia","South China Sea",,,"18.4798","116.8015","Neogene","Miocene","11.63","8.48","5.33","zircon","LA_ICP_MS","Wuhan","State Key Laboratory of Geological Processes and Mineral Resources, China University of Geosciences","Agilent 7500a","detrital","siliciclastic","sandstone","61","4",,"32","0.040315","0.00059","0.368927","0.019075","0.06691","0.003515","251","4","266","18","398","157","251","4","5.976096",,,,,"LA_ICP_MS","siliciclastic","61","4","U1431D","Upper Miocene",,,,,,,,,,,,,,,,,
"Cao, L et al.","2021","Geological Society of America Bulletin","133","0","Fingerprinting sand from Asian rivers to the deep central South China Sea since the Late Miocene","10.1130/b35845.1","JT6","China","Eastern Asia","Asia","South China Sea",,,"18.4798","116.8015","Neogene","Miocene","11.63","8.48","5.33","zircon","LA_ICP_MS","Wuhan","State Key Laboratory of Geological Processes and Mineral Resources, China University of Geosciences","Agilent 7500a","detrital","siliciclastic","sandstone","61","5",,"32","0.100756","0.001495","1.075513","0.041139","0.076927","0.002964","606","9","612","25","632","106","606","9","0.990099",,,,,"LA_ICP_MS","siliciclastic","61","5","U1431D","Upper Miocene",,,,,,,,,,,,,,,,,
"Cao, L et al.","2021","Geological Society of America Bulletin","133","0","Fingerprinting sand from Asian rivers to the deep central South China Sea since the Late Miocene","10.1130/b35845.1","JT6","China","Eastern Asia","Asia","South China Sea",,,"18.4798","116.8015","Neogene","Miocene","11.63","8.48","5.33","zircon","LA_ICP_MS","Wuhan","State Key Laboratory of Geological Processes and Mineral Resources, China University of Geosciences","Agilent 7500a","detrital","siliciclastic","sandstone","61","6",,"32","0.062643","0.000706","0.4739","0.014679","0.05433","0.001675","392","4","394","10","385","65","392","4","0.510204",,,,,"LA_ICP_MS","siliciclastic","61","6","U1431D","Upper Miocene",,,,,,,,,,,,,,,,,
"Cao, L et al.","2021","Geological Society of America Bulletin","133","0","Fingerprinting sand from Asian rivers to the deep central South China Sea since the Late Miocene","10.1130/b35845.1","JT6","China","Eastern Asia","Asia","South China Sea",,,"18.4798","116.8015","Neogene","Miocene","11.63","8.48","5.33","zircon","LA_ICP_MS","Wuhan","State Key Laboratory of Geological Processes and Mineral Resources, China University of Geosciences","Agilent 7500a","detrital","siliciclastic","sandstone","61","8",,"32","0.006415","0.000079","0.082537","0.00385","0.092001","0.004108","38.8","0.5","38","3","12","162","38.8","0.5","2.061856",,,,,"LA_ICP_MS","siliciclastic","61","8","U1431D","Upper Miocene",,,,,,,,,,,,,,,,,
"Cao, L et al.","2021","Geological Society of America Bulletin","133","0","Fingerprinting sand from Asian rivers to the deep central South China Sea since the Late Miocene","10.1130/b35845.1","JT6","China","Eastern Asia","Asia","South China Sea",,,"18.4798","116.8015","Neogene","Miocene","11.63","8.48","5.33","zircon","LA_ICP_MS","Wuhan","State Key Laboratory of Geological Processes and Mineral Resources, China University of Geosciences","Agilent 7500a","detrital","siliciclastic","sandstone","61","9",,"32","0.275681","0.002249","3.601434","0.086684","0.093993","0.002224","1570","11","1550","19","1508","43","1508","43","4.111406",,,,,"LA_ICP_MS","siliciclastic","61","9","U1431D","Upper Miocene",,,,,,,,,,,,,,,,,
"Cao, L et al.","2021","Geological Society of America Bulletin","133","0","Fingerprinting sand from Asian rivers to the deep central South China Sea since the Late Miocene","10.1130/b35845.1","JT6","China","Eastern Asia","Asia","South China Sea",,,"18.4798","116.8015","Neogene","Miocene","11.63","8.48","5.33","zircon","LA_ICP_MS","Wuhan","State Key Laboratory of Geological Processes and Mineral Resources, China University of Geosciences","Agilent 7500a","detrital","siliciclastic","sandstone","61","11",,"32","0.156214","0.001558","1.404239","0.046026","0.064809","0.002084","936","9","891","19","768","66","936","9","4.807692",,,,,"LA_ICP_MS","siliciclastic","61","11","U1431D","Upper Miocene",,,,,,,,,,,,,,,,,
"Cao, L et al.","2021","Geological Society of America Bulletin","133","0","Fingerprinting sand from Asian rivers to the deep central South China Sea since the Late Miocene","10.1130/b35845.1","JT6","China","Eastern Asia","Asia","South China Sea",,,"18.4798","116.8015","Neogene","Miocene","11.63","8.48","5.33","zircon","LA_ICP_MS","Wuhan","State Key Laboratory of Geological Processes and Mineral Resources, China University of Geosciences","Agilent 7500a","detrital","siliciclastic","sandstone","61","14",,"32","0.155956","0.001575","1.559402","0.038131","0.072281","0.00175","934","9","954","15","994","45","934","9","2.141328",,,,,"LA_ICP_MS","siliciclastic","61","14","U1431D","Upper Miocene",,,,,,,,,,,,,,,,,
"Cao, L et al.","2021","Geological Society of America Bulletin","133","0","Fingerprinting sand from Asian rivers to the deep central South China Sea since the Late Miocene","10.1130/b35845.1","JT6","China","Eastern Asia","Asia","South China Sea",,,"18.4798","116.8015","Neogene","Miocene","11.63","8.48","5.33","zircon","LA_ICP_MS","Wuhan","State Key Laboratory of Geological Processes and Mineral Resources, China University of Geosciences","Agilent 7500a","detrital","siliciclastic","sandstone","61","15",,"32","0.119476","0.001658","1.039914","0.035641","0.0628","0.00211","728","10","724","18","701","66","728","10","0.549451",,,,,"LA_ICP_MS","siliciclastic","61","15","U1431D","Upper Miocene",,,,,,,,,,,,,,,,,
"Cao, L et al.","2021","Geological Society of America Bulletin","133","0","Fingerprinting sand from Asian rivers to the deep central South China Sea since the Late Miocene","10.1130/b35845.1","JT6","China","Eastern Asia","Asia","South China Sea",,,"18.4798","116.8015","Neogene","Miocene","11.63","8.48","5.33","zircon","LA_ICP_MS","Wuhan","State Key Laboratory of Geological Processes and Mineral Resources, China University of Geosciences","Agilent 7500a","detrital","siliciclastic","sandstone","61","16",,"32","0.066907","0.00081","0.525297","0.018105","0.056841","0.001963","417","5","429","12","485","71","417","5","2.877698",,,,,"LA_ICP_MS","siliciclastic","61","16","U1431D","Upper Miocene",,,,,,,,,,,,,,,,,
"Cao, L et al.","2021","Geological Society of America Bulletin","133","0","Fingerprinting sand from Asian rivers to the deep central South China Sea since the Late Miocene","10.1130/b35845.1","JT6","China","Eastern Asia","Asia","South China Sea",,,"18.4798","116.8015","Neogene","Miocene","11.63","8.48","5.33","zircon","LA_ICP_MS","Wuhan","State Key Laboratory of Geological Processes and Mineral Resources, China University of Geosciences","Agilent 7500a","detrital","siliciclastic","sandstone","61","17",,"32","0.126767","0.001461","1.343848","0.049258","0.076423","0.002777","765","9","825","26","992","86","765","9","7.843137",,,,,"LA_ICP_MS","siliciclastic","61","17","U1431D","Upper Miocene",,,,,,,,,,,,,,,,,
"Cao, L et al.","2021","Geological Society of America Bulletin","133","0","Fingerprinting sand from Asian rivers to the deep central South China Sea since the Late Miocene","10.1130/b35845.1","JT6","China","Eastern Asia","Asia","South China Sea",,,"18.4798","116.8015","Neogene","Miocene","11.63","8.48","5.33","zircon","LA_ICP_MS","Wuhan","State Key Laboratory of Geological Processes and Mineral Resources, China University of Geosciences","Agilent 7500a","detrital","siliciclastic","sandstone","61","18",,"32","0.076641","0.001106","0.668909","0.025001","0.062977","0.002275","476","7","520","15","707","75","476","7","9.243697",,,,,"LA_ICP_MS","siliciclastic","61","18","U1431D","Upper Miocene",,,,,,,,,,,,,,,,,
"Cao, L et al.","2021","Geological Society of America Bulletin","133","0","Fingerprinting sand from Asian rivers to the deep central South China Sea since the Late Miocene","10.1130/b35845.1","JT6","China","Eastern Asia","Asia","South China Sea",,,"18.4798","116.8015","Neogene","Miocene","11.63","8.48","5.33","zircon","LA_ICP_MS","Wuhan","State Key Laboratory of Geological Processes and Mineral Resources, China University of Geosciences","Agilent 7500a","detrital","siliciclastic","sandstone","61","19",,"32","0.041809","0.000405","0.308518","0.010939","0.053257","0.001939","264","3","273","8","340","78","264","3","3.409091",,,,,"LA_ICP_MS","siliciclastic","61","19","U1431D","Upper Miocene",,,,,,,,,,,,,,,,,
"Cao, L et al.","2021","Geological Society of America Bulletin","133","0","Fingerprinting sand from Asian rivers to the deep central South China Sea since the Late Miocene","10.1130/b35845.1","JT6","China","Eastern Asia","Asia","South China Sea",,,"18.4798","116.8015","Neogene","Miocene","11.63","8.48","5.33","zircon","LA_ICP_MS","Wuhan","State Key Laboratory of Geological Processes and Mineral Resources, China University of Geosciences","Agilent 7500a","detrital","siliciclastic","sandstone","61","20",,"32","0.026774","0.000374","0.190881","0.01042","0.052189","0.00293","170","2","177","9","294","123","170","2","4.117647",,,,,"LA_ICP_MS","siliciclastic","61","20","U1431D","Upper Miocene",,,,,,,,,,,,,,,,,
"Cao, L et al.","2021","Geological Society of America Bulletin","133","0","Fingerprinting sand from Asian rivers to the deep central South China Sea since the Late Miocene","10.1130/b35845.1","JT6","China","Eastern Asia","Asia","South China Sea",,,"18.4798","116.8015","Neogene","Miocene","11.63","8.48","5.33","zircon","LA_ICP_MS","Wuhan","State Key Laboratory of Geological Processes and Mineral Resources, China University of Geosciences","Agilent 7500a","detrital","siliciclastic","sandstone","61","21",,"32","0.071719","0.000797","0.565994","0.022031","0.05706","0.002226","447","5","455","14","494","84","447","5","1.789709",,,,,"LA_ICP_MS","siliciclastic","61","21","U1431D","Upper Miocene",,,,,,,,,,,,,,,,,
"Cao, L et al.","2021","Geological Society of America Bulletin","133","0","Fingerprinting sand from Asian rivers to the deep central South China Sea since the Late Miocene","10.1130/b35845.1","JT6","China","Eastern Asia","Asia","South China Sea",,,"18.4798","116.8015","Neogene","Miocene","11.63","8.48","5.33","zircon","LA_ICP_MS","Wuhan","State Key Laboratory of Geological Processes and Mineral Resources, China University of Geosciences","Agilent 7500a","detrital","siliciclastic","sandstone","61","22",,"32","0.161972","0.002275","1.813797","0.087644","0.081237","0.003798","968","13","1050","32","1227","93","968","13","8.471074",,,,,"LA_ICP_MS","siliciclastic","61","22","U1431D","Upper Miocene",,,,,,,,,,,,,,,,,
"Cao, L et al.","2021","Geological Society of America Bulletin","133","0","Fingerprinting sand from Asian rivers to the deep central South China Sea since the Late Miocene","10.1130/b35845.1","JT6","China","Eastern Asia","Asia","South China Sea",,,"18.4798","116.8015","Neogene","Miocene","11.63","8.48","5.33","zircon","LA_ICP_MS","Wuhan","State Key Laboratory of Geological Processes and Mineral Resources, China University of Geosciences","Agilent 7500a","detrital","siliciclastic","sandstone","61","23",,"32","0.191465","0.001431","2.051706","0.040071","0.077091","0.001554","1129","8","1133","13","1124","36","1129","8","0.354296",,,,,"LA_ICP_MS","siliciclastic","61","23","U1431D","Upper Miocene",,,,,,,,,,,,,,,,,
"Cao, L et al.","2021","Geological Society of America Bulletin","133","0","Fingerprinting sand from Asian rivers to the deep central South China Sea since the Late Miocene","10.1130/b35845.1","JT6","China","Eastern Asia","Asia","South China Sea",,,"18.4798","116.8015","Neogene","Miocene","11.63","8.48","5.33","zircon","LA_ICP_MS","Wuhan","State Key Laboratory of Geological Processes and Mineral Resources, China University of Geosciences","Agilent 7500a","detrital","siliciclastic","sandstone","61","24",,"32","0.042859","0.000728","0.307107","0.020699","0.051363","0.003505","271","4","272","16","257","148","271","4","0.369004",,,,,"LA_ICP_MS","siliciclastic","61","24","U1431D","Upper Miocene",,,,,,,,,,,,,,,,,
"Cao, L et al.","2021","Geological Society of America Bulletin","133","0","Fingerprinting sand from Asian rivers to the deep central South China Sea since the Late Miocene","10.1130/b35845.1","JT6","China","Eastern Asia","Asia","South China Sea",,,"18.4798","116.8015","Neogene","Miocene","11.63","8.48","5.33","zircon","LA_ICP_MS","Wuhan","State Key Laboratory of Geological Processes and Mineral Resources, China University of Geosciences","Agilent 7500a","detrital","siliciclastic","sandstone","61","26",,"32","0.138153","0.001484","1.281178","0.041882","0.066587","0.002162","834","8","837","19","825","65","834","8","0.359712",,,,,"LA_ICP_MS","siliciclastic","61","26","U1431D","Upper Miocene",,,,,,,,,,,,,,,,,
"Cao, L et al.","2021","Geological Society of America Bulletin","133","0","Fingerprinting sand from Asian rivers to the deep central South China Sea since the Late Miocene","10.1130/b35845.1","JT6","China","Eastern Asia","Asia","South China Sea",,,"18.4798","116.8015","Neogene","Miocene","11.63","8.48","5.33","zircon","LA_ICP_MS","Wuhan","State Key Laboratory of Geological Processes and Mineral Resources, China University of Geosciences","Agilent 7500a","detrital","siliciclastic","sandstone","61","27",,"32","0.139474","0.00121","1.398402","0.032047","0.071911","0.00171","842","7","888","14","983","44","842","7","5.463183",,,,,"LA_ICP_MS","siliciclastic","61","27","U1431D","Upper Miocene",,,,,,,,,,,,,,,,,
"Cao, L et al.","2021","Geological Society of America Bulletin","133","0","Fingerprinting sand from Asian rivers to the deep central South China Sea since the Late Miocene","10.1130/b35845.1","JT6","China","Eastern Asia","Asia","South China Sea",,,"18.4798","116.8015","Neogene","Miocene","11.63","8.48","5.33","zircon","LA_ICP_MS","Wuhan","State Key Laboratory of Geological Processes and Mineral Resources, China University of Geosciences","Agilent 7500a","detrital","siliciclastic","sandstone","61","29",,"32","0.094107","0.000788","0.818394","0.017592","0.062549","0.001428","580","5","607","10","693","43","580","5","4.655172",,,,,"LA_ICP_MS","siliciclastic","61","29","U1431D","Upper Miocene",,,,,,,,,,,,,,,,,
"Cao, L et al.","2021","Geological Society of America Bulletin","133","0","Fingerprinting sand from Asian rivers to the deep central South China Sea since the Late Miocene","10.1130/b35845.1","JT6","China","Eastern Asia","Asia","South China Sea",,,"18.4798","116.8015","Neogene","Miocene","11.63","8.48","5.33","zircon","LA_ICP_MS","Wuhan","State Key Laboratory of Geological Processes and Mineral Resources, China University of Geosciences","Agilent 7500a","detrital","siliciclastic","sandstone","61","30",,"32","0.119263","0.001103","1.052322","0.028081","0.063592","0.001788","726","6","730","14","728","54","726","6","0.550964",,,,,"LA_ICP_MS","siliciclastic","61","30","U1431D","Upper Miocene",,,,,,,,,,,,,,,,,
"Cao, L et al.","2021","Geological Society of America Bulletin","133","0","Fingerprinting sand from Asian rivers to the deep central South China Sea since the Late Miocene","10.1130/b35845.1","JT6","China","Eastern Asia","Asia","South China Sea",,,"18.4798","116.8015","Neogene","Miocene","11.63","8.48","5.33","zircon","LA_ICP_MS","Wuhan","State Key Laboratory of Geological Processes and Mineral Resources, China University of Geosciences","Agilent 7500a","detrital","siliciclastic","sandstone","61","31",,"32","0.506169","0.004213","14.404517","0.295872","0.20412","0.004519","2640","18","2777","20","2859","31","2859","31","7.660021",,,,,"LA_ICP_MS","siliciclastic","61","31","U1431D","Upper Miocene",,,,,,,,,,,,,,,,,
"Cao, L et al.","2021","Geological Society of America Bulletin","133","0","Fingerprinting sand from Asian rivers to the deep central South China Sea since the Late Miocene","10.1130/b35845.1","JT6","China","Eastern Asia","Asia","South China Sea",,,"18.4798","116.8015","Neogene","Miocene","11.63","8.48","5.33","zircon","LA_ICP_MS","Wuhan","State Key Laboratory of Geological Processes and Mineral Resources, China University of Geosciences","Agilent 7500a","detrital","siliciclastic","sandstone","61","32",,"32","0.124343","0.001361","1.107267","0.042445","0.06383","0.002466","756","8","757","20","736","79","756","8","0.132275",,,,,"LA_ICP_MS","siliciclastic","61","32","U1431D","Upper Miocene",,,,,,,,,,,,,,,,,
"Cao, L et al.","2021","Geological Society of America Bulletin","133","0","Fingerprinting sand from Asian rivers to the deep central South China Sea since the Late Miocene","10.1130/b35845.1","JT6","China","Eastern Asia","Asia","South China Sea",,,"18.4798","116.8015","Neogene","Miocene","11.63","8.48","5.33","zircon","LA_ICP_MS","Wuhan","State Key Laboratory of Geological Processes and Mineral Resources, China University of Geosciences","Agilent 7500a","detrital","siliciclastic","sandstone","61","33",,"32","0.076994","0.000688","0.624332","0.018148","0.057986","0.001704","478","4","493","11","529","62","478","4","3.138075",,,,,"LA_ICP_MS","siliciclastic","61","33","U1431D","Upper Miocene",,,,,,,,,,,,,,,,,
"Cao, L et al.","2021","Geological Society of America Bulletin","133","0","Fingerprinting sand from Asian rivers to the deep central South China Sea since the Late Miocene","10.1130/b35845.1","JT6","China","Eastern Asia","Asia","South China Sea",,,"18.4798","116.8015","Neogene","Miocene","11.63","8.48","5.33","zircon","LA_ICP_MS","Wuhan","State Key Laboratory of Geological Processes and Mineral Resources, China University of Geosciences","Agilent 7500a","detrital","siliciclastic","sandstone","61","34",,"32","0.279536","0.002744","4.042833","0.097285","0.103399","0.002366","1589","14","1643","20","1686","41","1686","41","5.753262",,,,,"LA_ICP_MS","siliciclastic","61","34","U1431D","Upper Miocene",,,,,,,,,,,,,,,,,
"Cao, L et al.","2021","Geological Society of America Bulletin","133","0","Fingerprinting sand from Asian rivers to the deep central South China Sea since the Late Miocene","10.1130/b35845.1","JT6","China","Eastern Asia","Asia","South China Sea",,,"18.4798","116.8015","Neogene","Miocene","11.63","8.48","5.33","zircon","LA_ICP_MS","Wuhan","State Key Laboratory of Geological Processes and Mineral Resources, China University of Geosciences","Agilent 7500a","detrital","siliciclastic","sandstone","61","35",,"32","0.149488","0.001537","1.364015","0.044858","0.065562","0.002266","898","9","874","19","792","67","898","9","2.672606",,,,,"LA_ICP_MS","siliciclastic","61","35","U1431D","Upper Miocene",,,,,,,,,,,,,,,,,
"Cao, L et al.","2021","Geological Society of America Bulletin","133","0","Fingerprinting sand from Asian rivers to the deep central South China Sea since the Late Miocene","10.1130/b35845.1","JT6","China","Eastern Asia","Asia","South China Sea",,,"18.4798","116.8015","Neogene","Miocene","11.63","8.48","5.33","zircon","LA_ICP_MS","Wuhan","State Key Laboratory of Geological Processes and Mineral Resources, China University of Geosciences","Agilent 7500a","detrital","siliciclastic","sandstone","61","36",,"32","0.039183","0.000411","0.287796","0.011915","0.052871","0.002183","248","3","257","9","323","93","248","3","3.629032",,,,,"LA_ICP_MS","siliciclastic","61","36","U1431D","Upper Miocene",,,,,,,,,,,,,,,,,
"Cao, L et al.","2021","Geological Society of America Bulletin","133","0","Fingerprinting sand from Asian rivers to the deep central South China Sea since the Late Miocene","10.1130/b35845.1","JT6","China","Eastern Asia","Asia","South China Sea",,,"18.4798","116.8015","Neogene","Miocene","11.63","8.48","5.33","zircon","LA_ICP_MS","Wuhan","State Key Laboratory of Geological Processes and Mineral Resources, China University of Geosciences","Agilent 7500a","detrital","siliciclastic","sandstone","61","38",,"32","0.301756","0.002641","4.763639","0.100544","0.113109","0.002269","1700","13","1779","18","1850","35","1850","35","8.108108",,,,,"LA_ICP_MS","siliciclastic","61","38","U1431D","Upper Miocene",,,,,,,,,,,,,,,,,
"Cao, L et al.","2021","Geological Society of America Bulletin","133","0","Fingerprinting sand from Asian rivers to the deep central South China Sea since the Late Miocene","10.1130/b35845.1","JT6","China","Eastern Asia","Asia","South China Sea",,,"18.4798","116.8015","Neogene","Miocene","11.63","8.48","5.33","zircon","LA_ICP_MS","Wuhan","State Key Laboratory of Geological Processes and Mineral Resources, China University of Geosciences","Agilent 7500a","detrital","siliciclastic","sandstone","61","39",,"32","0.326751","0.002536","5.196598","0.10986","0.114169","0.002531","1823","12","1852","18","1867","36","1867","36","2.356722",,,,,"LA_ICP_MS","siliciclastic","61","39","U1431D","Upper Miocene",,,,,,,,,,,,,,,,,
"Cao, L et al.","2021","Geological Society of America Bulletin","133","0","Fingerprinting sand from Asian rivers to the deep central South China Sea since the Late Miocene","10.1130/b35845.1","JT6","China","Eastern Asia","Asia","South China Sea",,,"18.4798","116.8015","Neogene","Miocene","11.63","8.48","5.33","zircon","LA_ICP_MS","Wuhan","State Key Laboratory of Geological Processes and Mineral Resources, China University of Geosciences","Agilent 7500a","detrital","siliciclastic","sandstone","61","40",,"32","0.087972","0.001511","0.722128","0.04906","0.060295","0.004396","544","9","552","29","614","146","544","9","1.470588",,,,,"LA_ICP_MS","siliciclastic","61","40","U1431D","Upper Miocene",,,,,,,,,,,,,,,,,
"Cao, L et al.","2021","Geological Society of America Bulletin","133","0","Fingerprinting sand from Asian rivers to the deep central South China Sea since the Late Miocene","10.1130/b35845.1","JT6","China","Eastern Asia","Asia","South China Sea",,,"18.4798","116.8015","Neogene","Miocene","11.63","8.48","5.33","zircon","LA_ICP_MS","Wuhan","State Key Laboratory of Geological Processes and Mineral Resources, China University of Geosciences","Agilent 7500a","detrital","siliciclastic","sandstone","61","41",,"32","0.329478","0.002493","5.259935","0.096273","0.114859","0.002073","1836","12","1862","16","1878","30","1878","30","2.236422",,,,,"LA_ICP_MS","siliciclastic","61","41","U1431D","Upper Miocene",,,,,,,,,,,,,,,,,
"Cao, L et al.","2021","Geological Society of America Bulletin","133","0","Fingerprinting sand from Asian rivers to the deep central South China Sea since the Late Miocene","10.1130/b35845.1","JT6","China","Eastern Asia","Asia","South China Sea",,,"18.4798","116.8015","Neogene","Miocene","11.63","8.48","5.33","zircon","LA_ICP_MS","Wuhan","State Key Laboratory of Geological Processes and Mineral Resources, China University of Geosciences","Agilent 7500a","detrital","siliciclastic","sandstone","61","42",,"32","0.04669","0.000635","0.353693","0.018162","0.054784","0.002935","294","4","307","14","403","113","294","4","4.421769",,,,,"LA_ICP_MS","siliciclastic","61","42","U1431D","Upper Miocene",,,,,,,,,,,,,,,,,
"Cao, L et al.","2021","Geological Society of America Bulletin","133","0","Fingerprinting sand from Asian rivers to the deep central South China Sea since the Late Miocene","10.1130/b35845.1","JT6","China","Eastern Asia","Asia","South China Sea",,,"18.4798","116.8015","Neogene","Miocene","11.63","8.48","5.33","zircon","LA_ICP_MS","Wuhan","State Key Laboratory of Geological Processes and Mineral Resources, China University of Geosciences","Agilent 7500a","detrital","siliciclastic","sandstone","61","43",,"32","0.206013","0.001561","2.440792","0.048951","0.085214","0.001738","1208","8","1255","14","1320","36","1320","36","8.484848",,,,,"LA_ICP_MS","siliciclastic","61","43","U1431D","Upper Miocene",,,,,,,,,,,,,,,,,
"Cao, L et al.","2021","Geological Society of America Bulletin","133","0","Fingerprinting sand from Asian rivers to the deep central South China Sea since the Late Miocene","10.1130/b35845.1","JT6","China","Eastern Asia","Asia","South China Sea",,,"18.4798","116.8015","Neogene","Miocene","11.63","8.48","5.33","zircon","LA_ICP_MS","Wuhan","State Key Laboratory of Geological Processes and Mineral Resources, China University of Geosciences","Agilent 7500a","detrital","siliciclastic","sandstone","61","44",,"32","0.060159","0.000506","0.649664","0.016843","0.077795","0.002154","368","4","400","19","589","115","368","4","8.695652",,,,,"LA_ICP_MS","siliciclastic","61","44","U1431D","Upper Miocene",,,,,,,,,,,,,,,,,
"Cao, L et al.","2021","Geological Society of America Bulletin","133","0","Fingerprinting sand from Asian rivers to the deep central South China Sea since the Late Miocene","10.1130/b35845.1","JT6","China","Eastern Asia","Asia","South China Sea",,,"18.4798","116.8015","Neogene","Miocene","11.63","8.48","5.33","zircon","LA_ICP_MS","Wuhan","State Key Laboratory of Geological Processes and Mineral Resources, China University of Geosciences","Agilent 7500a","detrital","siliciclastic","sandstone","61","45",,"32","0.028905","0.000383","0.209266","0.01049","0.052265","0.002687","184","2","193","9","297","112","184","2","4.891304",,,,,"LA_ICP_MS","siliciclastic","61","45","U1431D","Upper Miocene",,,,,,,,,,,,,,,,,
"Cao, L et al.","2021","Geological Society of America Bulletin","133","0","Fingerprinting sand from Asian rivers to the deep central South China Sea since the Late Miocene","10.1130/b35845.1","JT6","China","Eastern Asia","Asia","South China Sea",,,"18.4798","116.8015","Neogene","Miocene","11.63","8.48","5.33","zircon","LA_ICP_MS","Wuhan","State Key Laboratory of Geological Processes and Mineral Resources, China University of Geosciences","Agilent 7500a","detrital","siliciclastic","sandstone","61","46",,"32","0.065732","0.000888","0.457399","0.020066","0.049957","0.002077","410","5","382","14","193","98","410","5","6.829268",,,,,"LA_ICP_MS","siliciclastic","61","46","U1431D","Upper Miocene",,,,,,,,,,,,,,,,,
"Cao, L et al.","2021","Geological Society of America Bulletin","133","0","Fingerprinting sand from Asian rivers to the deep central South China Sea since the Late Miocene","10.1130/b35845.1","JT6","China","Eastern Asia","Asia","South China Sea",,,"18.4798","116.8015","Neogene","Miocene","11.63","8.48","5.33","zircon","LA_ICP_MS","Wuhan","State Key Laboratory of Geological Processes and Mineral Resources, China University of Geosciences","Agilent 7500a","detrital","siliciclastic","sandstone","61","47",,"32","0.027655","0.000538","0.197341","0.014796","0.052641","0.004381","176","3","183","13","313","165","176","3","3.977273",,,,,"LA_ICP_MS","siliciclastic","61","47","U1431D","Upper Miocene",,,,,,,,,,,,,,,,,
"Cao, L et al.","2021","Geological Society of America Bulletin","133","0","Fingerprinting sand from Asian rivers to the deep central South China Sea since the Late Miocene","10.1130/b35845.1","JT6","China","Eastern Asia","Asia","South China Sea",,,"18.4798","116.8015","Neogene","Miocene","11.63","8.48","5.33","zircon","LA_ICP_MS","Wuhan","State Key Laboratory of Geological Processes and Mineral Resources, China University of Geosciences","Agilent 7500a","detrital","siliciclastic","sandstone","61","48",,"32","0.166257","0.002211","1.758875","0.062809","0.076049","0.002728","991","12","1030","23","1096","67","991","12","3.935419",,,,,"LA_ICP_MS","siliciclastic","61","48","U1431D","Upper Miocene",,,,,,,,,,,,,,,,,
"Cao, L et al.","2021","Geological Society of America Bulletin","133","0","Fingerprinting sand from Asian rivers to the deep central South China Sea since the Late Miocene","10.1130/b35845.1","JT6","China","Eastern Asia","Asia","South China Sea",,,"18.4798","116.8015","Neogene","Miocene","11.63","8.48","5.33","zircon","LA_ICP_MS","Wuhan","State Key Laboratory of Geological Processes and Mineral Resources, China University of Geosciences","Agilent 7500a","detrital","siliciclastic","sandstone","61","50",,"32","0.07022","0.000831","0.536694","0.023927","0.055315","0.002517","437","5","436","16","425","98","437","5","0.228833",,,,,"LA_ICP_MS","siliciclastic","61","50","U1431D","Upper Miocene",,,,,,,,,,,,,,,,,
"Cao, L et al.","2021","Geological Society of America Bulletin","133","0","Fingerprinting sand from Asian rivers to the deep central South China Sea since the Late Miocene","10.1130/b35845.1","JT6","China","Eastern Asia","Asia","South China Sea",,,"18.4798","116.8015","Neogene","Miocene","11.63","8.48","5.33","zircon","LA_ICP_MS","Wuhan","State Key Laboratory of Geological Processes and Mineral Resources, China University of Geosciences","Agilent 7500a","detrital","siliciclastic","sandstone","61","51",,"32","0.183179","0.001649","1.965743","0.047576","0.077193","0.001821","1084","9","1104","16","1126","45","1084","9","1.845018",,,,,"LA_ICP_MS","siliciclastic","61","51","U1431D","Upper Miocene",,,,,,,,,,,,,,,,,
"Cao, L et al.","2021","Geological Society of America Bulletin","133","0","Fingerprinting sand from Asian rivers to the deep central South China Sea since the Late Miocene","10.1130/b35845.1","JT6","China","Eastern Asia","Asia","South China Sea",,,"18.4798","116.8015","Neogene","Miocene","11.63","8.48","5.33","zircon","LA_ICP_MS","Wuhan","State Key Laboratory of Geological Processes and Mineral Resources, China University of Geosciences","Agilent 7500a","detrital","siliciclastic","sandstone","61","52",,"32","0.361975","0.003057","5.741444","0.140488","0.114367","0.002834","1992","14","1938","21","1870","42","1870","42","6.524064",,,,,"LA_ICP_MS","siliciclastic","61","52","U1431D","Upper Miocene",,,,,,,,,,,,,,,,,
"Cao, L et al.","2021","Geological Society of America Bulletin","133","0","Fingerprinting sand from Asian rivers to the deep central South China Sea since the Late Miocene","10.1130/b35845.1","JT6","China","Eastern Asia","Asia","South China Sea",,,"18.4798","116.8015","Neogene","Miocene","11.63","8.48","5.33","zircon","LA_ICP_MS","Wuhan","State Key Laboratory of Geological Processes and Mineral Resources, China University of Geosciences","Agilent 7500a","detrital","siliciclastic","sandstone","61","53",,"32","0.055792","0.001075","0.444846","0.029491","0.057918","0.003788","350","7","374","21","527","143","350","7","6.857143",,,,,"LA_ICP_MS","siliciclastic","61","53","U1431D","Upper Miocene",,,,,,,,,,,,,,,,,
"Cao, L et al.","2021","Geological Society of America Bulletin","133","0","Fingerprinting sand from Asian rivers to the deep central South China Sea since the Late Miocene","10.1130/b35845.1","JT6","China","Eastern Asia","Asia","South China Sea",,,"18.4798","116.8015","Neogene","Miocene","11.63","8.48","5.33","zircon","LA_ICP_MS","Wuhan","State Key Laboratory of Geological Processes and Mineral Resources, China University of Geosciences","Agilent 7500a","detrital","siliciclastic","sandstone","61","54",,"32","0.230936","0.002471","2.698265","0.083887","0.084236","0.002586","1339","13","1328","23","1298","58","1298","58","3.158706",,,,,"LA_ICP_MS","siliciclastic","61","54","U1431D","Upper Miocene",,,,,,,,,,,,,,,,,
"Cao, L et al.","2021","Geological Society of America Bulletin","133","0","Fingerprinting sand from Asian rivers to the deep central South China Sea since the Late Miocene","10.1130/b35845.1","JT6","China","Eastern Asia","Asia","South China Sea",,,"18.4798","116.8015","Neogene","Miocene","11.63","8.48","5.33","zircon","LA_ICP_MS","Wuhan","State Key Laboratory of Geological Processes and Mineral Resources, China University of Geosciences","Agilent 7500a","detrital","siliciclastic","sandstone","61","56",,"32","0.249451","0.002744","3.142551","0.106261","0.090984","0.00322","1436","14","1443","26","1446","62","1446","62","0.691563",,,,,"LA_ICP_MS","siliciclastic","61","56","U1431D","Upper Miocene",,,,,,,,,,,,,,,,,
"Cao, L et al.","2021","Geological Society of America Bulletin","133","0","Fingerprinting sand from Asian rivers to the deep central South China Sea since the Late Miocene","10.1130/b35845.1","JT6","China","Eastern Asia","Asia","South China Sea",,,"18.4798","116.8015","Neogene","Miocene","11.63","8.48","5.33","zircon","LA_ICP_MS","Wuhan","State Key Laboratory of Geological Processes and Mineral Resources, China University of Geosciences","Agilent 7500a","detrital","siliciclastic","sandstone","61","57",,"32","0.07101","0.000694","0.630986","0.023746","0.064242","0.00248","438","4","451","16","516","92","438","4","2.968037",,,,,"LA_ICP_MS","siliciclastic","61","57","U1431D","Upper Miocene",,,,,,,,,,,,,,,,,
"Cao, L et al.","2021","Geological Society of America Bulletin","133","0","Fingerprinting sand from Asian rivers to the deep central South China Sea since the Late Miocene","10.1130/b35845.1","JT6","China","Eastern Asia","Asia","South China Sea",,,"18.4798","116.8015","Neogene","Miocene","11.63","8.48","5.33","zircon","LA_ICP_MS","Wuhan","State Key Laboratory of Geological Processes and Mineral Resources, China University of Geosciences","Agilent 7500a","detrital","siliciclastic","sandstone","61","58",,"32","0.036844","0.000487","0.260279","0.014057","0.050921","0.002692","233","3","235","11","237","121","233","3","0.858369",,,,,"LA_ICP_MS","siliciclastic","61","58","U1431D","Upper Miocene",,,,,,,,,,,,,,,,,
"Cao, L et al.","2021","Geological Society of America Bulletin","133","0","Fingerprinting sand from Asian rivers to the deep central South China Sea since the Late Miocene","10.1130/b35845.1","JT6","China","Eastern Asia","Asia","South China Sea",,,"18.4798","116.8015","Neogene","Miocene","11.63","8.48","5.33","zircon","LA_ICP_MS","Wuhan","State Key Laboratory of Geological Processes and Mineral Resources, China University of Geosciences","Agilent 7500a","detrital","siliciclastic","sandstone","61","59",,"32","0.02201","0.000407","0.15064","0.007889","0.04726","0.003006","140","3","142","7","62","104","140","3","1.428571",,,,,"LA_ICP_MS","siliciclastic","61","59","U1431D","Upper Miocene",,,,,,,,,,,,,,,,,
"Cao, L et al.","2021","Geological Society of America Bulletin","133","0","Fingerprinting sand from Asian rivers to the deep central South China Sea since the Late Miocene","10.1130/b35845.1","JT6","China","Eastern Asia","Asia","South China Sea",,,"18.4798","116.8015","Neogene","Miocene","11.63","8.48","5.33","zircon","LA_ICP_MS","Wuhan","State Key Laboratory of Geological Processes and Mineral Resources, China University of Geosciences","Agilent 7500a","detrital","siliciclastic","sandstone","61","60",,"32","0.02147","0.000272","0.144523","0.008534","0.048865","0.003043","137","2","137","8","141","129","137","2","0",,,,,"LA_ICP_MS","siliciclastic","61","60","U1431D","Upper Miocene",,,,,,,,,,,,,,,,,
"Cao, L et al.","2021","Geological Society of America Bulletin","133","0","Fingerprinting sand from Asian rivers to the deep central South China Sea since the Late Miocene","10.1130/b35845.1","JT6","China","Eastern Asia","Asia","South China Sea",,,"18.4798","116.8015","Neogene","Miocene","11.63","8.48","5.33","zircon","LA_ICP_MS","Wuhan","State Key Laboratory of Geological Processes and Mineral Resources, China University of Geosciences","Agilent 7500a","detrital","siliciclastic","sandstone","61","61",,"32","0.154656","0.002727","1.557928","0.056561","0.072245","0.00228","927","15","954","22","993","66","927","15","2.912621",,,,,"LA_ICP_MS","siliciclastic","61","61","U1431D","Upper Miocene",,,,,,,,,,,,,,,,,
"Cao, L et al.","2021","Geological Society of America Bulletin","133","0","Fingerprinting sand from Asian rivers to the deep central South China Sea since the Late Miocene","10.1130/b35845.1","JT6","China","Eastern Asia","Asia","South China Sea",,,"18.4798","116.8015","Neogene","Miocene","11.63","8.48","5.33","zircon","LA_ICP_MS","Wuhan","State Key Laboratory of Geological Processes and Mineral Resources, China University of Geosciences","Agilent 7500a","detrital","siliciclastic","sandstone","61","62",,"32","0.065267","0.000824","0.85347","0.036259","0.094169","0.003984","390","6","424","34","613","199","390","6","8.717949",,,,,"LA_ICP_MS","siliciclastic","61","62","U1431D","Upper Miocene",,,,,,,,,,,,,,,,,
"Cao, L et al.","2021","Geological Society of America Bulletin","133","0","Fingerprinting sand from Asian rivers to the deep central South China Sea since the Late Miocene","10.1130/b35845.1","JT6","China","Eastern Asia","Asia","South China Sea",,,"18.4798","116.8015","Neogene","Miocene","11.63","8.48","5.33","zircon","LA_ICP_MS","Wuhan","State Key Laboratory of Geological Processes and Mineral Resources, China University of Geosciences","Agilent 7500a","detrital","siliciclastic","sandstone","61","63",,"32","0.189402","0.002545","2.036948","0.097795","0.077839","0.003981","1118","14","1128","33","1143","94","1118","14","0.894454",,,,,"LA_ICP_MS","siliciclastic","61","63","U1431D","Upper Miocene",,,,,,,,,,,,,,,,,
"Cao, L et al.","2021","Geological Society of America Bulletin","133","0","Fingerprinting sand from Asian rivers to the deep central South China Sea since the Late Miocene","10.1130/b35845.1","JT6","China","Eastern Asia","Asia","South China Sea",,,"18.4798","116.8015","Neogene","Miocene","11.63","8.48","5.33","zircon","LA_ICP_MS","Wuhan","State Key Laboratory of Geological Processes and Mineral Resources, China University of Geosciences","Agilent 7500a","detrital","siliciclastic","sandstone","61","64",,"32","0.02838","0.000337","0.188752","0.013814","0.048253","0.003644","180","2","176","12","112","158","180","2","2.222222",,,,,"LA_ICP_MS","siliciclastic","61","64","U1431D","Upper Miocene",,,,,,,,,,,,,,,,,
"Cao, L et al.","2021","Geological Society of America Bulletin","133","0","Fingerprinting sand from Asian rivers to the deep central South China Sea since the Late Miocene","10.1130/b35845.1","JT6","China","Eastern Asia","Asia","South China Sea",,,"18.4798","116.8015","Neogene","Miocene","11.63","8.48","5.33","zircon","LA_ICP_MS","Wuhan","State Key Laboratory of Geological Processes and Mineral Resources, China University of Geosciences","Agilent 7500a","detrital","siliciclastic","sandstone","61","65",,"32","0.063081","0.000746","0.502747","0.022384","0.057501","0.002594","394","5","414","15","511","96","394","5","5.076142",,,,,"LA_ICP_MS","siliciclastic","61","65","U1431D","Upper Miocene",,,,,,,,,,,,,,,,,
"Cao, L et al.","2021","Geological Society of America Bulletin","133","0","Fingerprinting sand from Asian rivers to the deep central South China Sea since the Late Miocene","10.1130/b35845.1","JT6","China","Eastern Asia","Asia","South China Sea",,,"18.4798","116.8015","Neogene","Miocene","11.63","8.48","5.33","zircon","LA_ICP_MS","Wuhan","State Key Laboratory of Geological Processes and Mineral Resources, China University of Geosciences","Agilent 7500a","detrital","siliciclastic","sandstone","61","66",,"32","0.065756","0.000609","0.502044","0.015277","0.054874","0.001615","411","4","413","10","407","66","411","4","0.486618",,,,,"LA_ICP_MS","siliciclastic","61","66","U1431D","Upper Miocene",,,,,,,,,,,,,,,,,
"Cao, L et al.","2021","Geological Society of America Bulletin","133","0","Fingerprinting sand from Asian rivers to the deep central South China Sea since the Late Miocene","10.1130/b35845.1","JT6","China","Eastern Asia","Asia","South China Sea",,,"18.4798","116.8015","Neogene","Miocene","11.63","8.48","5.33","zircon","LA_ICP_MS","Wuhan","State Key Laboratory of Geological Processes and Mineral Resources, China University of Geosciences","Agilent 7500a","detrital","siliciclastic","sandstone","61","67",,"32","0.335985","0.003108","5.373362","0.116399","0.115308","0.002526","1867","15","1881","19","1885","36","1885","36","0.954907",,,,,"LA_ICP_MS","siliciclastic","61","67","U1431D","Upper Miocene",,,,,,,,,,,,,,,,,
"Cao, L et al.","2021","Geological Society of America Bulletin","133","0","Fingerprinting sand from Asian rivers to the deep central South China Sea since the Late Miocene","10.1130/b35845.1","JT6","China","Eastern Asia","Asia","South China Sea",,,"18.4798","116.8015","Neogene","Miocene","11.63","8.48","5.33","zircon","LA_ICP_MS","Wuhan","State Key Laboratory of Geological Processes and Mineral Resources, China University of Geosciences","Agilent 7500a","detrital","siliciclastic","sandstone","61","68",,"32","0.04235","0.000412","0.311538","0.012911","0.053003","0.002226","267","3","275","10","329","93","267","3","2.996255",,,,,"LA_ICP_MS","siliciclastic","61","68","U1431D","Upper Miocene",,,,,,,,,,,,,,,,,
"Cao, L et al.","2021","Geological Society of America Bulletin","133","0","Fingerprinting sand from Asian rivers to the deep central South China Sea since the Late Miocene","10.1130/b35845.1","JT6","China","Eastern Asia","Asia","South China Sea",,,"18.4798","116.8015","Neogene","Miocene","11.63","8.48","5.33","zircon","LA_ICP_MS","Wuhan","State Key Laboratory of Geological Processes and Mineral Resources, China University of Geosciences","Agilent 7500a","detrital","siliciclastic","sandstone","61","69",,"32","0.191273","0.00202","2.031596","0.055109","0.076779","0.002086","1128","11","1126","18","1115","51","1128","11","0.177305",,,,,"LA_ICP_MS","siliciclastic","61","69","U1431D","Upper Miocene",,,,,,,,,,,,,,,,,
"Cao, L et al.","2021","Geological Society of America Bulletin","133","0","Fingerprinting sand from Asian rivers to the deep central South China Sea since the Late Miocene","10.1130/b35845.1","JT6","China","Eastern Asia","Asia","South China Sea",,,"18.4798","116.8015","Neogene","Miocene","11.63","8.48","5.33","zircon","LA_ICP_MS","Wuhan","State Key Laboratory of Geological Processes and Mineral Resources, China University of Geosciences","Agilent 7500a","detrital","siliciclastic","sandstone","61","70",,"32","0.130047","0.001471","1.198648","0.039644","0.066263","0.002024","788","8","800","18","815","66","788","8","1.522843",,,,,"LA_ICP_MS","siliciclastic","61","70","U1431D","Upper Miocene",,,,,,,,,,,,,,,,,
"Cao, L et al.","2021","Geological Society of America Bulletin","133","0","Fingerprinting sand from Asian rivers to the deep central South China Sea since the Late Miocene","10.1130/b35845.1","JT6","China","Eastern Asia","Asia","South China Sea",,,"18.4798","116.8015","Neogene","Miocene","11.63","8.48","5.33","zircon","LA_ICP_MS","Wuhan","State Key Laboratory of Geological Processes and Mineral Resources, China University of Geosciences","Agilent 7500a","detrital","siliciclastic","sandstone","61","71",,"32","0.070937","0.000671","0.55782","0.016287","0.056921","0.00168","442","4","450","11","489","62","442","4","1.809955",,,,,"LA_ICP_MS","siliciclastic","61","71","U1431D","Upper Miocene",,,,,,,,,,,,,,,,,
"Cao, L et al.","2021","Geological Society of America Bulletin","133","0","Fingerprinting sand from Asian rivers to the deep central South China Sea since the Late Miocene","10.1130/b35845.1","JT6","China","Eastern Asia","Asia","South China Sea",,,"18.4798","116.8015","Neogene","Miocene","11.63","8.48","5.33","zircon","LA_ICP_MS","Wuhan","State Key Laboratory of Geological Processes and Mineral Resources, China University of Geosciences","Agilent 7500a","detrital","siliciclastic","sandstone","61","72",,"32","0.232906","0.002595","2.834741","0.088973","0.087812","0.002753","1350","14","1365","24","1378","53","1378","53","2.03193",,,,,"LA_ICP_MS","siliciclastic","61","72","U1431D","Upper Miocene",,,,,,,,,,,,,,,,,
"Cao, L et al.","2021","Geological Society of America Bulletin","133","0","Fingerprinting sand from Asian rivers to the deep central South China Sea since the Late Miocene","10.1130/b35845.1","JT8","China","Eastern Asia","Asia","South China Sea",,,"18.4798","116.8015","Neogene","Miocene","11.63","8.48","5.33","zircon","LA_ICP_MS","Wuhan","State Key Laboratory of Geological Processes and Mineral Resources, China University of Geosciences","Agilent 7500a","detrital","siliciclastic","sandstone","69","1",,"32","0.043846","0.000974","0.348682","0.026623","0.061136","0.005172","277","6","304","20","644","149","277","6","9.747292",,,,,"LA_ICP_MS","siliciclastic","69","1","U1431E","Upper Miocene",,,,,,,,,,,,,,,,,
"Cao, L et al.","2021","Geological Society of America Bulletin","133","0","Fingerprinting sand from Asian rivers to the deep central South China Sea since the Late Miocene","10.1130/b35845.1","JT8","China","Eastern Asia","Asia","South China Sea",,,"18.4798","116.8015","Neogene","Miocene","11.63","8.48","5.33","zircon","LA_ICP_MS","Wuhan","State Key Laboratory of Geological Processes and Mineral Resources, China University of Geosciences","Agilent 7500a","detrital","siliciclastic","sandstone","69","2",,"32","0.06297","0.000656","0.448654","0.018629","0.051441","0.002152","394","4","376","13","261","86","394","4","4.568528",,,,,"LA_ICP_MS","siliciclastic","69","2","U1431E","Upper Miocene",,,,,,,,,,,,,,,,,
"Cao, L et al.","2021","Geological Society of America Bulletin","133","0","Fingerprinting sand from Asian rivers to the deep central South China Sea since the Late Miocene","10.1130/b35845.1","JT8","China","Eastern Asia","Asia","South China Sea",,,"18.4798","116.8015","Neogene","Miocene","11.63","8.48","5.33","zircon","LA_ICP_MS","Wuhan","State Key Laboratory of Geological Processes and Mineral Resources, China University of Geosciences","Agilent 7500a","detrital","siliciclastic","sandstone","69","3",,"32","0.177624","0.001666","1.90704","0.041428","0.077457","0.001694","1054","9","1084","14","1133","36","1054","9","2.8463",,,,,"LA_ICP_MS","siliciclastic","69","3","U1431E","Upper Miocene",,,,,,,,,,,,,,,,,
"Cao, L et al.","2021","Geological Society of America Bulletin","133","0","Fingerprinting sand from Asian rivers to the deep central South China Sea since the Late Miocene","10.1130/b35845.1","JT8","China","Eastern Asia","Asia","South China Sea",,,"18.4798","116.8015","Neogene","Miocene","11.63","8.48","5.33","zircon","LA_ICP_MS","Wuhan","State Key Laboratory of Geological Processes and Mineral Resources, China University of Geosciences","Agilent 7500a","detrital","siliciclastic","sandstone","69","4",,"32","0.540761","0.004245","14.1218","0.253281","0.188359","0.003268","2787","18","2758","17","2728","25","2728","25","2.162757",,,,,"LA_ICP_MS","siliciclastic","69","4","U1431E","Upper Miocene",,,,,,,,,,,,,,,,,
"Cao, L et al.","2021","Geological Society of America Bulletin","133","0","Fingerprinting sand from Asian rivers to the deep central South China Sea since the Late Miocene","10.1130/b35845.1","JT8","China","Eastern Asia","Asia","South China Sea",,,"18.4798","116.8015","Neogene","Miocene","11.63","8.48","5.33","zircon","LA_ICP_MS","Wuhan","State Key Laboratory of Geological Processes and Mineral Resources, China University of Geosciences","Agilent 7500a","detrital","siliciclastic","sandstone","69","5",,"32","0.214093","0.002543","2.507978","0.060347","0.084704","0.002039","1251","14","1274","17","1309","38","1309","38","4.430863",,,,,"LA_ICP_MS","siliciclastic","69","5","U1431E","Upper Miocene",,,,,,,,,,,,,,,,,
"Cao, L et al.","2021","Geological Society of America Bulletin","133","0","Fingerprinting sand from Asian rivers to the deep central South China Sea since the Late Miocene","10.1130/b35845.1","JT8","China","Eastern Asia","Asia","South China Sea",,,"18.4798","116.8015","Neogene","Miocene","11.63","8.48","5.33","zircon","LA_ICP_MS","Wuhan","State Key Laboratory of Geological Processes and Mineral Resources, China University of Geosciences","Agilent 7500a","detrital","siliciclastic","sandstone","69","6",,"32","0.301702","0.002939","4.539476","0.1079","0.109073","0.00262","1700","15","1738","20","1784","37","1784","37","4.70852",,,,,"LA_ICP_MS","siliciclastic","69","6","U1431E","Upper Miocene",,,,,,,,,,,,,,,,,
"Cao, L et al.","2021","Geological Society of America Bulletin","133","0","Fingerprinting sand from Asian rivers to the deep central South China Sea since the Late Miocene","10.1130/b35845.1","JT8","China","Eastern Asia","Asia","South China Sea",,,"18.4798","116.8015","Neogene","Miocene","11.63","8.48","5.33","zircon","LA_ICP_MS","Wuhan","State Key Laboratory of Geological Processes and Mineral Resources, China University of Geosciences","Agilent 7500a","detrital","siliciclastic","sandstone","69","9",,"32","0.269139","0.003271","3.836295","0.103331","0.10326","0.002566","1536","17","1600","22","1684","41","1684","41","8.788599",,,,,"LA_ICP_MS","siliciclastic","69","9","U1431E","Upper Miocene",,,,,,,,,,,,,,,,,
"Cao, L et al.","2021","Geological Society of America Bulletin","133","0","Fingerprinting sand from Asian rivers to the deep central South China Sea since the Late Miocene","10.1130/b35845.1","JT8","China","Eastern Asia","Asia","South China Sea",,,"18.4798","116.8015","Neogene","Miocene","11.63","8.48","5.33","zircon","LA_ICP_MS","Wuhan","State Key Laboratory of Geological Processes and Mineral Resources, China University of Geosciences","Agilent 7500a","detrital","siliciclastic","sandstone","69","10",,"32","0.31517","0.002624","4.379572","0.091976","0.100552","0.002053","1766","13","1708","17","1634","33","1634","33","8.078335",,,,,"LA_ICP_MS","siliciclastic","69","10","U1431E","Upper Miocene",,,,,,,,,,,,,,,,,
"Cao, L et al.","2021","Geological Society of America Bulletin","133","0","Fingerprinting sand from Asian rivers to the deep central South China Sea since the Late Miocene","10.1130/b35845.1","JT8","China","Eastern Asia","Asia","South China Sea",,,"18.4798","116.8015","Neogene","Miocene","11.63","8.48","5.33","zircon","LA_ICP_MS","Wuhan","State Key Laboratory of Geological Processes and Mineral Resources, China University of Geosciences","Agilent 7500a","detrital","siliciclastic","sandstone","69","11",,"32","0.079446","0.000829","0.656913","0.028133","0.060202","0.002547","493","5","513","17","611","84","493","5","4.056795",,,,,"LA_ICP_MS","siliciclastic","69","11","U1431E","Upper Miocene",,,,,,,,,,,,,,,,,
"Cao, L et al.","2021","Geological Society of America Bulletin","133","0","Fingerprinting sand from Asian rivers to the deep central South China Sea since the Late Miocene","10.1130/b35845.1","JT8","China","Eastern Asia","Asia","South China Sea",,,"18.4798","116.8015","Neogene","Miocene","11.63","8.48","5.33","zircon","LA_ICP_MS","Wuhan","State Key Laboratory of Geological Processes and Mineral Resources, China University of Geosciences","Agilent 7500a","detrital","siliciclastic","sandstone","69","12",,"32","0.070804","0.000699","0.549333","0.020352","0.05635","0.0021","441","4","445","13","466","74","441","4","0.907029",,,,,"LA_ICP_MS","siliciclastic","69","12","U1431E","Upper Miocene",,,,,,,,,,,,,,,,,
"Cao, L et al.","2021","Geological Society of America Bulletin","133","0","Fingerprinting sand from Asian rivers to the deep central South China Sea since the Late Miocene","10.1130/b35845.1","JT8","China","Eastern Asia","Asia","South China Sea",,,"18.4798","116.8015","Neogene","Miocene","11.63","8.48","5.33","zircon","LA_ICP_MS","Wuhan","State Key Laboratory of Geological Processes and Mineral Resources, China University of Geosciences","Agilent 7500a","detrital","siliciclastic","sandstone","69","13",,"32","0.193777","0.001863","1.974023","0.067703","0.074086","0.002587","1142","10","1107","23","1044","62","1142","10","3.064799",,,,,"LA_ICP_MS","siliciclastic","69","13","U1431E","Upper Miocene",,,,,,,,,,,,,,,,,
"Cao, L et al.","2021","Geological Society of America Bulletin","133","0","Fingerprinting sand from Asian rivers to the deep central South China Sea since the Late Miocene","10.1130/b35845.1","JT8","China","Eastern Asia","Asia","South China Sea",,,"18.4798","116.8015","Neogene","Miocene","11.63","8.48","5.33","zircon","LA_ICP_MS","Wuhan","State Key Laboratory of Geological Processes and Mineral Resources, China University of Geosciences","Agilent 7500a","detrital","siliciclastic","sandstone","69","14",,"32","0.057054","0.000753","0.444813","0.031807","0.056035","0.00381","358","5","374","22","454","147","358","5","4.469274",,,,,"LA_ICP_MS","siliciclastic","69","14","U1431E","Upper Miocene",,,,,,,,,,,,,,,,,
"Cao, L et al.","2021","Geological Society of America Bulletin","133","0","Fingerprinting sand from Asian rivers to the deep central South China Sea since the Late Miocene","10.1130/b35845.1","JT8","China","Eastern Asia","Asia","South China Sea",,,"18.4798","116.8015","Neogene","Miocene","11.63","8.48","5.33","zircon","LA_ICP_MS","Wuhan","State Key Laboratory of Geological Processes and Mineral Resources, China University of Geosciences","Agilent 7500a","detrital","siliciclastic","sandstone","69","15",,"32","0.253504","0.002419","3.230034","0.077879","0.092013","0.002144","1457","12","1464","19","1468","39","1468","39","0.749319",,,,,"LA_ICP_MS","siliciclastic","69","15","U1431E","Upper Miocene",,,,,,,,,,,,,,,,,
"Cao, L et al.","2021","Geological Society of America Bulletin","133","0","Fingerprinting sand from Asian rivers to the deep central South China Sea since the Late Miocene","10.1130/b35845.1","JT8","China","Eastern Asia","Asia","South China Sea",,,"18.4798","116.8015","Neogene","Miocene","11.63","8.48","5.33","zircon","LA_ICP_MS","Wuhan","State Key Laboratory of Geological Processes and Mineral Resources, China University of Geosciences","Agilent 7500a","detrital","siliciclastic","sandstone","69","16",,"32","0.069416","0.000717","0.577348","0.017259","0.060086","0.001785","433","4","463","11","607","57","433","4","6.928406",,,,,"LA_ICP_MS","siliciclastic","69","16","U1431E","Upper Miocene",,,,,,,,,,,,,,,,,
"Cao, L et al.","2021","Geological Society of America Bulletin","133","0","Fingerprinting sand from Asian rivers to the deep central South China Sea since the Late Miocene","10.1130/b35845.1","JT8","China","Eastern Asia","Asia","South China Sea",,,"18.4798","116.8015","Neogene","Miocene","11.63","8.48","5.33","zircon","LA_ICP_MS","Wuhan","State Key Laboratory of Geological Processes and Mineral Resources, China University of Geosciences","Agilent 7500a","detrital","siliciclastic","sandstone","69","17",,"32","0.196436","0.001914","2.17341","0.053513","0.079879","0.001941","1156","10","1173","17","1194","42","1156","10","1.470588",,,,,"LA_ICP_MS","siliciclastic","69","17","U1431E","Upper Miocene",,,,,,,,,,,,,,,,,
"Cao, L et al.","2021","Geological Society of America Bulletin","133","0","Fingerprinting sand from Asian rivers to the deep central South China Sea since the Late Miocene","10.1130/b35845.1","JT8","China","Eastern Asia","Asia","South China Sea",,,"18.4798","116.8015","Neogene","Miocene","11.63","8.48","5.33","zircon","LA_ICP_MS","Wuhan","State Key Laboratory of Geological Processes and Mineral Resources, China University of Geosciences","Agilent 7500a","detrital","siliciclastic","sandstone","69","18",,"32","0.246788","0.002087","3.032266","0.070998","0.088832","0.002144","1422","11","1416","18","1401","39","1401","39","1.498929",,,,,"LA_ICP_MS","siliciclastic","69","18","U1431E","Upper Miocene",,,,,,,,,,,,,,,,,
"Cao, L et al.","2021","Geological Society of America Bulletin","133","0","Fingerprinting sand from Asian rivers to the deep central South China Sea since the Late Miocene","10.1130/b35845.1","JT8","China","Eastern Asia","Asia","South China Sea",,,"18.4798","116.8015","Neogene","Miocene","11.63","8.48","5.33","zircon","LA_ICP_MS","Wuhan","State Key Laboratory of Geological Processes and Mineral Resources, China University of Geosciences","Agilent 7500a","detrital","siliciclastic","sandstone","69","19",,"32","0.281138","0.005384","4.290614","0.129522","0.11024","0.002793","1586","29","1640","35","1711","53","1711","53","7.305669",,,,,"LA_ICP_MS","siliciclastic","69","19","U1431E","Upper Miocene",,,,,,,,,,,,,,,,,
"Cao, L et al.","2021","Geological Society of America Bulletin","133","0","Fingerprinting sand from Asian rivers to the deep central South China Sea since the Late Miocene","10.1130/b35845.1","JT8","China","Eastern Asia","Asia","South China Sea",,,"18.4798","116.8015","Neogene","Miocene","11.63","8.48","5.33","zircon","LA_ICP_MS","Wuhan","State Key Laboratory of Geological Processes and Mineral Resources, China University of Geosciences","Agilent 7500a","detrital","siliciclastic","sandstone","69","20",,"32","0.150756","0.001442","1.451683","0.032894","0.069525","0.001582","905","8","911","14","914","39","905","8","0.662983",,,,,"LA_ICP_MS","siliciclastic","69","20","U1431E","Upper Miocene",,,,,,,,,,,,,,,,,
"Cao, L et al.","2021","Geological Society of America Bulletin","133","0","Fingerprinting sand from Asian rivers to the deep central South China Sea since the Late Miocene","10.1130/b35845.1","JT8","China","Eastern Asia","Asia","South China Sea",,,"18.4798","116.8015","Neogene","Miocene","11.63","8.48","5.33","zircon","LA_ICP_MS","Wuhan","State Key Laboratory of Geological Processes and Mineral Resources, China University of Geosciences","Agilent 7500a","detrital","siliciclastic","sandstone","69","22",,"32","0.274366","0.002664","3.435363","0.08601","0.090211","0.002254","1563","13","1513","20","1430","41","1430","41","9.300699",,,,,"LA_ICP_MS","siliciclastic","69","22","U1431E","Upper Miocene",,,,,,,,,,,,,,,,,
"Cao, L et al.","2021","Geological Society of America Bulletin","133","0","Fingerprinting sand from Asian rivers to the deep central South China Sea since the Late Miocene","10.1130/b35845.1","JT8","China","Eastern Asia","Asia","South China Sea",,,"18.4798","116.8015","Neogene","Miocene","11.63","8.48","5.33","zircon","LA_ICP_MS","Wuhan","State Key Laboratory of Geological Processes and Mineral Resources, China University of Geosciences","Agilent 7500a","detrital","siliciclastic","sandstone","69","24",,"32","0.149522","0.001286","1.320431","0.037385","0.063501","0.00178","898","7","855","16","725","53","898","7","4.788419",,,,,"LA_ICP_MS","siliciclastic","69","24","U1431E","Upper Miocene",,,,,,,,,,,,,,,,,
"Cao, L et al.","2021","Geological Society of America Bulletin","133","0","Fingerprinting sand from Asian rivers to the deep central South China Sea since the Late Miocene","10.1130/b35845.1","JT8","China","Eastern Asia","Asia","South China Sea",,,"18.4798","116.8015","Neogene","Miocene","11.63","8.48","5.33","zircon","LA_ICP_MS","Wuhan","State Key Laboratory of Geological Processes and Mineral Resources, China University of Geosciences","Agilent 7500a","detrital","siliciclastic","sandstone","69","25",,"32","0.210632","0.001508","2.410403","0.050356","0.082132","0.001639","1232","8","1246","15","1249","36","1249","36","1.361089",,,,,"LA_ICP_MS","siliciclastic","69","25","U1431E","Upper Miocene",,,,,,,,,,,,,,,,,
"Cao, L et al.","2021","Geological Society of America Bulletin","133","0","Fingerprinting sand from Asian rivers to the deep central South China Sea since the Late Miocene","10.1130/b35845.1","JT8","China","Eastern Asia","Asia","South China Sea",,,"18.4798","116.8015","Neogene","Miocene","11.63","8.48","5.33","zircon","LA_ICP_MS","Wuhan","State Key Laboratory of Geological Processes and Mineral Resources, China University of Geosciences","Agilent 7500a","detrital","siliciclastic","sandstone","69","27",,"32","0.187632","0.001453","1.928708","0.038681","0.073774","0.001478","1109","8","1091","13","1035","35","1109","8","1.623084",,,,,"LA_ICP_MS","siliciclastic","69","27","U1431E","Upper Miocene",,,,,,,,,,,,,,,,,
"Cao, L et al.","2021","Geological Society of America Bulletin","133","0","Fingerprinting sand from Asian rivers to the deep central South China Sea since the Late Miocene","10.1130/b35845.1","JT8","China","Eastern Asia","Asia","South China Sea",,,"18.4798","116.8015","Neogene","Miocene","11.63","8.48","5.33","zircon","LA_ICP_MS","Wuhan","State Key Laboratory of Geological Processes and Mineral Resources, China University of Geosciences","Agilent 7500a","detrital","siliciclastic","sandstone","69","28",,"32","0.222354","0.002121","2.461198","0.062584","0.07955","0.002039","1294","11","1261","18","1186","44","1186","44","9.106239",,,,,"LA_ICP_MS","siliciclastic","69","28","U1431E","Upper Miocene",,,,,,,,,,,,,,,,,
"Cao, L et al.","2021","Geological Society of America Bulletin","133","0","Fingerprinting sand from Asian rivers to the deep central South China Sea since the Late Miocene","10.1130/b35845.1","JT8","China","Eastern Asia","Asia","South China Sea",,,"18.4798","116.8015","Neogene","Miocene","11.63","8.48","5.33","zircon","LA_ICP_MS","Wuhan","State Key Laboratory of Geological Processes and Mineral Resources, China University of Geosciences","Agilent 7500a","detrital","siliciclastic","sandstone","69","29",,"32","0.244334","0.002837","3.029229","0.078654","0.089262","0.002409","1409","15","1415","20","1410","42","1410","42","0.070922",,,,,"LA_ICP_MS","siliciclastic","69","29","U1431E","Upper Miocene",,,,,,,,,,,,,,,,,
"Cao, L et al.","2021","Geological Society of America Bulletin","133","0","Fingerprinting sand from Asian rivers to the deep central South China Sea since the Late Miocene","10.1130/b35845.1","JT8","China","Eastern Asia","Asia","South China Sea",,,"18.4798","116.8015","Neogene","Miocene","11.63","8.48","5.33","zircon","LA_ICP_MS","Wuhan","State Key Laboratory of Geological Processes and Mineral Resources, China University of Geosciences","Agilent 7500a","detrital","siliciclastic","sandstone","69","31",,"32","0.214639","0.003021","2.324434","0.074759","0.078024","0.002442","1253","16","1220","23","1147","54","1147","54","9.2415",,,,,"LA_ICP_MS","siliciclastic","69","31","U1431E","Upper Miocene",,,,,,,,,,,,,,,,,
"Cao, L et al.","2021","Geological Society of America Bulletin","133","0","Fingerprinting sand from Asian rivers to the deep central South China Sea since the Late Miocene","10.1130/b35845.1","JT8","China","Eastern Asia","Asia","South China Sea",,,"18.4798","116.8015","Neogene","Miocene","11.63","8.48","5.33","zircon","LA_ICP_MS","Wuhan","State Key Laboratory of Geological Processes and Mineral Resources, China University of Geosciences","Agilent 7500a","detrital","siliciclastic","sandstone","69","32",,"32","0.133367","0.001567","1.301995","0.041693","0.069985","0.00217","807","9","847","18","928","57","807","9","4.956629",,,,,"LA_ICP_MS","siliciclastic","69","32","U1431E","Upper Miocene",,,,,,,,,,,,,,,,,
"Cao, L et al.","2021","Geological Society of America Bulletin","133","0","Fingerprinting sand from Asian rivers to the deep central South China Sea since the Late Miocene","10.1130/b35845.1","JT8","China","Eastern Asia","Asia","South China Sea",,,"18.4798","116.8015","Neogene","Miocene","11.63","8.48","5.33","zircon","LA_ICP_MS","Wuhan","State Key Laboratory of Geological Processes and Mineral Resources, China University of Geosciences","Agilent 7500a","detrital","siliciclastic","sandstone","69","33",,"32","0.222134","0.001999","2.664826","0.054742","0.086154","0.001866","1293","11","1319","15","1342","33","1342","33","3.651267",,,,,"LA_ICP_MS","siliciclastic","69","33","U1431E","Upper Miocene",,,,,,,,,,,,,,,,,
"Cao, L et al.","2021","Geological Society of America Bulletin","133","0","Fingerprinting sand from Asian rivers to the deep central South China Sea since the Late Miocene","10.1130/b35845.1","JT8","China","Eastern Asia","Asia","South China Sea",,,"18.4798","116.8015","Neogene","Miocene","11.63","8.48","5.33","zircon","LA_ICP_MS","Wuhan","State Key Laboratory of Geological Processes and Mineral Resources, China University of Geosciences","Agilent 7500a","detrital","siliciclastic","sandstone","69","34",,"32","0.062202","0.000709","0.452359","0.018425","0.05248","0.002226","389","4","379","13","306","84","389","4","2.570694",,,,,"LA_ICP_MS","siliciclastic","69","34","U1431E","Upper Miocene",,,,,,,,,,,,,,,,,
"Cao, L et al.","2021","Geological Society of America Bulletin","133","0","Fingerprinting sand from Asian rivers to the deep central South China Sea since the Late Miocene","10.1130/b35845.1","JT8","China","Eastern Asia","Asia","South China Sea",,,"18.4798","116.8015","Neogene","Miocene","11.63","8.48","5.33","zircon","LA_ICP_MS","Wuhan","State Key Laboratory of Geological Processes and Mineral Resources, China University of Geosciences","Agilent 7500a","detrital","siliciclastic","sandstone","69","35",,"32","0.246582","0.002544","3.094848","0.080977","0.09036","0.002457","1421","13","1431","20","1433","43","1433","43","0.837404",,,,,"LA_ICP_MS","siliciclastic","69","35","U1431E","Upper Miocene",,,,,,,,,,,,,,,,,
"Cao, L et al.","2021","Geological Society of America Bulletin","133","0","Fingerprinting sand from Asian rivers to the deep central South China Sea since the Late Miocene","10.1130/b35845.1","JT8","China","Eastern Asia","Asia","South China Sea",,,"18.4798","116.8015","Neogene","Miocene","11.63","8.48","5.33","zircon","LA_ICP_MS","Wuhan","State Key Laboratory of Geological Processes and Mineral Resources, China University of Geosciences","Agilent 7500a","detrital","siliciclastic","sandstone","69","36",,"32","0.141823","0.001738","1.308911","0.055198","0.066408","0.002931","855","10","850","24","819","79","855","10","0.584795",,,,,"LA_ICP_MS","siliciclastic","69","36","U1431E","Upper Miocene",,,,,,,,,,,,,,,,,
"Cao, L et al.","2021","Geological Society of America Bulletin","133","0","Fingerprinting sand from Asian rivers to the deep central South China Sea since the Late Miocene","10.1130/b35845.1","JT8","China","Eastern Asia","Asia","South China Sea",,,"18.4798","116.8015","Neogene","Miocene","11.63","8.48","5.33","zircon","LA_ICP_MS","Wuhan","State Key Laboratory of Geological Processes and Mineral Resources, China University of Geosciences","Agilent 7500a","detrital","siliciclastic","sandstone","69","37",,"32","0.173772","0.001679","1.754557","0.046509","0.072424","0.0019","1033","9","1029","17","998","47","1033","9","0.387222",,,,,"LA_ICP_MS","siliciclastic","69","37","U1431E","Upper Miocene",,,,,,,,,,,,,,,,,
"Cao, L et al.","2021","Geological Society of America Bulletin","133","0","Fingerprinting sand from Asian rivers to the deep central South China Sea since the Late Miocene","10.1130/b35845.1","JT8","China","Eastern Asia","Asia","South China Sea",,,"18.4798","116.8015","Neogene","Miocene","11.63","8.48","5.33","zircon","LA_ICP_MS","Wuhan","State Key Laboratory of Geological Processes and Mineral Resources, China University of Geosciences","Agilent 7500a","detrital","siliciclastic","sandstone","69","38",,"32","0.12575","0.001005","1.172983","0.02783","0.06698","0.001622","764","6","788","13","837","43","764","6","3.141361",,,,,"LA_ICP_MS","siliciclastic","69","38","U1431E","Upper Miocene",,,,,,,,,,,,,,,,,
"Cao, L et al.","2021","Geological Society of America Bulletin","133","0","Fingerprinting sand from Asian rivers to the deep central South China Sea since the Late Miocene","10.1130/b35845.1","JT8","China","Eastern Asia","Asia","South China Sea",,,"18.4798","116.8015","Neogene","Miocene","11.63","8.48","5.33","zircon","LA_ICP_MS","Wuhan","State Key Laboratory of Geological Processes and Mineral Resources, China University of Geosciences","Agilent 7500a","detrital","siliciclastic","sandstone","69","39",,"32","0.079089","0.001247","0.613925","0.031241","0.056301","0.002946","491","7","486","20","464","101","491","7","1.01833",,,,,"LA_ICP_MS","siliciclastic","69","39","U1431E","Upper Miocene",,,,,,,,,,,,,,,,,
"Cao, L et al.","2021","Geological Society of America Bulletin","133","0","Fingerprinting sand from Asian rivers to the deep central South China Sea since the Late Miocene","10.1130/b35845.1","JT8","China","Eastern Asia","Asia","South China Sea",,,"18.4798","116.8015","Neogene","Miocene","11.63","8.48","5.33","zircon","LA_ICP_MS","Wuhan","State Key Laboratory of Geological Processes and Mineral Resources, China University of Geosciences","Agilent 7500a","detrital","siliciclastic","sandstone","69","40",,"32","0.258236","0.00241","3.161463","0.076185","0.087906","0.002036","1481","12","1448","19","1380","40","1380","40","7.318841",,,,,"LA_ICP_MS","siliciclastic","69","40","U1431E","Upper Miocene",,,,,,,,,,,,,,,,,
"Cao, L et al.","2021","Geological Society of America Bulletin","133","0","Fingerprinting sand from Asian rivers to the deep central South China Sea since the Late Miocene","10.1130/b35845.1","JT8","China","Eastern Asia","Asia","South China Sea",,,"18.4798","116.8015","Neogene","Miocene","11.63","8.48","5.33","zircon","LA_ICP_MS","Wuhan","State Key Laboratory of Geological Processes and Mineral Resources, China University of Geosciences","Agilent 7500a","detrital","siliciclastic","sandstone","69","41",,"32","0.245071","0.002309","2.975538","0.068008","0.087627","0.002046","1413","12","1401","17","1374","37","1374","37","2.838428",,,,,"LA_ICP_MS","siliciclastic","69","41","U1431E","Upper Miocene",,,,,,,,,,,,,,,,,
"Cao, L et al.","2021","Geological Society of America Bulletin","133","0","Fingerprinting sand from Asian rivers to the deep central South China Sea since the Late Miocene","10.1130/b35845.1","JT8","China","Eastern Asia","Asia","South China Sea",,,"18.4798","116.8015","Neogene","Miocene","11.63","8.48","5.33","zircon","LA_ICP_MS","Wuhan","State Key Laboratory of Geological Processes and Mineral Resources, China University of Geosciences","Agilent 7500a","detrital","siliciclastic","sandstone","69","42",,"32","0.071587","0.000744","0.56636","0.016684","0.056997","0.001687","446","4","456","11","491","57","446","4","2.242152",,,,,"LA_ICP_MS","siliciclastic","69","42","U1431E","Upper Miocene",,,,,,,,,,,,,,,,,
"Cao, L et al.","2021","Geological Society of America Bulletin","133","0","Fingerprinting sand from Asian rivers to the deep central South China Sea since the Late Miocene","10.1130/b35845.1","JT8","China","Eastern Asia","Asia","South China Sea",,,"18.4798","116.8015","Neogene","Miocene","11.63","8.48","5.33","zircon","LA_ICP_MS","Wuhan","State Key Laboratory of Geological Processes and Mineral Resources, China University of Geosciences","Agilent 7500a","detrital","siliciclastic","sandstone","69","43",,"32","0.408778","0.004499","8.007974","0.210702","0.14115","0.003824","2209","21","2232","24","2241","39","2241","39","1.427934",,,,,"LA_ICP_MS","siliciclastic","69","43","U1431E","Upper Miocene",,,,,,,,,,,,,,,,,
"Cao, L et al.","2021","Geological Society of America Bulletin","133","0","Fingerprinting sand from Asian rivers to the deep central South China Sea since the Late Miocene","10.1130/b35845.1","JT8","China","Eastern Asia","Asia","South China Sea",,,"18.4798","116.8015","Neogene","Miocene","11.63","8.48","5.33","zircon","LA_ICP_MS","Wuhan","State Key Laboratory of Geological Processes and Mineral Resources, China University of Geosciences","Agilent 7500a","detrital","siliciclastic","sandstone","69","45",,"32","0.252421","0.003021","3.176962","0.084707","0.0908","0.002428","1451","16","1452","21","1442","42","1442","42","0.624133",,,,,"LA_ICP_MS","siliciclastic","69","45","U1431E","Upper Miocene",,,,,,,,,,,,,,,,,
"Cao, L et al.","2021","Geological Society of America Bulletin","133","0","Fingerprinting sand from Asian rivers to the deep central South China Sea since the Late Miocene","10.1130/b35845.1","JT8","China","Eastern Asia","Asia","South China Sea",,,"18.4798","116.8015","Neogene","Miocene","11.63","8.48","5.33","zircon","LA_ICP_MS","Wuhan","State Key Laboratory of Geological Processes and Mineral Resources, China University of Geosciences","Agilent 7500a","detrital","siliciclastic","sandstone","69","46",,"32","0.143352","0.001909","1.560424","0.048537","0.078605","0.002411","864","11","955","19","1162","52","864","11","10.532407",,,,,"LA_ICP_MS","siliciclastic","69","46","U1431E","Upper Miocene",,,,,,,,,,,,,,,,,
"Cao, L et al.","2021","Geological Society of America Bulletin","133","0","Fingerprinting sand from Asian rivers to the deep central South China Sea since the Late Miocene","10.1130/b35845.1","JT8","China","Eastern Asia","Asia","South China Sea",,,"18.4798","116.8015","Neogene","Miocene","11.63","8.48","5.33","zircon","LA_ICP_MS","Wuhan","State Key Laboratory of Geological Processes and Mineral Resources, China University of Geosciences","Agilent 7500a","detrital","siliciclastic","sandstone","69","47",,"32","0.139337","0.001965","1.38695","0.046214","0.072251","0.002499","841","11","883","20","993","57","841","11","4.994055",,,,,"LA_ICP_MS","siliciclastic","69","47","U1431E","Upper Miocene",,,,,,,,,,,,,,,,,
"Cao, L et al.","2021","Geological Society of America Bulletin","133","0","Fingerprinting sand from Asian rivers to the deep central South China Sea since the Late Miocene","10.1130/b35845.1","JT8","China","Eastern Asia","Asia","South China Sea",,,"18.4798","116.8015","Neogene","Miocene","11.63","8.48","5.33","zircon","LA_ICP_MS","Wuhan","State Key Laboratory of Geological Processes and Mineral Resources, China University of Geosciences","Agilent 7500a","detrital","siliciclastic","sandstone","69","48",,"32","0.072662","0.000952","0.521428","0.019243","0.052076","0.001969","452","6","426","13","289","74","452","6","5.752212",,,,,"LA_ICP_MS","siliciclastic","69","48","U1431E","Upper Miocene",,,,,,,,,,,,,,,,,
"Cao, L et al.","2021","Geological Society of America Bulletin","133","0","Fingerprinting sand from Asian rivers to the deep central South China Sea since the Late Miocene","10.1130/b35845.1","JT8","China","Eastern Asia","Asia","South China Sea",,,"18.4798","116.8015","Neogene","Miocene","11.63","8.48","5.33","zircon","LA_ICP_MS","Wuhan","State Key Laboratory of Geological Processes and Mineral Resources, China University of Geosciences","Agilent 7500a","detrital","siliciclastic","sandstone","69","49",,"32","0.268121","0.002035","3.371029","0.079554","0.090809","0.002123","1531","10","1498","18","1443","40","1443","40","6.098406",,,,,"LA_ICP_MS","siliciclastic","69","49","U1431E","Upper Miocene",,,,,,,,,,,,,,,,,
"Cao, L et al.","2021","Geological Society of America Bulletin","133","0","Fingerprinting sand from Asian rivers to the deep central South China Sea since the Late Miocene","10.1130/b35845.1","JT8","China","Eastern Asia","Asia","South China Sea",,,"18.4798","116.8015","Neogene","Miocene","11.63","8.48","5.33","zircon","LA_ICP_MS","Wuhan","State Key Laboratory of Geological Processes and Mineral Resources, China University of Geosciences","Agilent 7500a","detrital","siliciclastic","sandstone","69","50",,"32","0.134851","0.001093","1.180432","0.029526","0.063356","0.001595","815","6","792","14","720","47","815","6","2.822086",,,,,"LA_ICP_MS","siliciclastic","69","50","U1431E","Upper Miocene",,,,,,,,,,,,,,,,,
"Cao, L et al.","2021","Geological Society of America Bulletin","133","0","Fingerprinting sand from Asian rivers to the deep central South China Sea since the Late Miocene","10.1130/b35845.1","JT8","China","Eastern Asia","Asia","South China Sea",,,"18.4798","116.8015","Neogene","Miocene","11.63","8.48","5.33","zircon","LA_ICP_MS","Wuhan","State Key Laboratory of Geological Processes and Mineral Resources, China University of Geosciences","Agilent 7500a","detrital","siliciclastic","sandstone","69","55",,"32","0.261523","0.003602","3.658365","0.111009","0.101004","0.00308","1498","18","1562","24","1643","47","1643","47","8.82532",,,,,"LA_ICP_MS","siliciclastic","69","55","U1431E","Upper Miocene",,,,,,,,,,,,,,,,,
"Cao, L et al.","2021","Geological Society of America Bulletin","133","0","Fingerprinting sand from Asian rivers to the deep central South China Sea since the Late Miocene","10.1130/b35845.1","JT8","China","Eastern Asia","Asia","South China Sea",,,"18.4798","116.8015","Neogene","Miocene","11.63","8.48","5.33","zircon","LA_ICP_MS","Wuhan","State Key Laboratory of Geological Processes and Mineral Resources, China University of Geosciences","Agilent 7500a","detrital","siliciclastic","sandstone","69","56",,"32","0.034825","0.000472","0.248897","0.012332","0.052153","0.002703","221","3","226","10","292","101","221","3","2.262443",,,,,"LA_ICP_MS","siliciclastic","69","56","U1431E","Upper Miocene",,,,,,,,,,,,,,,,,
"Cao, L et al.","2021","Geological Society of America Bulletin","133","0","Fingerprinting sand from Asian rivers to the deep central South China Sea since the Late Miocene","10.1130/b35845.1","JT8","China","Eastern Asia","Asia","South China Sea",,,"18.4798","116.8015","Neogene","Miocene","11.63","8.48","5.33","zircon","LA_ICP_MS","Wuhan","State Key Laboratory of Geological Processes and Mineral Resources, China University of Geosciences","Agilent 7500a","detrital","siliciclastic","sandstone","69","57",,"32","0.256099","0.002087","3.270894","0.072976","0.091934","0.002043","1470","11","1474","17","1466","37","1466","37","0.272851",,,,,"LA_ICP_MS","siliciclastic","69","57","U1431E","Upper Miocene",,,,,,,,,,,,,,,,,
"Cao, L et al.","2021","Geological Society of America Bulletin","133","0","Fingerprinting sand from Asian rivers to the deep central South China Sea since the Late Miocene","10.1130/b35845.1","JT8","China","Eastern Asia","Asia","South China Sea",,,"18.4798","116.8015","Neogene","Miocene","11.63","8.48","5.33","zircon","LA_ICP_MS","Wuhan","State Key Laboratory of Geological Processes and Mineral Resources, China University of Geosciences","Agilent 7500a","detrital","siliciclastic","sandstone","69","59",,"32","0.282527","0.002713","3.967979","0.09562","0.101213","0.002443","1604","14","1628","20","1646","38","1646","38","2.55164",,,,,"LA_ICP_MS","siliciclastic","69","59","U1431E","Upper Miocene",,,,,,,,,,,,,,,,,
"Cao, L et al.","2021","Geological Society of America Bulletin","133","0","Fingerprinting sand from Asian rivers to the deep central South China Sea since the Late Miocene","10.1130/b35845.1","JT8","China","Eastern Asia","Asia","South China Sea",,,"18.4798","116.8015","Neogene","Miocene","11.63","8.48","5.33","zircon","LA_ICP_MS","Wuhan","State Key Laboratory of Geological Processes and Mineral Resources, China University of Geosciences","Agilent 7500a","detrital","siliciclastic","sandstone","69","60",,"32","0.284076","0.002639","3.982413","0.093102","0.100919","0.002385","1612","13","1631","19","1641","37","1641","37","1.767215",,,,,"LA_ICP_MS","siliciclastic","69","60","U1431E","Upper Miocene",,,,,,,,,,,,,,,,,
"Cao, L et al.","2021","Geological Society of America Bulletin","133","0","Fingerprinting sand from Asian rivers to the deep central South China Sea since the Late Miocene","10.1130/b35845.1","JT8","China","Eastern Asia","Asia","South China Sea",,,"18.4798","116.8015","Neogene","Miocene","11.63","8.48","5.33","zircon","LA_ICP_MS","Wuhan","State Key Laboratory of Geological Processes and Mineral Resources, China University of Geosciences","Agilent 7500a","detrital","siliciclastic","sandstone","69","61",,"32","0.155127","0.001751","1.498163","0.057032","0.069432","0.002677","930","10","930","23","912","70","930","10","0",,,,,"LA_ICP_MS","siliciclastic","69","61","U1431E","Upper Miocene",,,,,,,,,,,,,,,,,
"Cao, L et al.","2021","Geological Society of America Bulletin","133","0","Fingerprinting sand from Asian rivers to the deep central South China Sea since the Late Miocene","10.1130/b35845.1","JT8","China","Eastern Asia","Asia","South China Sea",,,"18.4798","116.8015","Neogene","Miocene","11.63","8.48","5.33","zircon","LA_ICP_MS","Wuhan","State Key Laboratory of Geological Processes and Mineral Resources, China University of Geosciences","Agilent 7500a","detrital","siliciclastic","sandstone","69","63",,"32","0.23223","0.001766","2.690168","0.056956","0.083135","0.001818","1346","9","1326","16","1272","36","1272","36","5.81761",,,,,"LA_ICP_MS","siliciclastic","69","63","U1431E","Upper Miocene",,,,,,,,,,,,,,,,,
"Cao, L et al.","2021","Geological Society of America Bulletin","133","0","Fingerprinting sand from Asian rivers to the deep central South China Sea since the Late Miocene","10.1130/b35845.1","JT8","China","Eastern Asia","Asia","South China Sea",,,"18.4798","116.8015","Neogene","Miocene","11.63","8.48","5.33","zircon","LA_ICP_MS","Wuhan","State Key Laboratory of Geological Processes and Mineral Resources, China University of Geosciences","Agilent 7500a","detrital","siliciclastic","sandstone","69","64",,"32","0.229856","0.003174","2.83238","0.108367","0.088618","0.003304","1334","17","1364","29","1396","64","1396","64","4.441261",,,,,"LA_ICP_MS","siliciclastic","69","64","U1431E","Upper Miocene",,,,,,,,,,,,,,,,,
"Cao, L et al.","2021","Geological Society of America Bulletin","133","0","Fingerprinting sand from Asian rivers to the deep central South China Sea since the Late Miocene","10.1130/b35845.1","JT8","China","Eastern Asia","Asia","South China Sea",,,"18.4798","116.8015","Neogene","Miocene","11.63","8.48","5.33","zircon","LA_ICP_MS","Wuhan","State Key Laboratory of Geological Processes and Mineral Resources, China University of Geosciences","Agilent 7500a","detrital","siliciclastic","sandstone","69","65",,"32","0.071426","0.001049","0.627197","0.041733","0.063601","0.004339","445","6","494","26","728","129","445","6","11.011236",,,,,"LA_ICP_MS","siliciclastic","69","65","U1431E","Upper Miocene",,,,,,,,,,,,,,,,,
"Cao, L et al.","2021","Geological Society of America Bulletin","133","0","Fingerprinting sand from Asian rivers to the deep central South China Sea since the Late Miocene","10.1130/b35845.1","JT8","China","Eastern Asia","Asia","South China Sea",,,"18.4798","116.8015","Neogene","Miocene","11.63","8.48","5.33","zircon","LA_ICP_MS","Wuhan","State Key Laboratory of Geological Processes and Mineral Resources, China University of Geosciences","Agilent 7500a","detrital","siliciclastic","sandstone","69","66",,"32","0.235514","0.002504","2.868555","0.0708","0.087653","0.002112","1363","13","1374","19","1375","40","1375","40","0.872727",,,,,"LA_ICP_MS","siliciclastic","69","66","U1431E","Upper Miocene",,,,,,,,,,,,,,,,,
"Cao, L et al.","2021","Geological Society of America Bulletin","133","0","Fingerprinting sand from Asian rivers to the deep central South China Sea since the Late Miocene","10.1130/b35845.1","JT8","China","Eastern Asia","Asia","South China Sea",,,"18.4798","116.8015","Neogene","Miocene","11.63","8.48","5.33","zircon","LA_ICP_MS","Wuhan","State Key Laboratory of Geological Processes and Mineral Resources, China University of Geosciences","Agilent 7500a","detrital","siliciclastic","sandstone","69","67",,"32","0.150017","0.001612","1.499863","0.042944","0.071947","0.002054","901","9","930","17","984","50","901","9","3.218646",,,,,"LA_ICP_MS","siliciclastic","69","67","U1431E","Upper Miocene",,,,,,,,,,,,,,,,,
"Cao, L et al.","2021","Geological Society of America Bulletin","133","0","Fingerprinting sand from Asian rivers to the deep central South China Sea since the Late Miocene","10.1130/b35845.1","JT8","China","Eastern Asia","Asia","South China Sea",,,"18.4798","116.8015","Neogene","Miocene","11.63","8.48","5.33","zircon","LA_ICP_MS","Wuhan","State Key Laboratory of Geological Processes and Mineral Resources, China University of Geosciences","Agilent 7500a","detrital","siliciclastic","sandstone","69","68",,"32","0.074017","0.000673","0.570637","0.015389","0.055588","0.001523","460","4","458","10","436","53","460","4","0.434783",,,,,"LA_ICP_MS","siliciclastic","69","68","U1431E","Upper Miocene",,,,,,,,,,,,,,,,,
"Cao, L et al.","2021","Geological Society of America Bulletin","133","0","Fingerprinting sand from Asian rivers to the deep central South China Sea since the Late Miocene","10.1130/b35845.1","JT8","China","Eastern Asia","Asia","South China Sea",,,"18.4798","116.8015","Neogene","Miocene","11.63","8.48","5.33","zircon","LA_ICP_MS","Wuhan","State Key Laboratory of Geological Processes and Mineral Resources, China University of Geosciences","Agilent 7500a","detrital","siliciclastic","sandstone","69","70",,"32","0.117653","0.001338","1.057214","0.039961","0.064998","0.002586","717","8","732","20","774","71","717","8","2.09205",,,,,"LA_ICP_MS","siliciclastic","69","70","U1431E","Upper Miocene",,,,,,,,,,,,,,,,,
"Cao, L et al.","2021","Geological Society of America Bulletin","133","0","Fingerprinting sand from Asian rivers to the deep central South China Sea since the Late Miocene","10.1130/b35845.1","JT8","China","Eastern Asia","Asia","South China Sea",,,"18.4798","116.8015","Neogene","Miocene","11.63","8.48","5.33","zircon","LA_ICP_MS","Wuhan","State Key Laboratory of Geological Processes and Mineral Resources, China University of Geosciences","Agilent 7500a","detrital","siliciclastic","sandstone","69","71",,"32","0.203765","0.002005","2.354995","0.061127","0.08315","0.002299","1196","11","1229","18","1273","44","1196","11","2.759197",,,,,"LA_ICP_MS","siliciclastic","69","71","U1431E","Upper Miocene",,,,,,,,,,,,,,,,,
"Cao, L et al.","2021","Geological Society of America Bulletin","133","0","Fingerprinting sand from Asian rivers to the deep central South China Sea since the Late Miocene","10.1130/b35845.1","JT8","China","Eastern Asia","Asia","South China Sea",,,"18.4798","116.8015","Neogene","Miocene","11.63","8.48","5.33","zircon","LA_ICP_MS","Wuhan","State Key Laboratory of Geological Processes and Mineral Resources, China University of Geosciences","Agilent 7500a","detrital","siliciclastic","sandstone","69","72",,"32","0.270856","0.002812","3.383206","0.087644","0.089864","0.002383","1545","14","1501","20","1423","42","1423","42","8.573436",,,,,"LA_ICP_MS","siliciclastic","69","72","U1431E","Upper Miocene",,,,,,,,,,,,,,,,,
"Cao, L et al.","2021","Geological Society of America Bulletin","133","0","Fingerprinting sand from Asian rivers to the deep central South China Sea since the Late Miocene","10.1130/b35845.1","JT8","China","Eastern Asia","Asia","South China Sea",,,"18.4798","116.8015","Neogene","Miocene","11.63","8.48","5.33","zircon","LA_ICP_MS","Wuhan","State Key Laboratory of Geological Processes and Mineral Resources, China University of Geosciences","Agilent 7500a","detrital","siliciclastic","sandstone","69","73",,"32","0.078678","0.000865","0.595686","0.023635","0.054523","0.002152","488","5","474","15","393","80","488","5","2.868852",,,,,"LA_ICP_MS","siliciclastic","69","73","U1431E","Upper Miocene",,,,,,,,,,,,,,,,,
"Cao, L et al.","2021","Geological Society of America Bulletin","133","0","Fingerprinting sand from Asian rivers to the deep central South China Sea since the Late Miocene","10.1130/b35845.1","JT8","China","Eastern Asia","Asia","South China Sea",,,"18.4798","116.8015","Neogene","Miocene","11.63","8.48","5.33","zircon","LA_ICP_MS","Wuhan","State Key Laboratory of Geological Processes and Mineral Resources, China University of Geosciences","Agilent 7500a","detrital","siliciclastic","sandstone","69","74",,"32","0.123102","0.001146","1.141346","0.032299","0.066612","0.001914","748","7","773","15","826","52","748","7","3.342246",,,,,"LA_ICP_MS","siliciclastic","69","74","U1431E","Upper Miocene",,,,,,,,,,,,,,,,,
"Cao, L et al.","2021","Geological Society of America Bulletin","133","0","Fingerprinting sand from Asian rivers to the deep central South China Sea since the Late Miocene","10.1130/b35845.1","JT8","China","Eastern Asia","Asia","South China Sea",,,"18.4798","116.8015","Neogene","Miocene","11.63","8.48","5.33","zircon","LA_ICP_MS","Wuhan","State Key Laboratory of Geological Processes and Mineral Resources, China University of Geosciences","Agilent 7500a","detrital","siliciclastic","sandstone","69","75",,"32","0.147501","0.002109","1.390115","0.06941","0.06786","0.0034","887","12","885","29","864","93","887","12","0.225479",,,,,"LA_ICP_MS","siliciclastic","69","75","U1431E","Upper Miocene",,,,,,,,,,,,,,,,,
"Cao, L et al.","2021","Geological Society of America Bulletin","133","0","Fingerprinting sand from Asian rivers to the deep central South China Sea since the Late Miocene","10.1130/b35845.1","JT8","China","Eastern Asia","Asia","South China Sea",,,"18.4798","116.8015","Neogene","Miocene","11.63","8.48","5.33","zircon","LA_ICP_MS","Wuhan","State Key Laboratory of Geological Processes and Mineral Resources, China University of Geosciences","Agilent 7500a","detrital","siliciclastic","sandstone","69","76",,"32","0.32202","0.003525","4.931461","0.138647","0.109786","0.003053","1800","17","1808","24","1796","44","1796","44","0.222717",,,,,"LA_ICP_MS","siliciclastic","69","76","U1431E","Upper Miocene",,,,,,,,,,,,,,,,,
"Cao, L et al.","2021","Geological Society of America Bulletin","133","0","Fingerprinting sand from Asian rivers to the deep central South China Sea since the Late Miocene","10.1130/b35845.1","JT8","China","Eastern Asia","Asia","South China Sea",,,"18.4798","116.8015","Neogene","Miocene","11.63","8.48","5.33","zircon","LA_ICP_MS","Wuhan","State Key Laboratory of Geological Processes and Mineral Resources, China University of Geosciences","Agilent 7500a","detrital","siliciclastic","sandstone","69","77",,"32","0.247063","0.002793","3.15672","0.105876","0.09209","0.003292","1423","14","1447","26","1469","56","1469","56","3.131382",,,,,"LA_ICP_MS","siliciclastic","69","77","U1431E","Upper Miocene",,,,,,,,,,,,,,,,,
"Cao, L et al.","2021","Geological Society of America Bulletin","133","0","Fingerprinting sand from Asian rivers to the deep central South China Sea since the Late Miocene","10.1130/b35845.1","JT8","China","Eastern Asia","Asia","South China Sea",,,"18.4798","116.8015","Neogene","Miocene","11.63","8.48","5.33","zircon","LA_ICP_MS","Wuhan","State Key Laboratory of Geological Processes and Mineral Resources, China University of Geosciences","Agilent 7500a","detrital","siliciclastic","sandstone","69","79",,"32","0.16662","0.002082","2.303943","0.075114","0.099367","0.003198","960","12","974","36","1005","96","960","12","1.458333",,,,,"LA_ICP_MS","siliciclastic","69","79","U1431E","Upper Miocene",,,,,,,,,,,,,,,,,
"Cao, L et al.","2021","Geological Society of America Bulletin","133","0","Fingerprinting sand from Asian rivers to the deep central South China Sea since the Late Miocene","10.1130/b35845.1","JT8","China","Eastern Asia","Asia","South China Sea",,,"18.4798","116.8015","Neogene","Miocene","11.63","8.48","5.33","zircon","LA_ICP_MS","Wuhan","State Key Laboratory of Geological Processes and Mineral Resources, China University of Geosciences","Agilent 7500a","detrital","siliciclastic","sandstone","69","80",,"32","0.062511","0.000641","0.508801","0.018862","0.058941","0.002344","391","4","418","13","565","72","391","4","6.905371",,,,,"LA_ICP_MS","siliciclastic","69","80","U1431E","Upper Miocene",,,,,,,,,,,,,,,,,
"Cao, L et al.","2021","Geological Society of America Bulletin","133","0","Fingerprinting sand from Asian rivers to the deep central South China Sea since the Late Miocene","10.1130/b35845.1","JT8","China","Eastern Asia","Asia","South China Sea",,,"18.4798","116.8015","Neogene","Miocene","11.63","8.48","5.33","zircon","LA_ICP_MS","Wuhan","State Key Laboratory of Geological Processes and Mineral Resources, China University of Geosciences","Agilent 7500a","detrital","siliciclastic","sandstone","69","81",,"32","0.1893","0.001629","2.005149","0.048615","0.076237","0.001866","1118","9","1117","16","1101","42","1118","9","0.089445",,,,,"LA_ICP_MS","siliciclastic","69","81","U1431E","Upper Miocene",,,,,,,,,,,,,,,,,
"Cao, L et al.","2021","Geological Society of America Bulletin","133","0","Fingerprinting sand from Asian rivers to the deep central South China Sea since the Late Miocene","10.1130/b35845.1","JT8","China","Eastern Asia","Asia","South China Sea",,,"18.4798","116.8015","Neogene","Miocene","11.63","8.48","5.33","zircon","LA_ICP_MS","Wuhan","State Key Laboratory of Geological Processes and Mineral Resources, China University of Geosciences","Agilent 7500a","detrital","siliciclastic","sandstone","69","82",,"32","0.040648","0.000385","0.288063","0.012013","0.051263","0.002184","257","2","257","9","253","87","257","2","0",,,,,"LA_ICP_MS","siliciclastic","69","82","U1431E","Upper Miocene",,,,,,,,,,,,,,,,,
"Cao, L et al.","2021","Geological Society of America Bulletin","133","0","Fingerprinting sand from Asian rivers to the deep central South China Sea since the Late Miocene","10.1130/b35845.1","JT8","China","Eastern Asia","Asia","South China Sea",,,"18.4798","116.8015","Neogene","Miocene","11.63","8.48","5.33","zircon","LA_ICP_MS","Wuhan","State Key Laboratory of Geological Processes and Mineral Resources, China University of Geosciences","Agilent 7500a","detrital","siliciclastic","sandstone","69","83",,"32","0.299374","0.003597","4.359883","0.127714","0.105428","0.003201","1688","18","1705","24","1722","46","1722","46","1.974448",,,,,"LA_ICP_MS","siliciclastic","69","83","U1431E","Upper Miocene",,,,,,,,,,,,,,,,,
"Cao, L et al.","2021","Geological Society of America Bulletin","133","0","Fingerprinting sand from Asian rivers to the deep central South China Sea since the Late Miocene","10.1130/b35845.1","JT8","China","Eastern Asia","Asia","South China Sea",,,"18.4798","116.8015","Neogene","Miocene","11.63","8.48","5.33","zircon","LA_ICP_MS","Wuhan","State Key Laboratory of Geological Processes and Mineral Resources, China University of Geosciences","Agilent 7500a","detrital","siliciclastic","sandstone","69","84",,"32","0.209445","0.001888","2.382672","0.060089","0.082199","0.002133","1226","10","1237","18","1250","43","1250","43","1.92",,,,,"LA_ICP_MS","siliciclastic","69","84","U1431E","Upper Miocene",,,,,,,,,,,,,,,,,
"Cao, L et al.","2021","Geological Society of America Bulletin","133","0","Fingerprinting sand from Asian rivers to the deep central South China Sea since the Late Miocene","10.1130/b35845.1","JT9","China","Eastern Asia","Asia","South China Sea",,,"18.4798","116.8015","Neogene","Miocene","11.63","8.48","5.33","zircon","LA_ICP_MS","Wuhan","State Key Laboratory of Geological Processes and Mineral Resources, China University of Geosciences","Agilent 7500a","detrital","siliciclastic","siltstone, sandstone","18","1",,"32","0.165628","0.001481","1.606897","0.040513","0.070101","0.001813","988","8","973","16","931","45","988","8","1.518219",,,,,"LA_ICP_MS","siliciclastic","18","1","U1431E","Upper Miocene",,,,,,,,,,,,,,,,,
"Cao, L et al.","2021","Geological Society of America Bulletin","133","0","Fingerprinting sand from Asian rivers to the deep central South China Sea since the Late Miocene","10.1130/b35845.1","JT9","China","Eastern Asia","Asia","South China Sea",,,"18.4798","116.8015","Neogene","Miocene","11.63","8.48","5.33","zircon","LA_ICP_MS","Wuhan","State Key Laboratory of Geological Processes and Mineral Resources, China University of Geosciences","Agilent 7500a","detrital","siliciclastic","siltstone, sandstone","18","2",,"32","0.051518","0.00072","0.418855","0.02124","0.058711","0.002979","324","4","355","15","556","99","324","4","9.567901",,,,,"LA_ICP_MS","siliciclastic","18","2","U1431E","Upper Miocene",,,,,,,,,,,,,,,,,
"Cao, L et al.","2021","Geological Society of America Bulletin","133","0","Fingerprinting sand from Asian rivers to the deep central South China Sea since the Late Miocene","10.1130/b35845.1","JT9","China","Eastern Asia","Asia","South China Sea",,,"18.4798","116.8015","Neogene","Miocene","11.63","8.48","5.33","zircon","LA_ICP_MS","Wuhan","State Key Laboratory of Geological Processes and Mineral Resources, China University of Geosciences","Agilent 7500a","detrital","siliciclastic","siltstone, sandstone","18","3",,"32","0.219951","0.001831","2.5491","0.057189","0.083585","0.001899","1282","10","1286","16","1283","38","1283","38","0.077942",,,,,"LA_ICP_MS","siliciclastic","18","3","U1431E","Upper Miocene",,,,,,,,,,,,,,,,,
"Cao, L et al.","2021","Geological Society of America Bulletin","133","0","Fingerprinting sand from Asian rivers to the deep central South China Sea since the Late Miocene","10.1130/b35845.1","JT9","China","Eastern Asia","Asia","South China Sea",,,"18.4798","116.8015","Neogene","Miocene","11.63","8.48","5.33","zircon","LA_ICP_MS","Wuhan","State Key Laboratory of Geological Processes and Mineral Resources, China University of Geosciences","Agilent 7500a","detrital","siliciclastic","siltstone, sandstone","18","4",,"32","0.343434","0.002877","5.089665","0.101201","0.107228","0.002205","1903","14","1834","17","1753","31","1753","31","8.55676",,,,,"LA_ICP_MS","siliciclastic","18","4","U1431E","Upper Miocene",,,,,,,,,,,,,,,,,
"Cao, L et al.","2021","Geological Society of America Bulletin","133","0","Fingerprinting sand from Asian rivers to the deep central South China Sea since the Late Miocene","10.1130/b35845.1","JT9","China","Eastern Asia","Asia","South China Sea",,,"18.4798","116.8015","Neogene","Miocene","11.63","8.48","5.33","zircon","LA_ICP_MS","Wuhan","State Key Laboratory of Geological Processes and Mineral Resources, China University of Geosciences","Agilent 7500a","detrital","siliciclastic","siltstone, sandstone","18","5",,"32","0.035761","0.000469","0.248967","0.012493","0.051356","0.002721","227","3","226","10","257","103","227","3","0.440529",,,,,"LA_ICP_MS","siliciclastic","18","5","U1431E","Upper Miocene",,,,,,,,,,,,,,,,,
"Cao, L et al.","2021","Geological Society of America Bulletin","133","0","Fingerprinting sand from Asian rivers to the deep central South China Sea since the Late Miocene","10.1130/b35845.1","JT9","China","Eastern Asia","Asia","South China Sea",,,"18.4798","116.8015","Neogene","Miocene","11.63","8.48","5.33","zircon","LA_ICP_MS","Wuhan","State Key Laboratory of Geological Processes and Mineral Resources, China University of Geosciences","Agilent 7500a","detrital","siliciclastic","siltstone, sandstone","18","7",,"32","0.18149","0.001821","1.901251","0.060432","0.075754","0.002504","1075","10","1082","21","1089","56","1075","10","0.651163",,,,,"LA_ICP_MS","siliciclastic","18","7","U1431E","Upper Miocene",,,,,,,,,,,,,,,,,
"Cao, L et al.","2021","Geological Society of America Bulletin","133","0","Fingerprinting sand from Asian rivers to the deep central South China Sea since the Late Miocene","10.1130/b35845.1","JT9","China","Eastern Asia","Asia","South China Sea",,,"18.4798","116.8015","Neogene","Miocene","11.63","8.48","5.33","zircon","LA_ICP_MS","Wuhan","State Key Laboratory of Geological Processes and Mineral Resources, China University of Geosciences","Agilent 7500a","detrital","siliciclastic","siltstone, sandstone","18","8",,"32","0.074299","0.000936","0.563405","0.032596","0.054694","0.003074","462","6","454","21","400","118","462","6","1.731602",,,,,"LA_ICP_MS","siliciclastic","18","8","U1431E","Upper Miocene",,,,,,,,,,,,,,,,,
"Cao, L et al.","2021","Geological Society of America Bulletin","133","0","Fingerprinting sand from Asian rivers to the deep central South China Sea since the Late Miocene","10.1130/b35845.1","JT9","China","Eastern Asia","Asia","South China Sea",,,"18.4798","116.8015","Neogene","Miocene","11.63","8.48","5.33","zircon","LA_ICP_MS","Wuhan","State Key Laboratory of Geological Processes and Mineral Resources, China University of Geosciences","Agilent 7500a","detrital","siliciclastic","siltstone, sandstone","18","9",,"32","0.066356","0.000915","0.504004","0.023121","0.054592","0.002326","414","6","414","16","396","91","414","6","0",,,,,"LA_ICP_MS","siliciclastic","18","9","U1431E","Upper Miocene",,,,,,,,,,,,,,,,,
"Cao, L et al.","2021","Geological Society of America Bulletin","133","0","Fingerprinting sand from Asian rivers to the deep central South China Sea since the Late Miocene","10.1130/b35845.1","JT9","China","Eastern Asia","Asia","South China Sea",,,"18.4798","116.8015","Neogene","Miocene","11.63","8.48","5.33","zircon","LA_ICP_MS","Wuhan","State Key Laboratory of Geological Processes and Mineral Resources, China University of Geosciences","Agilent 7500a","detrital","siliciclastic","siltstone, sandstone","18","10",,"32","0.07396","0.000613","0.560698","0.01634","0.054774","0.001642","460","4","452","11","403","58","460","4","1.73913",,,,,"LA_ICP_MS","siliciclastic","18","10","U1431E","Upper Miocene",,,,,,,,,,,,,,,,,
"Cao, L et al.","2021","Geological Society of America Bulletin","133","0","Fingerprinting sand from Asian rivers to the deep central South China Sea since the Late Miocene","10.1130/b35845.1","JT9","China","Eastern Asia","Asia","South China Sea",,,"18.4798","116.8015","Neogene","Miocene","11.63","8.48","5.33","zircon","LA_ICP_MS","Wuhan","State Key Laboratory of Geological Processes and Mineral Resources, China University of Geosciences","Agilent 7500a","detrital","siliciclastic","siltstone, sandstone","18","11",,"32","0.109246","0.001217","0.979542","0.031114","0.064577","0.001986","668","7","693","16","761","58","668","7","3.742515",,,,,"LA_ICP_MS","siliciclastic","18","11","U1431E","Upper Miocene",,,,,,,,,,,,,,,,,
"Cao, L et al.","2021","Geological Society of America Bulletin","133","0","Fingerprinting sand from Asian rivers to the deep central South China Sea since the Late Miocene","10.1130/b35845.1","JT9","China","Eastern Asia","Asia","South China Sea",,,"18.4798","116.8015","Neogene","Miocene","11.63","8.48","5.33","zircon","LA_ICP_MS","Wuhan","State Key Laboratory of Geological Processes and Mineral Resources, China University of Geosciences","Agilent 7500a","detrital","siliciclastic","siltstone, sandstone","18","12",,"32","0.073339","0.000518","0.551632","0.014954","0.0542","0.001532","456","3","446","10","379","55","456","3","2.192982",,,,,"LA_ICP_MS","siliciclastic","18","12","U1431E","Upper Miocene",,,,,,,,,,,,,,,,,
"Cao, L et al.","2021","Geological Society of America Bulletin","133","0","Fingerprinting sand from Asian rivers to the deep central South China Sea since the Late Miocene","10.1130/b35845.1","JT9","China","Eastern Asia","Asia","South China Sea",,,"18.4798","116.8015","Neogene","Miocene","11.63","8.48","5.33","zircon","LA_ICP_MS","Wuhan","State Key Laboratory of Geological Processes and Mineral Resources, China University of Geosciences","Agilent 7500a","detrital","siliciclastic","siltstone, sandstone","18","14",,"32","0.380496","0.005087","6.4323","0.193484","0.121868","0.003586","2079","24","2037","26","1984","45","1984","45","4.788306",,,,,"LA_ICP_MS","siliciclastic","18","14","U1431E","Upper Miocene",,,,,,,,,,,,,,,,,
"Cao, L et al.","2021","Geological Society of America Bulletin","133","0","Fingerprinting sand from Asian rivers to the deep central South China Sea since the Late Miocene","10.1130/b35845.1","JT9","China","Eastern Asia","Asia","South China Sea",,,"18.4798","116.8015","Neogene","Miocene","11.63","8.48","5.33","zircon","LA_ICP_MS","Wuhan","State Key Laboratory of Geological Processes and Mineral Resources, China University of Geosciences","Agilent 7500a","detrital","siliciclastic","siltstone, sandstone","18","15",,"32","0.498811","0.005562","10.770829","0.32924","0.155896","0.004998","2609","24","2504","28","2412","45","2412","45","8.167496",,,,,"LA_ICP_MS","siliciclastic","18","15","U1431E","Upper Miocene",,,,,,,,,,,,,,,,,
"Cao, L et al.","2021","Geological Society of America Bulletin","133","0","Fingerprinting sand from Asian rivers to the deep central South China Sea since the Late Miocene","10.1130/b35845.1","JT9","China","Eastern Asia","Asia","South China Sea",,,"18.4798","116.8015","Neogene","Miocene","11.63","8.48","5.33","zircon","LA_ICP_MS","Wuhan","State Key Laboratory of Geological Processes and Mineral Resources, China University of Geosciences","Agilent 7500a","detrital","siliciclastic","siltstone, sandstone","18","16",,"32","0.325702","0.003524","5.498339","0.141913","0.121583","0.003388","1818","17","1900","22","1980","39","1980","39","8.181818",,,,,"LA_ICP_MS","siliciclastic","18","16","U1431E","Upper Miocene",,,,,,,,,,,,,,,,,
"Cao, L et al.","2021","Geological Society of America Bulletin","133","0","Fingerprinting sand from Asian rivers to the deep central South China Sea since the Late Miocene","10.1130/b35845.1","JT9","China","Eastern Asia","Asia","South China Sea",,,"18.4798","116.8015","Neogene","Miocene","11.63","8.48","5.33","zircon","LA_ICP_MS","Wuhan","State Key Laboratory of Geological Processes and Mineral Resources, China University of Geosciences","Agilent 7500a","detrital","siliciclastic","siltstone, sandstone","18","17",,"32","0.047404","0.000443","0.333729","0.011937","0.050872","0.001871","299","3","292","9","235","74","299","3","2.341137",,,,,"LA_ICP_MS","siliciclastic","18","17","U1431E","Upper Miocene",,,,,,,,,,,,,,,,,
"Cao, L et al.","2021","Geological Society of America Bulletin","133","0","Fingerprinting sand from Asian rivers to the deep central South China Sea since the Late Miocene","10.1130/b35845.1","JT9","China","Eastern Asia","Asia","South China Sea",,,"18.4798","116.8015","Neogene","Miocene","11.63","8.48","5.33","zircon","LA_ICP_MS","Wuhan","State Key Laboratory of Geological Processes and Mineral Resources, China University of Geosciences","Agilent 7500a","detrital","siliciclastic","siltstone, sandstone","18","18",,"32","0.05249","0.000796","0.400583","0.0289","0.055479","0.004117","330","5","342","21","432","147","330","5","3.636364",,,,,"LA_ICP_MS","siliciclastic","18","18","U1431E","Upper Miocene",,,,,,,,,,,,,,,,,
"Cao, L et al.","2021","Geological Society of America Bulletin","133","0","Fingerprinting sand from Asian rivers to the deep central South China Sea since the Late Miocene","10.1130/b35845.1","JT9","China","Eastern Asia","Asia","South China Sea",,,"18.4798","116.8015","Neogene","Miocene","11.63","8.48","5.33","zircon","LA_ICP_MS","Wuhan","State Key Laboratory of Geological Processes and Mineral Resources, China University of Geosciences","Agilent 7500a","detrital","siliciclastic","siltstone, sandstone","18","19",,"32","0.133238","0.001673","1.201265","0.048809","0.064577","0.002501","806","10","801","23","761","76","806","10","0.620347",,,,,"LA_ICP_MS","siliciclastic","18","19","U1431E","Upper Miocene",,,,,,,,,,,,,,,,,
"Cao, L et al.","2021","Geological Society of America Bulletin","133","0","Fingerprinting sand from Asian rivers to the deep central South China Sea since the Late Miocene","10.1130/b35845.1","JT9","China","Eastern Asia","Asia","South China Sea",,,"18.4798","116.8015","Neogene","Miocene","11.63","8.48","5.33","zircon","LA_ICP_MS","Wuhan","State Key Laboratory of Geological Processes and Mineral Resources, China University of Geosciences","Agilent 7500a","detrital","siliciclastic","siltstone, sandstone","18","20",,"32","0.327303","0.005559","5.064808","0.237777","0.11293","0.005599","1825","27","1830","40","1847","74","1847","74","1.191121",,,,,"LA_ICP_MS","siliciclastic","18","20","U1431E","Upper Miocene",,,,,,,,,,,,,,,,,
"Cao, L et al.","2021","Geological Society of America Bulletin","133","0","Fingerprinting sand from Asian rivers to the deep central South China Sea since the Late Miocene","10.1130/b35845.1","JT12","China","Eastern Asia","Asia","South China Sea",,,"18.1904","115.9553","Neogene","Miocene","11.63","8.48","5.33","zircon","LA_ICP_MS","Wuhan","State Key Laboratory of Geological Processes and Mineral Resources, China University of Geosciences","Agilent 7500a","detrital","siliciclastic","siltstone, sandstone","70","1",,"32","0.038436","0.0004","0.248086","0.009783","0.046759","0.001872","243","2","225","8","37","74","243","2","7.407407",,,,,"LA_ICP_MS","siliciclastic","70","1","U1432C","Upper Miocene",,,,,,,,,,,,,,,,,
"Cao, L et al.","2021","Geological Society of America Bulletin","133","0","Fingerprinting sand from Asian rivers to the deep central South China Sea since the Late Miocene","10.1130/b35845.1","JT12","China","Eastern Asia","Asia","South China Sea",,,"18.1904","115.9553","Neogene","Miocene","11.63","8.48","5.33","zircon","LA_ICP_MS","Wuhan","State Key Laboratory of Geological Processes and Mineral Resources, China University of Geosciences","Agilent 7500a","detrital","siliciclastic","siltstone, sandstone","70","2",,"32","0.071899","0.000948","0.526056","0.024315","0.053229","0.002555","448","6","429","16","339","94","448","6","4.241071",,,,,"LA_ICP_MS","siliciclastic","70","2","U1432C","Upper Miocene",,,,,,,,,,,,,,,,,
"Cao, L et al.","2021","Geological Society of America Bulletin","133","0","Fingerprinting sand from Asian rivers to the deep central South China Sea since the Late Miocene","10.1130/b35845.1","JT12","China","Eastern Asia","Asia","South China Sea",,,"18.1904","115.9553","Neogene","Miocene","11.63","8.48","5.33","zircon","LA_ICP_MS","Wuhan","State Key Laboratory of Geological Processes and Mineral Resources, China University of Geosciences","Agilent 7500a","detrital","siliciclastic","siltstone, sandstone","70","3",,"32","0.088667","0.001245","0.655181","0.038014","0.053586","0.003133","548","7","512","23","354","119","548","7","6.569343",,,,,"LA_ICP_MS","siliciclastic","70","3","U1432C","Upper Miocene",,,,,,,,,,,,,,,,,
"Cao, L et al.","2021","Geological Society of America Bulletin","133","0","Fingerprinting sand from Asian rivers to the deep central South China Sea since the Late Miocene","10.1130/b35845.1","JT12","China","Eastern Asia","Asia","South China Sea",,,"18.1904","115.9553","Neogene","Miocene","11.63","8.48","5.33","zircon","LA_ICP_MS","Wuhan","State Key Laboratory of Geological Processes and Mineral Resources, China University of Geosciences","Agilent 7500a","detrital","siliciclastic","siltstone, sandstone","70","4",,"32","0.148923","0.001496","1.429701","0.044808","0.069271","0.002229","895","8","901","19","907","57","895","8","0.670391",,,,,"LA_ICP_MS","siliciclastic","70","4","U1432C","Upper Miocene",,,,,,,,,,,,,,,,,
"Cao, L et al.","2021","Geological Society of America Bulletin","133","0","Fingerprinting sand from Asian rivers to the deep central South China Sea since the Late Miocene","10.1130/b35845.1","JT12","China","Eastern Asia","Asia","South China Sea",,,"18.1904","115.9553","Neogene","Miocene","11.63","8.48","5.33","zircon","LA_ICP_MS","Wuhan","State Key Laboratory of Geological Processes and Mineral Resources, China University of Geosciences","Agilent 7500a","detrital","siliciclastic","siltstone, sandstone","70","5",,"32","0.023163","0.000233","0.158392","0.008384","0.049176","0.002601","148","1","149","7","156","109","148","1","0.675676",,,,,"LA_ICP_MS","siliciclastic","70","5","U1432C","Upper Miocene",,,,,,,,,,,,,,,,,
"Cao, L et al.","2021","Geological Society of America Bulletin","133","0","Fingerprinting sand from Asian rivers to the deep central South China Sea since the Late Miocene","10.1130/b35845.1","JT12","China","Eastern Asia","Asia","South China Sea",,,"18.1904","115.9553","Neogene","Miocene","11.63","8.48","5.33","zircon","LA_ICP_MS","Wuhan","State Key Laboratory of Geological Processes and Mineral Resources, China University of Geosciences","Agilent 7500a","detrital","siliciclastic","siltstone, sandstone","70","6",,"32","0.015424","0.000372","0.103807","0.018343","0.060945","0.011835","99","2","100","17","637","352","99","2","1.010101",,,,,"LA_ICP_MS","siliciclastic","70","6","U1432C","Upper Miocene",,,,,,,,,,,,,,,,,
"Cao, L et al.","2021","Geological Society of America Bulletin","133","0","Fingerprinting sand from Asian rivers to the deep central South China Sea since the Late Miocene","10.1130/b35845.1","JT12","China","Eastern Asia","Asia","South China Sea",,,"18.1904","115.9553","Neogene","Miocene","11.63","8.48","5.33","zircon","LA_ICP_MS","Wuhan","State Key Laboratory of Geological Processes and Mineral Resources, China University of Geosciences","Agilent 7500a","detrital","siliciclastic","siltstone, sandstone","70","7",,"32","0.026868","0.000448","0.20001","0.013382","0.054154","0.003739","171","3","185","11","377","136","171","3","8.187135",,,,,"LA_ICP_MS","siliciclastic","70","7","U1432C","Upper Miocene",,,,,,,,,,,,,,,,,
"Cao, L et al.","2021","Geological Society of America Bulletin","133","0","Fingerprinting sand from Asian rivers to the deep central South China Sea since the Late Miocene","10.1130/b35845.1","JT12","China","Eastern Asia","Asia","South China Sea",,,"18.1904","115.9553","Neogene","Miocene","11.63","8.48","5.33","zircon","LA_ICP_MS","Wuhan","State Key Laboratory of Geological Processes and Mineral Resources, China University of Geosciences","Agilent 7500a","detrital","siliciclastic","siltstone, sandstone","70","8",,"32","0.074575","0.001342","0.523753","0.046919","0.051152","0.004735","464","8","428","31","248","183","464","8","7.758621",,,,,"LA_ICP_MS","siliciclastic","70","8","U1432C","Upper Miocene",,,,,,,,,,,,,,,,,
"Cao, L et al.","2021","Geological Society of America Bulletin","133","0","Fingerprinting sand from Asian rivers to the deep central South China Sea since the Late Miocene","10.1130/b35845.1","JT12","China","Eastern Asia","Asia","South China Sea",,,"18.1904","115.9553","Neogene","Miocene","11.63","8.48","5.33","zircon","LA_ICP_MS","Wuhan","State Key Laboratory of Geological Processes and Mineral Resources, China University of Geosciences","Agilent 7500a","detrital","siliciclastic","siltstone, sandstone","70","9",,"32","0.023191","0.000292","0.158959","0.007752","0.049368","0.002393","148","2","150","7","165","101","148","2","1.351351",,,,,"LA_ICP_MS","siliciclastic","70","9","U1432C","Upper Miocene",,,,,,,,,,,,,,,,,
"Cao, L et al.","2021","Geological Society of America Bulletin","133","0","Fingerprinting sand from Asian rivers to the deep central South China Sea since the Late Miocene","10.1130/b35845.1","JT12","China","Eastern Asia","Asia","South China Sea",,,"18.1904","115.9553","Neogene","Miocene","11.63","8.48","5.33","zircon","LA_ICP_MS","Wuhan","State Key Laboratory of Geological Processes and Mineral Resources, China University of Geosciences","Agilent 7500a","detrital","siliciclastic","siltstone, sandstone","70","12",,"32","0.018425","0.000327","0.119233","0.010821","0.046949","0.00431","118","2","114","10","47","176","118","2","3.389831",,,,,"LA_ICP_MS","siliciclastic","70","12","U1432C","Upper Miocene",,,,,,,,,,,,,,,,,
"Cao, L et al.","2021","Geological Society of America Bulletin","133","0","Fingerprinting sand from Asian rivers to the deep central South China Sea since the Late Miocene","10.1130/b35845.1","JT12","China","Eastern Asia","Asia","South China Sea",,,"18.1904","115.9553","Neogene","Miocene","11.63","8.48","5.33","zircon","LA_ICP_MS","Wuhan","State Key Laboratory of Geological Processes and Mineral Resources, China University of Geosciences","Agilent 7500a","detrital","siliciclastic","siltstone, sandstone","70","13",,"32","0.022539","0.000357","0.15906","0.011198","0.051314","0.003769","144","2","150","10","255","145","144","2","4.166667",,,,,"LA_ICP_MS","siliciclastic","70","13","U1432C","Upper Miocene",,,,,,,,,,,,,,,,,
"Cao, L et al.","2021","Geological Society of America Bulletin","133","0","Fingerprinting sand from Asian rivers to the deep central South China Sea since the Late Miocene","10.1130/b35845.1","JT12","China","Eastern Asia","Asia","South China Sea",,,"18.1904","115.9553","Neogene","Miocene","11.63","8.48","5.33","zircon","LA_ICP_MS","Wuhan","State Key Laboratory of Geological Processes and Mineral Resources, China University of Geosciences","Agilent 7500a","detrital","siliciclastic","siltstone, sandstone","70","14",,"32","0.514003","0.00451","11.755685","0.279876","0.164985","0.003897","2674","19","2585","22","2507","35","2507","35","6.661348",,,,,"LA_ICP_MS","siliciclastic","70","14","U1432C","Upper Miocene",,,,,,,,,,,,,,,,,
"Cao, L et al.","2021","Geological Society of America Bulletin","133","0","Fingerprinting sand from Asian rivers to the deep central South China Sea since the Late Miocene","10.1130/b35845.1","JT12","China","Eastern Asia","Asia","South China Sea",,,"18.1904","115.9553","Neogene","Miocene","11.63","8.48","5.33","zircon","LA_ICP_MS","Wuhan","State Key Laboratory of Geological Processes and Mineral Resources, China University of Geosciences","Agilent 7500a","detrital","siliciclastic","siltstone, sandstone","70","15",,"32","0.039331","0.000481","0.29656","0.011483","0.0546","0.002157","249","3","264","9","396","77","249","3","6.024096",,,,,"LA_ICP_MS","siliciclastic","70","15","U1432C","Upper Miocene",,,,,,,,,,,,,,,,,
"Cao, L et al.","2021","Geological Society of America Bulletin","133","0","Fingerprinting sand from Asian rivers to the deep central South China Sea since the Late Miocene","10.1130/b35845.1","JT12","China","Eastern Asia","Asia","South China Sea",,,"18.1904","115.9553","Neogene","Miocene","11.63","8.48","5.33","zircon","LA_ICP_MS","Wuhan","State Key Laboratory of Geological Processes and Mineral Resources, China University of Geosciences","Agilent 7500a","detrital","siliciclastic","siltstone, sandstone","70","16",,"32","0.023193","0.000394","0.166877","0.009184","0.052131","0.002915","148","2","157","8","291","111","148","2","6.081081",,,,,"LA_ICP_MS","siliciclastic","70","16","U1432C","Upper Miocene",,,,,,,,,,,,,,,,,
"Cao, L et al.","2021","Geological Society of America Bulletin","133","0","Fingerprinting sand from Asian rivers to the deep central South China Sea since the Late Miocene","10.1130/b35845.1","JT12","China","Eastern Asia","Asia","South China Sea",,,"18.1904","115.9553","Neogene","Miocene","11.63","8.48","5.33","zircon","LA_ICP_MS","Wuhan","State Key Laboratory of Geological Processes and Mineral Resources, China University of Geosciences","Agilent 7500a","detrital","siliciclastic","siltstone, sandstone","70","17",,"32","0.073383","0.000735","0.606024","0.01968","0.059499","0.001932","457","4","481","12","585","62","457","4","5.251641",,,,,"LA_ICP_MS","siliciclastic","70","17","U1432C","Upper Miocene",,,,,,,,,,,,,,,,,
"Cao, L et al.","2021","Geological Society of America Bulletin","133","0","Fingerprinting sand from Asian rivers to the deep central South China Sea since the Late Miocene","10.1130/b35845.1","JT12","China","Eastern Asia","Asia","South China Sea",,,"18.1904","115.9553","Neogene","Miocene","11.63","8.48","5.33","zircon","LA_ICP_MS","Wuhan","State Key Laboratory of Geological Processes and Mineral Resources, China University of Geosciences","Agilent 7500a","detrital","siliciclastic","siltstone, sandstone","70","18",,"32","0.077776","0.001204","0.598407","0.035472","0.056031","0.003453","483","7","476","23","454","119","483","7","1.449275",,,,,"LA_ICP_MS","siliciclastic","70","18","U1432C","Upper Miocene",,,,,,,,,,,,,,,,,
"Cao, L et al.","2021","Geological Society of America Bulletin","133","0","Fingerprinting sand from Asian rivers to the deep central South China Sea since the Late Miocene","10.1130/b35845.1","JT12","China","Eastern Asia","Asia","South China Sea",,,"18.1904","115.9553","Neogene","Miocene","11.63","8.48","5.33","zircon","LA_ICP_MS","Wuhan","State Key Laboratory of Geological Processes and Mineral Resources, China University of Geosciences","Agilent 7500a","detrital","siliciclastic","siltstone, sandstone","70","19",,"32","0.022476","0.000403","0.15105","0.010653","0.049076","0.003727","143","3","143","9","151","141","143","3","0",,,,,"LA_ICP_MS","siliciclastic","70","19","U1432C","Upper Miocene",,,,,,,,,,,,,,,,,
"Cao, L et al.","2021","Geological Society of America Bulletin","133","0","Fingerprinting sand from Asian rivers to the deep central South China Sea since the Late Miocene","10.1130/b35845.1","JT12","China","Eastern Asia","Asia","South China Sea",,,"18.1904","115.9553","Neogene","Miocene","11.63","8.48","5.33","zircon","LA_ICP_MS","Wuhan","State Key Laboratory of Geological Processes and Mineral Resources, China University of Geosciences","Agilent 7500a","detrital","siliciclastic","siltstone, sandstone","70","21",,"32","0.401834","0.003315","7.601856","0.149299","0.135929","0.002723","2177","15","2185","18","2176","29","2176","29","0.045956",,,,,"LA_ICP_MS","siliciclastic","70","21","U1432C","Upper Miocene",,,,,,,,,,,,,,,,,
"Cao, L et al.","2021","Geological Society of America Bulletin","133","0","Fingerprinting sand from Asian rivers to the deep central South China Sea since the Late Miocene","10.1130/b35845.1","JT12","China","Eastern Asia","Asia","South China Sea",,,"18.1904","115.9553","Neogene","Miocene","11.63","8.48","5.33","zircon","LA_ICP_MS","Wuhan","State Key Laboratory of Geological Processes and Mineral Resources, China University of Geosciences","Agilent 7500a","detrital","siliciclastic","siltstone, sandstone","70","22",,"32","0.167545","0.001409","1.594299","0.046192","0.068245","0.001971","999","8","968","18","876","53","999","8","3.103103",,,,,"LA_ICP_MS","siliciclastic","70","22","U1432C","Upper Miocene",,,,,,,,,,,,,,,,,
"Cao, L et al.","2021","Geological Society of America Bulletin","133","0","Fingerprinting sand from Asian rivers to the deep central South China Sea since the Late Miocene","10.1130/b35845.1","JT12","China","Eastern Asia","Asia","South China Sea",,,"18.1904","115.9553","Neogene","Miocene","11.63","8.48","5.33","zircon","LA_ICP_MS","Wuhan","State Key Laboratory of Geological Processes and Mineral Resources, China University of Geosciences","Agilent 7500a","detrital","siliciclastic","siltstone, sandstone","70","24",,"32","0.277282","0.002257","3.87449","0.088733","0.100194","0.002382","1578","11","1608","18","1628","37","1628","37","3.071253",,,,,"LA_ICP_MS","siliciclastic","70","24","U1432C","Upper Miocene",,,,,,,,,,,,,,,,,
"Cao, L et al.","2021","Geological Society of America Bulletin","133","0","Fingerprinting sand from Asian rivers to the deep central South China Sea since the Late Miocene","10.1130/b35845.1","JT12","China","Eastern Asia","Asia","South China Sea",,,"18.1904","115.9553","Neogene","Miocene","11.63","8.48","5.33","zircon","LA_ICP_MS","Wuhan","State Key Laboratory of Geological Processes and Mineral Resources, China University of Geosciences","Agilent 7500a","detrital","siliciclastic","siltstone, sandstone","70","25",,"32","0.08688","0.000875","0.71448","0.025841","0.059162","0.002268","537","5","547","15","573","70","537","5","1.862197",,,,,"LA_ICP_MS","siliciclastic","70","25","U1432C","Upper Miocene",,,,,,,,,,,,,,,,,
"Cao, L et al.","2021","Geological Society of America Bulletin","133","0","Fingerprinting sand from Asian rivers to the deep central South China Sea since the Late Miocene","10.1130/b35845.1","JT12","China","Eastern Asia","Asia","South China Sea",,,"18.1904","115.9553","Neogene","Miocene","11.63","8.48","5.33","zircon","LA_ICP_MS","Wuhan","State Key Laboratory of Geological Processes and Mineral Resources, China University of Geosciences","Agilent 7500a","detrital","siliciclastic","siltstone, sandstone","70","27",,"32","0.120491","0.001583","1.02322","0.041983","0.061146","0.002536","733","9","716","21","644","81","733","9","2.319236",,,,,"LA_ICP_MS","siliciclastic","70","27","U1432C","Upper Miocene",,,,,,,,,,,,,,,,,
"Cao, L et al.","2021","Geological Society of America Bulletin","133","0","Fingerprinting sand from Asian rivers to the deep central South China Sea since the Late Miocene","10.1130/b35845.1","JT12","China","Eastern Asia","Asia","South China Sea",,,"18.1904","115.9553","Neogene","Miocene","11.63","8.48","5.33","zircon","LA_ICP_MS","Wuhan","State Key Laboratory of Geological Processes and Mineral Resources, China University of Geosciences","Agilent 7500a","detrital","siliciclastic","siltstone, sandstone","70","28",,"32","0.023304","0.000498","0.151445","0.015157","0.047494","0.005193","149","3","143","13","74","199","149","3","4.026846",,,,,"LA_ICP_MS","siliciclastic","70","28","U1432C","Upper Miocene",,,,,,,,,,,,,,,,,
"Cao, L et al.","2021","Geological Society of America Bulletin","133","0","Fingerprinting sand from Asian rivers to the deep central South China Sea since the Late Miocene","10.1130/b35845.1","JT12","China","Eastern Asia","Asia","South China Sea",,,"18.1904","115.9553","Neogene","Miocene","11.63","8.48","5.33","zircon","LA_ICP_MS","Wuhan","State Key Laboratory of Geological Processes and Mineral Resources, China University of Geosciences","Agilent 7500a","detrital","siliciclastic","siltstone, sandstone","70","29",,"32","0.074881","0.00089","0.582859","0.027439","0.055901","0.002582","465","5","466","18","448","98","465","5","0.215054",,,,,"LA_ICP_MS","siliciclastic","70","29","U1432C","Upper Miocene",,,,,,,,,,,,,,,,,
"Cao, L et al.","2021","Geological Society of America Bulletin","133","0","Fingerprinting sand from Asian rivers to the deep central South China Sea since the Late Miocene","10.1130/b35845.1","JT12","China","Eastern Asia","Asia","South China Sea",,,"18.1904","115.9553","Neogene","Miocene","11.63","8.48","5.33","zircon","LA_ICP_MS","Wuhan","State Key Laboratory of Geological Processes and Mineral Resources, China University of Geosciences","Agilent 7500a","detrital","siliciclastic","siltstone, sandstone","70","31",,"32","0.069266","0.000692","0.525543","0.017318","0.054584","0.001818","432","4","429","12","395","68","432","4","0.694444",,,,,"LA_ICP_MS","siliciclastic","70","31","U1432C","Upper Miocene",,,,,,,,,,,,,,,,,
"Cao, L et al.","2021","Geological Society of America Bulletin","133","0","Fingerprinting sand from Asian rivers to the deep central South China Sea since the Late Miocene","10.1130/b35845.1","JT12","China","Eastern Asia","Asia","South China Sea",,,"18.1904","115.9553","Neogene","Miocene","11.63","8.48","5.33","zircon","LA_ICP_MS","Wuhan","State Key Laboratory of Geological Processes and Mineral Resources, China University of Geosciences","Agilent 7500a","detrital","siliciclastic","siltstone, sandstone","70","33",,"32","0.025401","0.000368","0.168993","0.007789","0.048058","0.002192","162","2","159","7","102","94","162","2","1.851852",,,,,"LA_ICP_MS","siliciclastic","70","33","U1432C","Upper Miocene",,,,,,,,,,,,,,,,,
"Cao, L et al.","2021","Geological Society of America Bulletin","133","0","Fingerprinting sand from Asian rivers to the deep central South China Sea since the Late Miocene","10.1130/b35845.1","JT12","China","Eastern Asia","Asia","South China Sea",,,"18.1904","115.9553","Neogene","Miocene","11.63","8.48","5.33","zircon","LA_ICP_MS","Wuhan","State Key Laboratory of Geological Processes and Mineral Resources, China University of Geosciences","Agilent 7500a","detrital","siliciclastic","siltstone, sandstone","70","34",,"32","0.173064","0.002166","1.650647","0.073674","0.068925","0.003075","1029","12","990","28","896","86","1029","12","3.790087",,,,,"LA_ICP_MS","siliciclastic","70","34","U1432C","Upper Miocene",,,,,,,,,,,,,,,,,
"Cao, L et al.","2021","Geological Society of America Bulletin","133","0","Fingerprinting sand from Asian rivers to the deep central South China Sea since the Late Miocene","10.1130/b35845.1","JT12","China","Eastern Asia","Asia","South China Sea",,,"18.1904","115.9553","Neogene","Miocene","11.63","8.48","5.33","zircon","LA_ICP_MS","Wuhan","State Key Laboratory of Geological Processes and Mineral Resources, China University of Geosciences","Agilent 7500a","detrital","siliciclastic","siltstone, sandstone","70","37",,"32","0.015701","0.000448","0.099119","0.017742","0.047933","0.009305","100","3","96","16","96","311","100","3","4",,,,,"LA_ICP_MS","siliciclastic","70","37","U1432C","Upper Miocene",,,,,,,,,,,,,,,,,
"Cao, L et al.","2021","Geological Society of America Bulletin","133","0","Fingerprinting sand from Asian rivers to the deep central South China Sea since the Late Miocene","10.1130/b35845.1","JT12","China","Eastern Asia","Asia","South China Sea",,,"18.1904","115.9553","Neogene","Miocene","11.63","8.48","5.33","zircon","LA_ICP_MS","Wuhan","State Key Laboratory of Geological Processes and Mineral Resources, China University of Geosciences","Agilent 7500a","detrital","siliciclastic","siltstone, sandstone","70","38",,"32","0.128366","0.001793","1.098002","0.050748","0.061934","0.002815","779","10","752","25","672","91","779","10","3.465982",,,,,"LA_ICP_MS","siliciclastic","70","38","U1432C","Upper Miocene",,,,,,,,,,,,,,,,,
"Cao, L et al.","2021","Geological Society of America Bulletin","133","0","Fingerprinting sand from Asian rivers to the deep central South China Sea since the Late Miocene","10.1130/b35845.1","JT12","China","Eastern Asia","Asia","South China Sea",,,"18.1904","115.9553","Neogene","Miocene","11.63","8.48","5.33","zircon","LA_ICP_MS","Wuhan","State Key Laboratory of Geological Processes and Mineral Resources, China University of Geosciences","Agilent 7500a","detrital","siliciclastic","siltstone, sandstone","70","39",,"32","0.016004","0.000171","0.103182","0.003848","0.046995","0.001826","102","1","100","4","49","72","102","1","1.960784",,,,,"LA_ICP_MS","siliciclastic","70","39","U1432C","Upper Miocene",,,,,,,,,,,,,,,,,
"Cao, L et al.","2021","Geological Society of America Bulletin","133","0","Fingerprinting sand from Asian rivers to the deep central South China Sea since the Late Miocene","10.1130/b35845.1","JT12","China","Eastern Asia","Asia","South China Sea",,,"18.1904","115.9553","Neogene","Miocene","11.63","8.48","5.33","zircon","LA_ICP_MS","Wuhan","State Key Laboratory of Geological Processes and Mineral Resources, China University of Geosciences","Agilent 7500a","detrital","siliciclastic","siltstone, sandstone","70","40",,"32","0.025489","0.000566","0.16325","0.017649","0.047906","0.005593","162","4","154","15","95","212","162","4","4.938272",,,,,"LA_ICP_MS","siliciclastic","70","40","U1432C","Upper Miocene",,,,,,,,,,,,,,,,,
